Weather,Soil_Moisture,Temperature,Humidity,Crop_Stage,Water_Needed
Sunny,24.025696632020413,19.503937686995066,86.13409024596601,Late,12.127635683791981
Sunny,31.542783084507573,36.57944643730228,45.68332084806153,Mid,20.704977696627367
Sunny,30.006484825526577,27.661260469429614,54.8117099390156,Mid,18.700523417544336
Sunny,31.321159126567643,33.485234960303885,82.67541673399964,Mid,20.74981643870073
Rainy,56.76427887801029,39.76997437596809,77.17056629545489,Late,0.0
Sunny,76.78794911183768,26.027381137570814,81.44925343342412,Initial,1.080440696112888
Sunny,33.06174051702783,21.289853224214866,78.01540075826705,Initial,8.280046454440836
Sunny,38.53530082610878,38.413430608677274,44.103660300602485,Mid,17.374072696746744
Sunny,63.98028888760278,19.363649498829012,63.52770692583613,Mid,2.087873330662426
Sunny,40.26365609313801,32.04985339961025,53.115043101715315,Initial,9.310429908405638
Sunny,74.82299375482332,39.927838777096596,57.582658106902116,Mid,0.8184087934315182
Rainy,45.22526355216516,33.20871121145325,39.23737812741784,Initial,0.734407754860752
Sunny,34.34143990345308,20.28338930715041,48.94605355351023,Late,9.08797293750292
Sunny,78.01007386139888,19.11166669760729,81.45882728533121,Mid,0.56824371113879
Rainy,39.80473132449259,21.812249339715958,83.85350459316984,Mid,0.9228434805940829
Rainy,26.18224098316298,25.567984487127617,66.60918503394831,Initial,2.5053635743498246
Cloudy,22.439057035267304,19.297293859947384,59.896035420045166,Initial,6.463502905236462
Rainy,79.6626928079828,36.540979793915575,72.77038128895802,Late,1.683817763331205
Rainy,62.70913851901944,24.639954250439995,66.53119501333214,Mid,0.42749254806334475
Sunny,38.60618582186265,40.274341869643614,89.02050038086881,Initial,8.79936558828124
Cloudy,67.8454339996533,37.74725332895375,41.405327529852194,Late,3.818176632189573
Sunny,48.276429066013954,39.538093095645536,56.9426835747889,Initial,5.2826311263299495
Cloudy,32.21727015432907,22.95130330509558,85.09443013713322,Initial,3.6137605793371366
Sunny,62.03700661151716,30.490751683199136,84.88422359451145,Late,0.576499110528998
Rainy,62.21263172182063,23.67913698714365,59.72081079367041,Late,2.9021460070713005
Rainy,45.011846042889445,21.937609812682886,38.08854012008289,Late,2.626655106194182
Cloudy,13.161083824884745,31.39134309246887,78.89747804957415,Late,12.50701402409015
Sunny,15.391574060156733,37.085875276194116,65.10991119020085,Late,20.776613555591673
Sunny,65.212463530089,17.527140765419666,76.3899609514354,Late,1.4725229220235114
Rainy,67.64334631917492,22.44575655688393,57.751417884635416,Mid,0.0
Rainy,57.48028240040276,20.538622883925434,42.233035316209595,Late,1.7031692745562017
Cloudy,68.73480027923782,36.55545467521374,31.43936444877125,Mid,1.7784510324642173
Rainy,60.364122925032845,40.201045973489926,63.548296130385125,Initial,0.0
Cloudy,72.78542343562412,17.158453174950694,39.662770732895375,Initial,0.32568309383772637
Cloudy,20.527879082929623,25.238762197095507,41.22823251586929,Late,9.51319851399948
Cloudy,37.14190698288114,39.69174415340373,56.17833785742986,Initial,6.347981404435631
Cloudy,42.487755572357344,24.305231954750056,56.52462440633387,Late,4.553107638390389
Rainy,30.83646563307495,34.24185878046998,46.46322541234232,Late,0.882014270931054
Cloudy,60.775651370461084,17.71799243602226,37.91533250540811,Mid,1.7529897413622266
Rainy,73.87071688823981,26.99846335352784,86.69716510934026,Initial,1.0642412951735265
Cloudy,38.87375394884934,28.58912094097397,37.8984369526956,Late,6.406181620966152
Rainy,75.90793752185766,35.456930105596626,51.04635507606777,Initial,0.0
Cloudy,46.17382350008397,22.798265565655306,48.29207955644677,Mid,6.563847156740391
Rainy,46.576093877123576,22.133091458864232,81.98027381751311,Initial,0.2372294846333061
Sunny,52.01536784744295,23.180127095287446,54.60374690871423,Mid,7.615131782076813
Cloudy,28.783174558352776,30.003805737431,37.44260995406186,Mid,13.79377897721063
Cloudy,36.83523633945259,38.65211916354827,30.615661704269723,Mid,11.937045274460175
Sunny,48.72662170198463,37.43541770445528,73.31697620847149,Late,7.398194257360449
Sunny,75.93880199012833,16.564532723097052,72.870065554071,Late,0.0
Cloudy,54.98848049186529,38.731788004884635,55.06702027879366,Initial,2.9435418195700818
Rainy,33.318159052209666,17.567953103896578,37.57848001873941,Late,1.9145551200114341
Cloudy,10.732800132155184,26.21439787160948,52.29802875436487,Late,11.58390715784872
Rainy,78.7165954950934,35.665919859863976,65.39294705502185,Initial,0.0
Sunny,44.508919047287684,17.200797972916465,72.23657650841047,Mid,8.924459767681803
Rainy,75.69466108315397,16.090791367478104,34.694393546056574,Mid,0.0
Cloudy,48.4541663684537,23.909886697491444,63.37844823688074,Initial,4.428191127561055
Sunny,52.38254021556021,34.7079914121475,46.56744470688825,Late,6.796120575303392
Sunny,59.833857913278045,29.0874238144471,67.03597722801857,Initial,3.408960381236068
Cloudy,32.46830135650839,26.259050506461566,68.88840737188565,Initial,6.187487776030756
Cloudy,58.928877247252416,36.95297957292449,84.6362221064831,Late,1.8402144215296894
Sunny,46.87543368959686,35.701150079244606,54.622702523337594,Initial,6.420858077489516
Rainy,57.07359647077547,36.22316666281704,62.255439608119055,Late,0.0
Rainy,68.50832826368881,27.412624246628454,46.09290736563056,Late,0.0
Rainy,22.896039119038875,15.525129547284845,47.193421448707646,Initial,0.24374909295665653
Cloudy,52.94856372350318,19.647698284271314,32.76202689368175,Mid,5.5094833649920485
Sunny,13.64779300268856,35.01511156346889,47.16413653791038,Late,22.313618924902293
Rainy,17.14805622643258,35.335683737239876,33.829721375439476,Mid,1.1777061534205409
Sunny,57.221596501491085,41.25206254293608,87.83494743514979,Late,4.910363788366888
Rainy,14.965635626582362,20.135036226575206,67.45579412256626,Mid,1.813625090806943
Sunny,51.67504458697817,18.319023280121414,40.38891367117765,Initial,2.829879120722021
Cloudy,25.400881905596982,18.747320110872387,37.005981589220106,Late,7.578452372542571
Cloudy,31.285937995822362,19.98927910700179,52.207357228652604,Initial,5.726080882022739
Cloudy,19.074555150319846,29.268645166712613,48.45883947713048,Initial,8.449838106701206
Rainy,27.40672403209875,41.33070950030209,46.75528685486718,Initial,1.5956831395968383
Cloudy,67.49042493735296,30.914650041016387,58.09176269586127,Late,0.5415707675607642
Cloudy,54.721488392456926,29.112577772459357,84.7724305785878,Initial,0.0
Cloudy,76.48318562989984,33.18061822036452,64.08301526418178,Initial,0.0
Sunny,13.41213987476287,16.996120550470227,61.27389027519715,Late,15.691230830713387
Sunny,65.4688398028848,37.01456162205987,78.39290610966347,Initial,1.8690720454651357
Sunny,58.93540282955972,32.46574766961842,30.24147669581335,Late,0.9638442871283317
Sunny,28.262461363827523,19.62217534894418,41.84314014931401,Initial,7.429454706682709
Sunny,61.04166919674091,32.02931637238461,59.77115606333017,Mid,5.319807565155925
Sunny,60.158398494023416,31.097614989278497,72.31854363132399,Initial,2.0738792350137056
Sunny,42.154164214112065,16.751030608359613,59.101691696378296,Mid,7.761088821546085
Cloudy,58.204773319759624,22.20716934183542,39.82295887805263,Late,3.2071220114218324
Cloudy,41.12066321105456,25.555423818010595,85.79896905969458,Mid,9.171054873965138
Rainy,33.48819172405105,21.611990295878464,49.719907866326714,Late,0.0
Cloudy,42.65436722358413,21.5653655704769,77.29294088367024,Initial,5.17424888700619
Sunny,72.6590637044954,30.469608789830296,83.48480007585677,Mid,0.0
Sunny,36.92086550021527,27.713193460631853,50.78696266131999,Initial,7.746887895894201
Rainy,38.25817242196647,33.01688890665622,80.71870687980628,Mid,0.69816593352892
Cloudy,52.58822593354352,40.82299135196776,72.64642099000784,Late,2.5251797737397697
Cloudy,62.70996328035349,32.83501320423272,84.25685019972036,Late,2.03895390842096
Rainy,61.42346022178096,30.716590171628628,45.078642103378655,Late,0.7249003190125873
Sunny,11.385911108271006,37.88410627496844,85.87665636829655,Late,21.656839928051667
Sunny,58.119073311319724,32.06597398530997,33.91838860019582,Initial,3.9606373096153495
Sunny,41.538783366924875,19.470154298337626,77.62027711833893,Initial,4.484112564899794
Sunny,46.68629772881202,23.498214885378495,56.13990124209796,Initial,6.113310562704666
Rainy,49.31643358600854,34.800727632478925,40.67339801117764,Initial,0.7494755283930956
Cloudy,61.220373197578574,34.936324341729545,34.764177306160775,Initial,0.933072271012804
Sunny,68.19330885258191,41.6492362583419,53.37285083393628,Late,1.136602978072496
Cloudy,55.238266124256526,31.92832171686228,53.359435303591255,Initial,1.7115257126753842
Cloudy,49.473505456420085,39.287720078319445,43.79744305841913,Initial,5.1770242130595125
Sunny,36.16384783688913,16.47366838591723,42.93092390117057,Initial,7.262936589750433
Sunny,19.651475346236328,30.288003309887507,53.970857882808964,Late,17.06565907075404
Sunny,77.10043771514049,39.835896666959286,54.606832992309435,Late,0.0
Cloudy,42.32896046277153,22.75559434981128,56.54188794979154,Late,5.872191452432778
Rainy,49.63485711481753,19.181668302443647,82.12556320366608,Late,1.5893245302029568
Sunny,62.5751197605492,24.46377432261253,66.67527038536545,Initial,3.369753183057986
Cloudy,14.78873394858804,36.39037651559526,31.2259899642915,Initial,9.913557625669997
Cloudy,69.8507706302612,17.28692199639552,61.14595450573103,Mid,0.8550475173019371
Sunny,65.79180203396851,31.20914377596528,75.74707775914527,Initial,2.530828672237419
Rainy,64.21000073368887,18.662053357795465,33.38485839867103,Late,0.0
Sunny,11.538789471408586,26.75937592177565,55.356472756446394,Late,19.56092331708452
Sunny,46.856319598728994,41.08137904189471,57.07260859545402,Initial,7.49982299481994
Rainy,13.79878595127058,20.268895285865934,87.24122714014655,Mid,0.6168820660826417
Sunny,48.56108051931039,15.918446818842874,58.54103722697762,Late,4.553518445710583
Sunny,60.29138283788657,26.53449015240715,74.99401575973214,Mid,3.059543283551277
Rainy,18.5295175180896,30.597780867634185,48.174122712543166,Late,1.1875140165140285
Cloudy,58.6418173834102,23.03297884584766,76.75839907130589,Late,1.944147622971874
Cloudy,41.467299218971505,29.627736091170696,49.35974198984044,Initial,4.998021732315444
Cloudy,66.8087051474474,40.74185254880365,55.801415240700585,Late,2.1709370002436494
Cloudy,47.351225756621076,23.41781126023525,58.76893666870187,Mid,6.328204562507773
Cloudy,33.52850750842541,23.354529842380853,85.58177816508068,Mid,9.936335806391785
Sunny,33.2394094396596,28.034733242785766,33.20721286829205,Initial,9.158517742862331
Rainy,72.82405640053088,28.913541069066568,41.812029060648435,Late,0.0
Cloudy,41.70101092095926,15.0368799986273,72.34456477185023,Mid,7.2386982508292395
Rainy,38.40277280234947,31.628628542530677,64.65465959291812,Initial,0.46268443085089817
Cloudy,12.791153560854092,41.928648413947194,45.091883424898555,Mid,22.23331549930068
Sunny,35.50272235807812,22.884217335702328,47.35205324946029,Initial,7.728235733933097
Cloudy,69.47389384610975,32.031871249196286,52.03856913652079,Mid,0.3009844064697389
Cloudy,63.26913595728264,15.124784685918181,57.02081695981971,Late,0.0
Rainy,25.463924195761983,31.316818532016253,79.08163939516669,Mid,1.6112887922277563
Rainy,38.913963624945225,27.070844354551085,30.828928588317755,Mid,0.43654524206663226
Sunny,23.760577325722423,29.317915143546188,83.88118447280871,Initial,12.09074851187306
Rainy,76.79517717842948,29.68543412229436,54.78162669789169,Initial,0.0
Rainy,51.8682514974875,19.77773017109605,43.82985105398479,Initial,0.7569297547920433
Rainy,62.8048354783984,35.789139290740835,60.50476197164072,Mid,0.30258323046018387
Sunny,59.966605477374536,29.997679767279152,69.5802025619747,Initial,1.353225145459964
Sunny,71.15825543730585,22.295250406418845,32.68513315161621,Late,0.9463355628647137
Sunny,76.45294449818215,40.309301757266674,72.94664109996495,Initial,0.0
Rainy,12.271232164300711,15.344890170109514,75.64567125503174,Initial,0.4399151813753614
Rainy,78.27108259299666,34.60030477799431,39.97093705940516,Late,0.79821695357066
Sunny,70.93797241741157,25.293350012741804,40.07288570261417,Initial,1.0733801151386306
Rainy,36.80631860886674,29.108710445405286,42.227073272452614,Initial,0.1499166563664922
Rainy,68.59484697899494,22.870763235030704,77.79772272403824,Mid,0.154727083450913
Cloudy,61.55905876316646,23.673808759110536,46.32018335587135,Mid,3.059045540507088
Sunny,65.51800636827842,15.409487794494337,77.75615028326126,Initial,2.132613743720213
Sunny,25.448372298733872,34.70581739522136,62.43143153633094,Late,16.04862540587524
Rainy,55.39945913549658,34.1915570916194,76.03027981030851,Initial,0.7680434138410606
Rainy,11.814812600950358,32.667671410995,63.22038250077665,Initial,0.23648096812018482
Cloudy,69.37603927869941,38.704668375768215,50.146133952707444,Initial,0.0
Sunny,76.57300807330523,39.33422467507772,84.6428485594835,Mid,0.5548979270078646
Sunny,56.348640844470154,30.023996624481896,72.91773971144785,Late,3.699987721070502
Rainy,45.88687572232015,33.49023428581069,59.0432881509403,Late,0.0
Sunny,60.80117625541498,15.296956828902415,68.24570858251616,Late,2.8655273887400674
Rainy,32.845290175723186,37.851262589630366,66.95060135213959,Mid,1.3537642216812114
Cloudy,53.84714570687766,37.043162451496435,51.486972990256206,Mid,6.025863654247012
Rainy,60.3281057514511,15.546712697434362,55.426304806771306,Initial,0.0
Cloudy,19.98765470368313,29.65628085202639,49.09540665798724,Mid,14.904114059242225
Rainy,19.804760384761465,39.47970040180628,89.97108788492719,Initial,2.7403014985120624
Cloudy,60.12967244000148,19.897475649844573,64.80386723906335,Mid,1.9059495842466425
Cloudy,40.22477459158472,24.521412882041652,35.52331926584774,Initial,4.346627865189024
Sunny,72.24410489226301,23.938449320004388,61.146431022098135,Mid,0.23736300547130496
Rainy,31.835721750978635,24.61039283579329,32.99771788031039,Late,0.0
Sunny,12.970151607405118,16.130922822287758,47.31912289877795,Initial,12.612113251148159
Sunny,55.49132204620638,22.533477461664894,56.757666958570994,Mid,6.214334223118519
Rainy,57.896745862180644,22.961120442906363,62.056229196114714,Mid,0.13675470294247394
Sunny,48.75141262850972,38.378545309218964,88.5708839836953,Initial,7.532295164411184
Sunny,57.83328519862186,24.507132192555968,88.93330342824913,Mid,6.33285236859934
Sunny,46.66280411320765,27.07485197712589,35.88416219438126,Late,9.258677010566082
Rainy,58.48429712693319,25.279927616770493,62.28796036577335,Initial,0.0
Sunny,13.075618458863616,18.258183139242707,79.02656371152685,Initial,14.013015047674713
Sunny,35.787815915471505,41.73963245859185,44.262769215165285,Initial,11.606021499356256
Sunny,24.757184256757924,37.29728014902773,75.0337859153083,Initial,15.219224405034868
Rainy,16.95282970281391,29.604848289738904,82.71714334229875,Initial,1.9789351170681162
Cloudy,26.386484531625033,27.861841348507628,69.74924376212752,Late,8.25062614847993
Cloudy,23.39174326222517,32.52987758750125,49.66220093070713,Initial,7.440224241373643
Cloudy,78.1191971853118,23.81364101012743,85.38793916043436,Late,0.0
Cloudy,30.05821424029239,16.35763749957092,83.01120562045013,Late,4.361028043989361
Sunny,26.167127910301165,25.916553967596556,72.94951912764225,Late,12.77864701854806
Rainy,68.4412154388295,41.56739459001224,51.820086806230385,Initial,1.3025813050098078
Sunny,39.33813520881873,19.923363758698514,77.51378174368796,Late,7.766477472990508
Rainy,39.50258139145164,29.248042888130254,48.96653889012847,Initial,0.0
Sunny,41.051332646610625,15.230077700682624,45.17717108001424,Late,7.687279098700144
Cloudy,39.157415428443024,18.29485090982179,60.90080321467686,Initial,3.258898571117244
Cloudy,32.85958184711939,30.854175912612163,89.82811350007503,Mid,13.842725358627286
Rainy,30.043760978835287,23.030176096711543,78.25931648604725,Mid,0.9720429951214693
Sunny,71.73717735398088,39.45348113443687,73.78756392709943,Late,0.9306886339120374
Cloudy,21.319514229474933,25.96658368084534,57.120764801638636,Mid,14.154741321786247
Rainy,22.67436470460575,20.616907122538418,48.71700055114896,Late,0.9497981893239115
Sunny,50.020337029752966,29.730977770686998,81.35404578903095,Late,7.688124764894683
Rainy,34.05610057639146,36.46428814975099,64.06396679886114,Late,1.1761787951048843
Sunny,39.507055539291905,15.52433179732966,78.79529706731394,Mid,12.615150137097647
Sunny,66.4582625523478,28.649043203011118,59.265222574258715,Late,0.356781173256576
Sunny,73.25417422639737,35.88251703163294,75.23744964072603,Mid,0.0
Rainy,65.3387575689583,17.796893675064787,82.06446352030169,Mid,0.0
Rainy,26.44497843035261,39.37556001119493,53.48340158819997,Initial,2.2162956388611335
Sunny,78.59799027263351,22.141970069104932,30.814174194240955,Mid,0.9015884492222208
Cloudy,35.42235505712671,19.606297408246323,45.29559396125454,Initial,4.493708273883252
Sunny,21.83469428152291,30.909913968372216,84.89490246506453,Late,16.456263905870593
Rainy,44.9647693827628,19.72584093708678,71.25253563313746,Late,1.5493240223030953
Sunny,60.7700038744463,33.35194105002192,74.23312298621642,Initial,2.3949912038496963
Rainy,15.828961691565182,28.232756213957607,49.51731685592529,Late,0.0
Sunny,54.40008402347335,17.968810967578857,72.0763790804997,Initial,1.4701818667539581
Sunny,70.06545463986174,39.6372336337153,68.77692872456551,Initial,0.0
Cloudy,28.324703788446136,33.176546069015856,40.70241980862174,Late,9.45394298510136
Cloudy,58.51862485236952,29.74181171641174,88.12144664583867,Initial,0.9977814220194127
Rainy,37.99360409723084,25.107196614453528,51.241535600864395,Initial,1.5833447004552483
Sunny,38.98946001977072,18.641217426102735,49.75721843040253,Initial,5.222422044298799
Rainy,29.656982184623896,34.102996018655695,52.14969265381188,Late,0.32841978079188094
Sunny,53.707565750792675,36.9687071407846,35.50317691924616,Late,4.2363763104555625
Sunny,35.26994771211082,18.39710894833444,67.49781102559295,Late,8.597911465366261
Sunny,68.16321024231048,28.353325862529843,44.31745462478381,Late,0.5951144237130097
Cloudy,77.40337961346717,28.09084704879722,78.19876538305085,Late,1.0777585841183233
Rainy,75.45613760286471,24.447616121939127,53.64937080803675,Mid,0.11998438383813205
Sunny,21.4189861095092,36.31223117557874,57.51350893743912,Mid,27.548393515448183
Sunny,10.993320999632537,17.68730416278487,68.78532324693353,Initial,13.09552628422267
Rainy,40.69278387855104,20.53551907154643,75.71226803722435,Mid,1.2501800182817877
Rainy,61.02185953705307,15.043274760799683,43.8669182908867,Late,0.0
Sunny,78.42186878344727,25.0706054782414,87.97765978308877,Late,0.4046040350430019
Cloudy,64.83956111004738,22.86181053331004,67.33929275800088,Late,2.440472149367683
Cloudy,50.638452530692796,38.40883756147022,30.338317410023254,Initial,3.473369342770418
Sunny,11.844703856068318,35.136876590056175,54.93733259541307,Initial,17.341584702088948
Cloudy,67.78784840551481,17.280749307181342,56.209069237845256,Initial,0.817445094194283
Rainy,22.400152375044776,35.005809706684,78.54989855846381,Initial,0.6103150280238474
Cloudy,13.892455993075329,33.23580597832804,48.308386447230234,Initial,11.019801902275194
Rainy,69.5251193147985,22.6065553872089,49.87359097769781,Initial,0.0
Rainy,49.63756075104049,15.417440917024472,34.22964557115407,Mid,0.982121506793486
Rainy,18.998611850231455,18.109384837495238,47.012761471548885,Late,0.7028996871204801
Rainy,37.05798642218568,21.748409284701104,73.017702089151,Mid,1.033619442569401
Cloudy,15.987916705789434,37.04880388611224,68.08541517358918,Initial,11.274990412325602
Rainy,54.66075648494614,27.563446299510833,34.883645280473644,Late,0.0
Sunny,29.769908643987236,39.79667921439436,36.88163352688698,Late,16.257654727127107
Rainy,70.62658919557623,36.3070084051041,52.61555783550648,Late,0.7071683149087612
Sunny,35.04572201737844,22.751920855788185,74.62546572846058,Mid,14.44730438912584
Rainy,44.62437041139424,37.824778227673846,79.9750966877178,Late,0.6518811274632977
Rainy,14.446637825418259,18.15157069109044,30.877442580601045,Initial,0.0
Cloudy,29.29148316507789,15.975173052258082,49.74063463844404,Initial,4.3480751890797436
Rainy,57.37370901834181,31.430529264659523,55.4557118177145,Mid,0.7289976381479573
Rainy,61.538393744434806,24.227061941750243,84.66796864742739,Mid,2.892915140700376
Cloudy,26.997529850786357,23.89449353989147,60.084393462566574,Initial,7.151937672775908
Cloudy,45.26740691044955,33.55462102555556,46.182045914741025,Mid,7.530601101638307
Sunny,67.22717736431537,37.9528033512184,53.40282390983069,Late,1.8231368606501213
Cloudy,36.59371126226887,23.69873864418544,56.18606648968483,Mid,9.993343822348141
Sunny,19.363988714975246,23.775373194607525,70.1997524117567,Late,13.091876390701035
Rainy,40.23092727287285,29.41397806089445,32.46526697804551,Late,0.37834199669364926
Sunny,52.04400658024218,32.63595725617188,53.36709978146102,Late,6.066917977538183
Cloudy,10.517896973466566,20.478456479989802,68.79327821486709,Late,10.552247430387748
Rainy,34.399725467651024,39.64233712862056,46.999338921863846,Late,0.9547499186159051
Sunny,52.52050746266153,32.669246144004326,65.50506039984924,Initial,4.986306905985158
Sunny,76.63383650312693,31.87936890693865,51.436735806242645,Initial,0.0
Sunny,38.59841127329653,39.41328217382974,75.52325205040653,Initial,9.38373109939414
Rainy,21.408058583552844,39.496157176050886,33.635861787749604,Late,1.0773527307078734
Sunny,47.39533685767973,18.659853256915213,85.07771884208138,Mid,10.042208688882384
Sunny,30.002665276977627,18.917038607456416,40.29675287693854,Mid,15.111581248620118
Cloudy,25.034557952034877,35.57261487138399,39.51282520496095,Late,10.261115000789037
Sunny,51.32822813196434,40.835758529687205,80.43857668639275,Mid,10.707430962500709
Rainy,74.11184740354841,32.99586931985391,82.15697538143331,Late,1.587375666946666
Cloudy,68.46569430375001,26.105558962393594,35.57839880674802,Mid,1.1188324702501804
Rainy,22.760477720836473,33.453774773891126,84.52313568089463,Late,0.24972876418230416
Cloudy,63.61156208448995,21.17791256162655,46.39787200373858,Mid,2.104259723616479
Cloudy,26.090804406135845,41.94509009481016,67.11730112448333,Mid,15.995515557856363
Sunny,30.349088248525344,26.63930088219349,34.115609424473746,Initial,10.088790944531452
Rainy,74.40360548184421,40.15552206773478,52.83966606769206,Mid,1.366029827277988
Sunny,73.77351054996399,26.631547427321923,57.043476546272274,Mid,0.0
Cloudy,21.804153518161364,40.05977409029194,65.98959416137863,Late,11.086285423185206
Sunny,14.493429914643698,24.063506919957725,61.51631828486794,Mid,24.665965884935016
Cloudy,30.518267226586413,35.53466058570678,57.68957768949555,Mid,13.43192811638222
Cloudy,50.7242541844438,40.67705433504344,87.57841270593528,Mid,7.538507345894581
Rainy,71.38241744714283,32.44147831128575,41.10136661926555,Mid,0.0
Rainy,18.31861722303438,33.294261095921655,39.47965383880009,Mid,0.25596583048969945
Rainy,39.047095154176375,17.77792862369538,72.80514365404031,Initial,1.0759585326008008
Rainy,29.022485070436794,27.803938573425327,34.47311309221393,Mid,0.05616910485671589
Sunny,11.045027706521237,38.94239596434326,58.9734873596566,Late,22.823852167622743
Rainy,65.19123825550989,21.50456557822939,59.04318714913243,Late,0.0
Rainy,66.9298949217374,36.28580136445446,48.60151985754548,Mid,2.5220263746622065
Rainy,25.48603432427215,33.244166916706405,85.82662450081186,Mid,1.5458352441782752
Cloudy,20.58681750282576,21.02062104799451,46.95260610576069,Mid,13.507860524963005
Cloudy,20.119259753553802,22.63536254223504,47.30651713429479,Initial,7.8858949746981715
Rainy,42.476303283500116,26.544144303258825,44.05799785342327,Late,0.9456295570671762
Cloudy,27.25469112050389,18.37848881905959,38.74728211323378,Initial,5.694933310619269
Cloudy,45.79489497419507,39.66102502327159,51.84066332090717,Initial,3.838959451522218
Sunny,36.93962160062878,34.9626553369455,70.85323560002581,Mid,17.72968339509867
Cloudy,24.762321343069388,24.85403070009665,74.52977176624535,Mid,11.182523556711544
Sunny,62.583425269012,23.09096837323397,78.80513498584085,Late,2.6275795701193876
Cloudy,20.525472323507593,33.61862949843419,41.85263331189351,Mid,19.699808233402415
Rainy,65.9231620374306,26.45396489272401,32.137961294383786,Late,0.26659173882990667
Cloudy,49.301246858320454,21.192087441436964,88.48115150930352,Initial,3.2898168827816203
Cloudy,68.2425999873511,26.614070330291447,30.859951157185712,Late,0.0
Sunny,10.333132804893351,38.52501854700945,87.64073027748351,Late,21.926073309479733
Rainy,62.4431963324838,16.852379186579014,79.72886512270799,Late,1.0303810649437473
Sunny,13.606091527578073,24.945672676611625,84.7244856615082,Initial,12.072552755690005
Rainy,76.50691033264745,40.983164421463464,53.23114275666876,Initial,0.0
Rainy,59.19176418733745,15.400459746273684,41.832119931061996,Mid,0.8485788811160668
Sunny,32.41206034349506,39.047288573342904,66.38782111053389,Mid,22.475764895473205
Cloudy,32.38953449920247,25.120509861583304,74.4750702429892,Late,7.161864959854862
Rainy,70.30446658030377,20.116991523537344,37.85166397947963,Late,0.12269806874485811
Cloudy,73.19880899168611,15.404453181735946,77.85729088107203,Initial,0.12036976627681863
Sunny,72.41012967271206,16.904115637767493,42.51559920075348,Initial,0.0
Sunny,66.61182047964292,19.639770834053188,59.50063757450759,Initial,0.6526542729777886
Sunny,67.33224145854611,15.686049436248611,81.38894699268917,Late,0.8931371300478128
Sunny,50.093753201429166,24.067946438430127,41.60547066256155,Late,5.772146835976515
Rainy,11.97617370643477,16.21211408810936,44.51307887896725,Initial,0.0
Sunny,16.074129744129646,33.68983366980089,33.76626938995149,Late,20.525048169918637
Cloudy,55.468727458434,37.110492065511416,38.79684670698783,Initial,1.6916217334423094
Cloudy,38.08156122289189,38.96152593641948,38.79154918688212,Mid,11.883965117408168
Rainy,49.71167415891103,29.82646088617205,42.205650129248255,Initial,0.703163443524347
Sunny,26.17543358354901,40.555757611856365,47.17202382389904,Late,16.782894370096194
Rainy,55.45920215502343,15.152427165113705,78.89900186871245,Late,0.4947295003664726
Rainy,26.99806809353385,18.618494698431313,84.94583185086705,Late,0.02859319754656464
Rainy,42.25689585827478,22.91548147973471,54.376836553737014,Late,2.716808838840135
Sunny,43.51039297138274,36.30365993276439,37.69253711929865,Initial,7.534259579685966
Cloudy,22.436776088741144,38.90550678361414,43.42859550573184,Initial,10.27819841382915
Cloudy,71.33454084713478,31.6896301852641,74.17235861131353,Mid,0.0
Rainy,46.8074739391184,25.34738129904674,70.64553115277339,Initial,1.121626352860204
Rainy,70.67486445568422,32.97783129682372,88.03243809634142,Mid,0.0
Cloudy,28.377498684714684,19.884283044657884,30.869320835704993,Initial,4.371573403001405
Cloudy,22.06351618276984,27.362599408655665,75.0455256169414,Initial,6.680302934823257
Sunny,11.261165333409076,28.70369065472883,60.3476160271789,Late,18.079042925414274
Rainy,16.57052618085551,17.831522967302796,84.16157867534756,Mid,1.5826097411538664
Sunny,20.32294234206283,15.91456182598337,64.57000044761202,Late,15.070880165366328
Cloudy,15.519889366457868,35.252848428453945,56.80006346768493,Late,15.397062834358902
Cloudy,72.78155065995313,29.43707170055213,69.95103656957968,Initial,0.0
Cloudy,73.80068155592346,23.970444950704255,80.01140653085986,Initial,0.959419586733026
Cloudy,75.61538705925307,26.805173054851053,46.94991301037112,Mid,0.0
Sunny,77.19025856029681,40.857992157569,36.45162262705548,Mid,0.0
Cloudy,44.42845035139568,25.392671841676666,55.981087099159225,Initial,4.006894458257838
Rainy,47.101724577746516,17.793939119651874,42.87119236870372,Mid,1.176230191143584
Cloudy,19.15813000014867,27.517258848210282,55.77247052371254,Initial,9.022346752268234
Rainy,19.593642642644067,32.49730608390786,89.462890367937,Initial,2.073376957493952
Cloudy,64.09295070592472,15.327054134697072,64.44732562644131,Initial,0.40461455937506496
Sunny,69.90103588992184,23.973195120409876,71.61601337080462,Mid,0.11566073404110869
Rainy,64.93001014417645,25.624889343522142,70.67570534768511,Late,0.9312392020048935
Sunny,68.42031054964671,27.520300835626536,79.2420501771638,Mid,1.9401603149819873
Cloudy,29.359922079980986,23.145473229210296,86.64771594092278,Late,6.6398900867155
Sunny,42.62460490231149,33.00690097857858,69.52908589248321,Mid,14.502333904921878
Cloudy,42.14395683767709,40.50714904059693,58.565678685192495,Late,7.687951349467552
Sunny,79.6698382199211,39.67795075307231,49.069856785074684,Late,0.14755258590743503
Sunny,76.44246140810361,32.93862219984345,51.61645800743202,Mid,0.0
Rainy,51.89402744982043,28.685869785894752,50.0688364874434,Mid,0.627972270395423
Cloudy,19.658119319848538,37.2970084139248,49.4679294764334,Late,12.626302937768376
Sunny,28.1017227041474,37.570304072181216,71.67750026292566,Initial,11.822970333393569
Cloudy,35.46330884872151,37.39847242613176,65.26254179711185,Late,7.11504584688719
Rainy,71.12481617854007,19.26184032247379,42.11970269506357,Late,2.0595428218659446
Sunny,21.944271994436434,15.686673216772384,88.17756114997175,Initial,9.572622727773945
Cloudy,25.382284163967356,41.54622206319897,55.66353092125915,Late,12.390749098936919
Sunny,34.45692841688789,40.9106632844663,63.9651840640847,Initial,11.454299879137169
Sunny,74.88371320573684,30.2382184439966,72.15605800738575,Initial,1.0503174060369804
Sunny,45.266846354347095,41.81272035136874,66.82064260061372,Mid,14.951581964384967
Sunny,55.278522561827415,35.804770208732236,48.66310614573605,Late,5.957929765222363
Rainy,37.10563135491249,28.96926495324316,77.8623944092426,Late,0.0
Rainy,23.19654777759267,25.511938812867005,36.60921837477761,Initial,0.0
Cloudy,25.596037618593613,31.00730665632499,64.13975008222029,Late,9.116029461986852
Cloudy,66.18698542211155,28.92665674496794,46.399033380846035,Initial,0.0
Sunny,72.54374268238868,41.83266822093229,66.9457420603811,Late,0.0
Sunny,44.515295912520145,28.2424285322494,43.079608865062184,Late,8.442952898000573
Sunny,34.98961692214796,37.56986932705324,76.33197931256029,Initial,8.745495051165493
Rainy,66.54845955690837,36.96784322473252,43.652179875949955,Initial,1.0228274897017595
Sunny,57.11663425566495,16.927969384656333,83.42352809800995,Late,4.682225753804783
Cloudy,12.861178423994321,17.34918271738704,81.69329428021386,Late,7.890456652640103
Sunny,34.55186292179675,32.814873099637694,51.74360712082867,Initial,10.1259274411614
Rainy,57.75210847652293,21.995916181853136,53.14921733244155,Mid,2.2279632847168593
Sunny,50.1575874203684,32.753229936821874,72.09020746124943,Mid,9.841691308117383
Rainy,78.46471161923559,18.90489914646531,35.422412278349036,Late,0.6108464558758292
Rainy,70.62807647577034,25.720842134556705,34.85516473054076,Late,2.392903508064368
Rainy,14.18168840118827,17.76669719079077,38.17945181003659,Late,0.0
Rainy,60.80383109706524,22.61651307402226,63.74852012699114,Initial,0.0
Cloudy,33.54286286313345,17.384061932907123,38.940138289865594,Late,6.52415425284524
Rainy,57.74578921601625,41.20562369033733,46.657036906378885,Late,2.5201376220387575
Cloudy,53.20572102639774,25.666577731831428,68.81468445241248,Late,2.570859353521202
Cloudy,45.21351814027888,39.33209673325102,30.93742667020293,Mid,11.661437162499075
Sunny,69.70646880376884,41.2216377637789,40.81419647720819,Late,0.24858484669137543
Sunny,59.60829021002175,39.558191823444446,85.79583977254222,Late,2.0579643001690786
Rainy,72.26885801514047,27.28391093788764,69.81465740452279,Initial,1.5904816260728583
Sunny,29.71226243721345,36.03022703471555,48.33306685339281,Mid,21.665304076937105
Rainy,34.368926721622145,19.1498860613857,32.718205443670115,Initial,0.987876533044131
Sunny,53.53659448673282,17.56048057311864,65.16292850474562,Late,2.544973015555423
Rainy,77.6525106153215,38.676339631429656,43.37197859354644,Late,0.0
Sunny,36.010746953602684,15.840243933987706,87.61052632309999,Late,6.8319043900527285
Sunny,12.260555504724383,41.25283847422359,71.21765729921069,Late,21.34941897571065
Cloudy,41.21215687953697,33.14761476173105,88.44743318076635,Late,6.554682328371347
Sunny,48.07506937703162,26.32955157781644,80.933933844694,Initial,5.968682383623719
Sunny,66.06911860896803,18.81713381228849,58.98164491143244,Late,0.4866815874544421
Rainy,61.00203359976472,34.527241075777226,70.17378885924862,Late,0.0
Cloudy,77.52638765028352,30.204017368890526,78.72643173235801,Mid,0.0
Rainy,64.78779323895264,34.200429201057375,64.6907088997574,Mid,0.5699927734650339
Sunny,30.903990594751786,26.283899551980866,33.68925005809315,Late,12.14066548587918
Rainy,54.89662176861188,16.789022242644617,58.226778832417864,Late,0.6585698485080498
Cloudy,57.05688353775866,23.504249414869626,37.8343998471984,Late,3.9799046548114543
Rainy,79.8614360374366,23.505560336796652,72.89080651261023,Late,0.575349547181206
Sunny,19.711653785874432,15.234337275116843,70.83773493825612,Late,12.548939093534335
Rainy,23.392785188331974,15.258687407670935,89.57449152312681,Late,3.172864447499799
Sunny,20.885955080608227,23.93047375441197,67.72858810764646,Initial,11.260448296526219
Cloudy,51.23420799161747,34.64583138957874,78.0082765430365,Initial,5.837519287326203
Cloudy,19.47107505638141,31.84918072125562,46.097271053329955,Initial,10.287684331962287
Rainy,55.92053962331749,21.453476461075745,50.40144811775879,Mid,0.12252880038127972
Cloudy,66.26418356049533,31.27459160864862,85.02145514267023,Late,1.6157319412237738
Rainy,40.29550469448023,32.47919508010627,75.3115355775447,Mid,0.8824073051672692
Sunny,49.2479557322625,29.109387916274976,69.31615048785827,Mid,8.669528310903331
Rainy,73.89054583039035,29.076557330044206,45.241661554982414,Mid,0.0
Sunny,49.869614230425086,24.98319257269126,71.9146757235099,Initial,3.362542223060977
Cloudy,24.60238864244072,18.33164782133739,83.20581870251708,Late,7.820556079808354
Sunny,34.02356589103533,25.408062601361465,43.847859293679385,Late,11.681493895622735
Sunny,47.089206233762795,24.324026535964343,72.36743687494939,Mid,9.953566902378553
Sunny,20.842837984270943,30.983260007653573,53.621637203850526,Initial,13.440452726407024
Sunny,52.87638847498085,38.11902455669843,37.1260447764372,Mid,9.941822555410313
Sunny,79.9472264318818,25.135129450690396,75.80764059202092,Mid,0.8443495872916004
Rainy,55.67744754586751,34.162852503291504,40.02820735106018,Late,0.4526311182846903
Sunny,36.068780081010885,36.919420192404644,45.17377640942228,Initial,9.770080718724408
Sunny,33.22225441767438,20.717290870731496,76.97652245272153,Late,10.887213749540031
Sunny,75.21223258250926,39.3445547757524,74.52796713747826,Mid,0.15855818572933547
Sunny,71.0060003405059,16.902013330842735,45.250983962663696,Late,0.0
Sunny,43.06510341391371,39.34642214753765,86.45787686078204,Mid,15.248191496663189
Sunny,34.73901951501989,19.418088100988133,42.91711350463149,Initial,7.000710344047404
Cloudy,59.732499851751676,24.103579276526524,89.61733289784195,Late,2.092118840759548
Rainy,32.015173288799794,31.34135094454041,74.27399231708637,Late,0.957183412736943
Sunny,18.35822625767783,39.45345087581228,53.55046143308416,Late,18.02058416934982
Rainy,31.710654861106843,21.90393889526135,37.82095239974904,Late,0.0
Cloudy,40.40071874820413,35.61649566359754,49.23059730957682,Late,5.967643360110916
Cloudy,27.87879631878957,34.18176682250347,41.62431068790292,Initial,7.756546040108383
Sunny,25.176960808640608,19.312136577838512,67.31037518964115,Initial,10.607624073461967
Rainy,10.429811386528842,27.945526503776854,51.4113091882774,Late,0.0
Sunny,54.15899469828326,28.00063751579607,47.70043567463142,Mid,6.884135467701294
Cloudy,53.01142596212832,23.224518995729554,75.42799150310233,Mid,4.6915637311020815
Cloudy,23.161766643950976,36.05787554646648,43.83596609101099,Late,10.099424089978319
Rainy,76.0555050267829,40.00021401407366,65.21335904553028,Late,0.08738031255296189
Sunny,38.669963126333066,34.34745638227605,41.67576556941274,Initial,9.565193333225634
Rainy,11.783560350341459,41.269777791615994,72.88791646398573,Initial,0.5659284809694807
Rainy,25.38403420853905,16.362648719203534,67.5072890251558,Late,1.1184839808775826
Cloudy,58.444723898983625,16.00501249741367,77.88921091062187,Late,1.713088583165234
Rainy,24.11339291674167,39.13418429231766,34.10982448576074,Mid,0.7427624071918932
Cloudy,13.773872121323928,39.24060998180826,42.60632697030129,Initial,11.004720697460762
Sunny,53.239435497627106,17.892261197372825,39.26762163320794,Late,4.770057035397116
Rainy,46.28483534159281,24.651043324860964,41.433674417144196,Initial,1.817451348046542
Rainy,63.28860852689174,37.55565360904704,36.18084474828304,Late,1.8241732344232164
Sunny,64.08419719808992,18.470598292544437,63.72491408616437,Late,0.9752961950027943
Rainy,77.19546776514102,22.22055796044859,65.60588442303327,Late,0.0
Sunny,13.991228081297713,33.38689299516473,80.60938533564061,Late,19.66145916362569
Cloudy,12.729259387275984,41.511274470905946,55.06429058662576,Mid,21.495956283427102
Cloudy,79.10379336193625,36.522748681900595,61.94308278446686,Late,1.213032502217007
Rainy,55.13935143878677,35.98757581598846,89.47824356466666,Mid,0.6833217658038908
Cloudy,60.075937776729994,24.251891919660693,61.91070500155075,Mid,2.883178227860413
Cloudy,16.753741381461793,32.856262935129806,64.41456526512096,Late,12.525736002152685
Sunny,14.886888359383587,18.053383801132355,89.75504489264304,Initial,11.549304726276159
Cloudy,21.217751575503968,41.79120989595448,89.64776288698636,Initial,10.359197291524072
Cloudy,39.90369219582287,27.975776579357735,55.44182673583722,Late,6.412924190089323
Cloudy,17.7123327913083,32.247812443138216,68.09680977617786,Late,11.401158186243162
Sunny,41.24336183085796,38.656641264399255,58.8481504702352,Late,10.080867638257729
Rainy,49.30751321709357,15.026053969776228,73.24292709943202,Initial,2.0429895327150907
Sunny,10.023307751957557,41.351525545100316,86.30319126800349,Initial,18.196082422354415
Rainy,17.99719415543842,24.697301428595217,48.579558502396395,Late,2.761830139932762
Rainy,36.26366342375151,24.16895001768731,79.13251022633648,Initial,0.9101672788435247
Cloudy,13.73308548877601,18.916710074501655,69.2909359665588,Mid,13.695250269127838
Cloudy,19.347028131849804,38.17097907765561,46.81108807645304,Initial,10.428519456969623
Sunny,26.22574733191681,38.51266746841549,77.83797949091962,Initial,14.130969943158325
Sunny,40.07209899173529,15.539702971512037,55.62798115185429,Late,8.997810936033877
Sunny,60.03860385556964,16.504580963579542,37.2238305288777,Mid,2.4053473872607074
Cloudy,19.288202827809215,39.7952248371091,89.60498143654857,Late,12.53411434283729
Rainy,61.65710003365326,18.317439571489842,55.538779978339136,Initial,1.501116000912258
Sunny,69.85425108020546,31.76504152710789,62.49315284256968,Mid,0.8210138430155932
Rainy,55.603513681966334,31.73056215454453,78.47770384582563,Late,0.8360406908253648
Cloudy,13.060798679945847,38.482719047933664,87.652568107196,Initial,12.632281210668376
Cloudy,40.845758084920895,30.461660846493317,82.37327099761893,Mid,9.175227692029406
Cloudy,56.20462011434499,26.718308105386978,61.503192468094,Late,0.3539352036389185
Cloudy,78.49591942251186,41.30828112995823,62.74176453198692,Mid,0.0
Rainy,76.62658716484697,21.17801785197219,46.85321619657977,Initial,2.011756445879286
Rainy,37.699220810794316,22.093386477445947,57.768172689545025,Late,0.9503987045697087
Sunny,53.11517505575648,17.288780679562414,86.81033293050885,Initial,2.584955057192486
Rainy,72.35706031531095,41.3335540631835,73.61645663631938,Mid,1.3341294680772102
Rainy,68.17323731633375,34.07172563861562,30.712619444491974,Initial,0.8818606263088105
Rainy,43.559528387892485,15.326621362267828,36.99040690936446,Mid,0.8324613212998182
Sunny,28.286893162413637,34.016478744634014,85.4286761974713,Late,15.355696137582143
Rainy,19.596996275918308,25.911675000069692,80.92315973565684,Initial,0.0
Rainy,44.158610855828144,41.12384167685422,59.169867944903814,Late,0.37021528762770145
Rainy,60.59921127403024,22.489462558384613,67.01869685203552,Late,0.12639951639493344
Cloudy,77.88387992513861,34.17773114527526,47.378760622843494,Late,1.0991722973503169
Rainy,70.32704333761622,31.940722060108687,77.56984512602544,Late,0.0
Sunny,24.296866867371314,15.325349322198715,66.1990468133664,Initial,8.82062537797301
Sunny,60.38446887757289,38.90085709197409,71.6895423273549,Initial,4.390306758062717
Sunny,30.23708777009013,18.769541829530095,52.494590280539875,Late,12.966753668225513
Sunny,57.84308161035175,32.91689703294149,55.82628039068884,Late,3.3539072166481727
Cloudy,56.606382232254084,35.939808171445804,42.46092497786741,Mid,4.8622836108857
Sunny,29.0701422047879,32.03504645545844,86.88315257525231,Late,12.498665130313224
Cloudy,26.407203415210052,17.622074422868792,86.79342122319446,Mid,10.73544543171459
Cloudy,17.27564338122481,41.32983667887666,79.06507483439424,Mid,19.94368376720609
Cloudy,13.53777457632387,21.394083692073004,86.13330715195103,Late,11.354869642335968
Sunny,70.09157411995297,31.95234878848446,69.91968315482274,Initial,0.0
Sunny,13.489457624452918,36.5238075730554,44.079112158184486,Mid,29.980710578503427
Cloudy,16.21188165675799,40.35937226747582,75.61263133154947,Initial,12.368941192562978
Cloudy,26.71964247577399,31.308284289909512,49.51657255450215,Late,8.766889539178477
Sunny,72.13608299235932,21.994462027404122,56.42890135790485,Late,0.19743114156823624
Rainy,33.30582522955339,37.589253469988094,46.46100983132219,Late,1.2793278553541603
Rainy,23.42596902196145,19.40693908065193,55.41731506327618,Late,0.09906015907504373
Rainy,60.08888470565666,15.601625557918906,70.7590419394017,Mid,0.0
Sunny,32.334882840808,39.520019177944846,36.636633678301784,Mid,22.99829641775868
Sunny,33.33566466533374,30.535501867474363,36.312415739580985,Initial,10.450698953396037
Cloudy,61.728361715697524,16.880320251905605,71.02620072528852,Initial,1.053262166478314
Sunny,27.61569709258141,30.65269345232114,76.77487000647645,Mid,21.092413727247767
Sunny,72.77320333939379,18.915382544706112,63.088001082741904,Late,0.31661088485229333
Sunny,49.29951745988417,15.847422172715357,40.89846084404793,Initial,4.440893689496288
Cloudy,47.64821978206898,18.146149282250363,55.84541090165931,Mid,6.84084930268591
Cloudy,28.532656454634672,35.9279005696612,75.49053134304086,Initial,7.775257143220572
Rainy,68.45660380909479,35.402844429967196,71.14398609314998,Mid,0.5029114396371255
Rainy,50.0924685610051,31.316589642712646,36.5919286691622,Late,1.198660628971228
Sunny,20.886158353365815,20.651863827645755,88.1488308574947,Mid,20.915020888180678
Sunny,24.440876607133383,34.95211077647333,43.401832853180196,Initial,14.560274525496382
Cloudy,42.77791361744505,26.017222214806825,43.22337027482728,Mid,8.022583624244042
Rainy,64.5749275691472,28.79034766241118,57.591434864727354,Initial,0.0
Rainy,75.75066915318722,39.23629871981068,49.634587740002914,Initial,0.0
Rainy,56.44490412638628,27.362153140929387,89.03915931866365,Initial,0.8841777718575339
Sunny,45.43002746908087,31.911886153990245,34.58938639524792,Late,8.281839534854488
Sunny,27.551238425841728,40.96729027962351,48.38635145539665,Late,19.088176283132015
Sunny,57.10075723190247,27.18752726851793,52.96332962563776,Mid,6.071205186575126
Cloudy,78.75678290974551,30.139653251202635,59.60753962331643,Mid,0.0
Rainy,43.33557328774645,30.779194871853093,30.984385723616924,Initial,0.8326400400200772
Cloudy,21.349931522292678,21.499212089564367,34.94172790849683,Late,10.264401643120612
Rainy,17.233840701792502,34.89689568163972,45.4685785637887,Mid,1.216008922493196
Sunny,28.8479327819287,34.61919976339388,63.24012490113577,Mid,21.236458380256213
Cloudy,49.86094133148704,20.766032020383413,76.06629421160834,Late,3.368254587371462
Cloudy,76.27637107639302,15.360127210531841,71.18972092889695,Initial,0.0
Sunny,30.94155581449027,41.971422405348235,64.02149476335663,Mid,22.191977979479322
Rainy,31.37738199601231,30.70286878993862,53.83397038365956,Initial,0.0
Rainy,43.68257613785347,19.887865144152038,82.24167013536922,Late,0.7387141637712011
Rainy,74.29796345694322,22.656268027896346,57.586352595495626,Late,0.7150431070145676
Rainy,39.333853541236245,31.680385139645697,47.9551683365358,Mid,0.4162301298566472
Sunny,25.62605743026532,18.71562068829817,67.76010689112343,Mid,17.387991283407317
Sunny,21.419164048723992,16.006577201941823,71.52689979517854,Late,12.137764726910717
Sunny,41.99107584907372,36.55895553027807,53.90821469153133,Initial,7.170926489657876
Sunny,66.04742050111048,34.327848597501756,31.688596862754874,Initial,1.9844512797972547
Cloudy,30.394668330707272,23.359244499590556,35.64789001420263,Late,7.599424017907999
Cloudy,45.876584746145,16.579267199913367,80.7359335136197,Mid,6.327744239491788
Cloudy,52.210579069578436,28.129314592898098,33.39287527111848,Late,4.325507665943838
Sunny,41.53292881605282,22.45702982799009,65.52118002252794,Mid,14.584426814683805
Rainy,23.418316894730257,25.74003886746849,41.02256312696351,Initial,0.0
Cloudy,74.52219745543988,22.39717235214128,43.735577474650626,Mid,0.0
Cloudy,49.58144646641388,19.732225737999958,46.40003758417087,Initial,4.501315531932545
Sunny,61.039406873971984,25.4487242445825,32.29748317182123,Late,3.3645310317070027
Rainy,54.5230103806553,41.05214133390101,40.634116448417544,Mid,0.726212562908105
Rainy,79.86336152093016,22.188152409269108,69.02999907083642,Initial,0.0
Rainy,41.94170941070592,24.071099389268582,59.9230281724803,Mid,0.6532322014259926
Sunny,39.748066130936536,23.88953490516503,77.83974514433615,Initial,6.886733653646559
Rainy,35.20979062630044,27.967798134344587,33.674526393089614,Initial,0.0
Cloudy,35.31399215381839,37.77464954740516,83.33389777509787,Late,9.371749217194694
Cloudy,29.30391475020657,25.857309971840415,89.78391191396837,Late,5.972445874591701
Cloudy,78.64410876025829,36.765995028892135,30.94439833492698,Mid,0.0
Sunny,70.95474240113384,18.105326954678503,88.05840393239599,Initial,0.0
Rainy,32.167110347005135,39.162494526417056,44.1517627782612,Late,3.1838212058292505
Sunny,31.366033125488492,20.003210255146232,71.55258829236222,Mid,15.54707563954433
Rainy,17.247379102953836,16.05844047522824,47.549006586295576,Late,1.2447226466722792
Sunny,71.3921602356645,19.27557097018071,61.308772724851224,Mid,0.0
Cloudy,36.02362355786242,20.1502443648476,60.625110590169946,Late,6.78574699468437
Sunny,50.083077450158946,28.729611445560693,51.66632876694433,Late,9.372652287261486
Sunny,73.02644102166518,27.148333904332503,73.05280609730002,Initial,0.4915010796055491
Sunny,38.5670453931944,34.32860925715613,65.97818891179887,Initial,8.615888162181697
Cloudy,66.48076303959893,16.375679316428915,60.49662023659054,Late,0.0
Sunny,40.119993837413,28.43806878715428,88.97035871509539,Initial,8.357995393706807
Sunny,59.06586573124269,23.976723126931283,86.40055957123958,Late,2.227161927317796
Cloudy,40.18290850345268,32.029070966457226,87.32615074761969,Mid,9.082489938792657
Rainy,37.49313941882848,16.1798925513755,82.87943758819728,Late,1.505408904374094
Sunny,79.34964676933356,15.943239840790303,45.30932032526279,Late,0.0
Cloudy,52.86448894025025,26.535793237700005,50.99856185869086,Mid,5.015176372564328
Sunny,35.717382713608544,36.90616593844082,43.86327717273048,Mid,19.85053489492718
Cloudy,28.047363396077248,33.11953973165241,89.17061323337079,Initial,6.81773431986025
Rainy,12.783645916073146,15.45106448161228,39.15971218580947,Mid,0.19891116950873422
Rainy,59.45964381741089,19.8187465437813,51.990705333534336,Initial,0.6262712033895865
Sunny,36.05101997366834,21.12174954197096,41.94266548316139,Late,10.149068456900089
Cloudy,67.48779146451353,26.422591043720256,43.40722873105519,Mid,0.1698584423630205
Rainy,35.47079224356231,30.841323465888586,44.82527308819269,Late,0.1992218594781623
Rainy,36.13304346975212,20.84442469522682,68.38024053359725,Initial,0.0
Cloudy,64.54267044847293,25.327884060752037,34.562962211491666,Mid,2.302571223967811
Sunny,44.26266597268577,30.766471637831632,64.35179241742705,Initial,8.808243563277905
Rainy,71.9426339420975,25.352753205344523,79.15717417704619,Initial,0.9315450858532519
Rainy,51.309502969318636,18.86557437738507,75.99142659626585,Mid,0.43587194919317696
Rainy,26.845136946006356,28.274850389532038,39.070301896939526,Mid,2.194428226104629
Sunny,49.779029801002345,23.747843290752748,84.88390408672831,Initial,3.8996899013328994
Rainy,10.280117315429141,38.33308578898056,76.20542288428643,Mid,2.7998464879109015
Cloudy,31.867816230310343,35.94187251853353,30.318150655970765,Initial,6.085459846509769
Sunny,24.556663834846745,20.137427490309616,74.24241801237517,Late,12.18498638866542
Rainy,55.79314989220543,19.121166365932798,74.2453007173199,Late,1.3443317696620913
Cloudy,19.522700844986353,24.3872701794915,59.808964832399084,Mid,15.235453565989815
Cloudy,30.306821273303115,26.128711511976995,32.75894496038233,Mid,12.310357198389417
Sunny,33.19159880263767,40.16449008576766,64.79435629694098,Late,14.807881000343087
Cloudy,10.230526020471938,23.14375990130399,75.94480560205855,Initial,8.143104508676657
Sunny,13.273659777698356,38.42477753014927,46.25244331926004,Initial,17.41218711481548
Sunny,31.77882895842659,28.643350542550323,70.02409309510725,Initial,10.62477159949604
Sunny,25.564951723433857,38.91184059004952,51.23557170266292,Mid,25.316177049852506
Cloudy,18.18347170306089,33.952751987871835,64.43128997413388,Initial,9.22143275126373
Sunny,20.791315944777057,34.12650213895296,53.07394496589748,Mid,25.715610934330385
Sunny,68.48758729660604,29.00753216239599,48.22568796106675,Mid,0.45018600679571363
Cloudy,57.83237028588918,37.68820912260978,81.35486852592265,Mid,3.6398280973881096
Sunny,43.888227170115485,21.869469741525783,75.2302955511226,Late,7.367141398943346
Rainy,73.62123433658527,39.49848433095546,50.72694803838894,Initial,0.0
Cloudy,12.0686953659133,32.19294808597111,56.07789849691254,Mid,17.695342201700228
Cloudy,34.14544551606737,26.845140340298194,71.50220507252075,Initial,8.336928503730103
Cloudy,67.63686022528412,41.51912739222004,78.66472683543054,Late,0.0
Rainy,53.980229620972494,38.27438088661428,71.06047576948274,Initial,0.2128402080534656
Sunny,78.71812041443908,35.84456734645589,62.4558948409583,Late,0.061167902617495
Cloudy,76.11604463017466,22.39536671886148,87.2631499158763,Mid,0.0
Cloudy,21.895974375248862,41.290998911674734,76.44861718449383,Mid,18.360137652446433
Cloudy,78.03908980369701,35.06066257630081,36.93551162347732,Late,0.0
Rainy,76.18743501818507,31.34086666878412,63.48834592752115,Mid,0.7271793158035581
Rainy,36.15276615515777,39.88857918335999,54.57339848373909,Initial,0.7307782165004765
Rainy,78.80162041822669,19.37890541208649,77.69613820744763,Initial,0.7183932583473456
Sunny,12.50909066271925,18.75343342463547,32.67978203144592,Late,16.562443716955727
Sunny,56.25253884393087,30.220262188550524,54.643414197745685,Initial,3.362635621460143
Rainy,28.630346298508613,16.53126710909399,49.096578920609154,Mid,1.877963749692829
Sunny,19.062416761672374,32.92764527040943,38.4711590747831,Mid,28.092593422075534
Rainy,50.42744474606926,21.500010729121733,52.728246919174325,Mid,0.46161202519959976
Sunny,31.444521572963605,18.21371760446293,70.36801669106875,Initial,8.688501922953057
Sunny,56.67777406678057,26.056387944369906,51.70067310195158,Mid,5.656380836010147
Rainy,47.79867364800942,27.58063991187022,64.80039452114191,Initial,1.597449731039854
Cloudy,37.48125806360616,19.60309132519392,65.56870775635855,Late,5.094742188531771
Cloudy,22.727551292042854,16.121452315815567,65.226667623482,Mid,11.949981351716731
Sunny,52.08751382305237,26.179500963447968,61.77191303665233,Late,6.495630518891673
Sunny,68.04614406328862,35.50721107168761,37.01929414094327,Initial,0.0
Sunny,52.000312795649684,38.60339380622759,43.10735564611956,Initial,4.828527837765005
Sunny,52.736578904158,17.63380394148569,78.00402457505935,Late,3.7088513230966624
Sunny,45.82861549034378,29.16623750130389,60.141929335362605,Mid,12.863389469769253
Sunny,37.17680821298042,22.11188069777239,72.3645789501789,Mid,12.741913024160079
Rainy,42.02206291434823,25.115114479277395,64.1945448127657,Mid,1.2270504937309745
Cloudy,79.26792299840575,40.20292940351747,32.3214152700143,Late,0.7264777152506449
Cloudy,62.47679514737031,24.50601886953247,77.77282614107403,Initial,1.3186445120372305
Rainy,40.139162478599616,24.864340114814823,33.85945167174297,Late,1.9128719897782136
Rainy,42.01074799681643,20.653687295114764,86.59044306951438,Initial,0.0
Cloudy,44.97424054248196,40.9204972866981,42.92261530230455,Mid,10.152669204413371
Cloudy,56.1519936065169,27.32515862982765,60.744368607608976,Mid,4.010570371539605
Sunny,42.61707639508603,30.4005876195326,33.81528254794719,Initial,5.7766164027313645
Cloudy,58.03253829074704,27.235538492137792,83.69594271994927,Mid,2.5357072483568324
Sunny,33.04314646534935,21.82881507262433,88.79641527388827,Late,11.948975399649898
Sunny,38.74477424147868,36.88114055480665,38.77755016327139,Initial,9.9159446560148
Cloudy,70.4837187292693,15.76872309867417,47.747192549611185,Mid,0.8019079171281337
Sunny,33.02339582910798,33.63657261247573,30.952465307630867,Mid,20.47259646214384
Sunny,77.51057132225012,31.045365886182516,77.21792951804738,Mid,0.0
Rainy,22.075346288942505,18.895577568596227,48.68785996088476,Mid,1.59809433394802
Cloudy,26.917587099502086,19.479436196118613,65.33024816050988,Initial,7.011515645714272
Rainy,42.45758255284355,32.79909087332347,32.353110076800874,Initial,0.14320088917104795
Sunny,65.81861082387587,23.42774737490833,72.92761600048485,Mid,3.184903752152799
Sunny,61.210283433983356,22.17492811047334,61.76423780140361,Late,1.8753189424138468
Rainy,22.212621233007283,16.59721457950654,73.4988147599301,Late,0.9766848408085201
Rainy,26.567951817748582,35.695043411715176,77.37385878905783,Late,1.5272954786462516
Rainy,50.26840923355863,38.832142253117425,35.35457197073002,Late,1.2943882990821867
Sunny,30.661532170909208,37.13579749659481,64.68552724759351,Initial,11.44503347936895
Cloudy,39.562772713572244,27.582921226500996,68.99664203289731,Initial,5.950730949390026
Sunny,44.06159228409202,29.416823031675186,61.0031252366997,Late,8.896928930165915
Rainy,51.59722037452832,21.541457237586584,40.944563895907336,Initial,0.0
Cloudy,27.573592710748574,19.667077964307225,77.73583704346422,Late,9.146103825118908
Rainy,21.419810048847168,37.22103172206631,89.8474997303759,Mid,0.9853050231521909
Sunny,37.89943714558185,36.555292334710416,88.15621514571137,Mid,19.702636330814784
Cloudy,15.741835739892005,35.98871536779608,76.65177389863388,Late,12.606123827929077
Cloudy,46.87356197636386,27.51070127273614,55.08646336718529,Initial,3.403338127380535
Sunny,68.77236114644819,38.3417095428031,50.23802987040133,Late,0.8658026383623203
Rainy,18.3282961602903,40.008265872471995,34.11274794604991,Initial,0.4530740129185138
Rainy,17.89113724906703,23.865297305643008,54.977178225101426,Mid,0.0
Rainy,15.61524592071465,21.066751278069606,39.36291586390794,Initial,0.7496612255298872
Sunny,69.35029028333314,27.535101830951547,45.26008281036171,Late,0.5798482070990146
Rainy,15.649342644971412,19.841811630213996,83.51320639064107,Mid,3.104529771875146
Cloudy,78.84234247690819,38.868077898777216,88.11153789067313,Mid,0.0
Rainy,35.08319058322826,24.125743502099773,86.91354002794563,Initial,1.1683309833621147
Rainy,33.01335113997338,30.556638236595575,41.60134115060345,Mid,1.2170773556801653
Cloudy,16.414222646793444,31.057426389492377,84.05365249411938,Mid,17.41263761981641
Cloudy,50.99488488468918,28.9046727693392,38.49031805401591,Initial,4.133249664625993
Rainy,51.01175486469542,19.226194154423652,60.45961247256899,Mid,0.02843432877861851
Cloudy,44.56640791030999,41.757017282521026,68.6198020358624,Late,6.716455998101777
Sunny,31.771410305111864,19.660287189510502,57.748012386025124,Initial,9.284976802395402
Cloudy,35.80066230457949,35.290698735414566,87.11024612500852,Initial,7.392040738249677
Sunny,32.43523755716166,36.366797599489296,49.9927633854963,Initial,9.844814849632659
Cloudy,39.83024857963513,18.919420125754364,61.642659785883815,Initial,3.4757506450890157
Sunny,33.92516738368582,40.19541481184677,34.526996128779814,Late,13.967755698323215
Sunny,57.2862123905675,28.169486590948665,81.13347480468943,Initial,4.058669261659299
Rainy,30.70505306430888,31.97983988132754,54.80180375663668,Late,0.7083770948010449
Cloudy,34.558676204611785,32.3390235129395,72.03192693551983,Initial,6.353436694563863
Cloudy,40.482191935240365,28.63378839099212,70.9347378629651,Initial,6.135463535275052
Cloudy,10.277328398963018,18.83459519127115,70.5757735700548,Mid,14.807872941009718
Sunny,44.44578019546244,35.29734066306508,60.41629672544646,Mid,15.340822229711874
Rainy,27.907386223505423,30.70821754833429,46.65112743287044,Late,0.0
Cloudy,13.930531781716253,18.204376611949353,67.50567351368318,Mid,13.622831428338685
Rainy,73.77149091353564,33.908693153107436,87.7074902286731,Initial,0.0
Rainy,32.56931137208524,33.97460804177524,80.03695535677883,Late,1.0627529306108063
Sunny,39.8259684570893,29.809134044589708,36.526093893226594,Mid,15.635304477287644
Cloudy,67.91402108367693,17.444817877872335,31.391244095193006,Initial,0.1119894367402712
Rainy,21.675227952760387,24.521388840691692,59.93828141222608,Mid,1.0639973374004044
Cloudy,69.52161667069387,16.374950905920926,76.54976110288416,Mid,0.0
Cloudy,26.91465636541644,27.895092508312565,48.83415319003244,Mid,14.866996498413904
Cloudy,51.2326524130722,39.47407256113917,72.07429667425365,Mid,6.978344831782977
Rainy,57.99748661163248,15.060830530548941,85.91527585432854,Initial,0.0
Sunny,73.35097621074428,22.19924363214513,57.539070416080136,Mid,1.5625324135478098
Sunny,52.53465962788923,36.596195730998296,44.64957937383731,Late,6.102745789042565
Rainy,41.726226087500024,15.266242513183377,85.06547172481483,Late,0.0
Cloudy,50.05885466392442,15.27468280024218,58.335837840222894,Mid,3.9363614125663755
Cloudy,24.145772391814276,31.492101824548776,54.4703584005066,Late,9.13430943990885
Sunny,58.235203390489545,36.308393433561776,51.201694292455436,Mid,5.425498846100793
Rainy,23.081649843538866,35.96564627160011,55.38101714632879,Initial,0.28727461355457906
Rainy,49.00733284547798,36.04860656023075,70.41947125094148,Initial,2.8543471175179618
Sunny,55.33225629523423,24.747171310076972,56.023177633209244,Late,3.2282495875722415
Rainy,72.90082262854283,38.83355189541039,49.453433313553205,Late,0.0
Rainy,41.513287818433014,15.346561237711896,74.61825993358318,Mid,1.0168914602540777
Sunny,64.27332586124487,23.42909589285211,42.17828562146377,Mid,2.4200724800513544
Sunny,21.727134181299355,24.104067760555527,42.116023478453286,Mid,21.99358762398996
Rainy,20.93375351136775,19.47042039712761,71.7861321929374,Initial,0.1940288027447059
Rainy,46.735860960395115,24.07810127078668,82.0023918113684,Mid,0.0
Sunny,51.74385355770721,30.818871511406947,44.47265036982776,Initial,6.565099731750345
Sunny,54.263872851303574,29.047541442829328,41.46749849858577,Late,3.4913043207573398
Cloudy,62.19718294166448,23.624538681782575,70.21835287744514,Initial,1.5313447571781222
Rainy,30.645204143284694,35.2318428694263,67.24815130638916,Late,1.7061937338919457
Rainy,53.58254052967189,34.29934561782079,56.835140791176734,Initial,1.1554888436454087
Sunny,23.169738456442587,22.57880488117189,35.75163839089968,Initial,10.391632539135541
Sunny,25.32983963381936,23.727166605003774,35.5071258589124,Mid,18.341631228125667
Cloudy,14.711622186171688,22.763045363067448,76.64050734266127,Late,11.685230462885912
Cloudy,62.29004102971112,18.47898149580282,57.10614704374113,Initial,0.5888524794180875
Sunny,45.48950792699088,35.32510435994308,81.47802547449353,Initial,8.627268343726863
Rainy,26.672999391969338,16.249465783911724,64.48401909233175,Late,1.1340235018998563
Cloudy,48.936640799020324,19.065673340792415,67.12428847305796,Initial,2.380146829630154
Sunny,34.79681390436512,17.84322197919188,86.05166651451322,Late,9.442750544903916
Sunny,68.60469372024879,37.28415233915703,39.87695364236628,Late,1.6722347703847604
Sunny,46.97035165567548,16.188229915442278,62.58145375781975,Late,5.773390955757481
Rainy,12.086750599767829,32.944936827747085,33.48831599796208,Initial,0.4129705556091826
Sunny,78.95667004378173,16.200814157091695,51.53550287292715,Initial,0.0
Sunny,15.200897676515396,36.23397190588858,38.885909988072314,Mid,29.775843356400262
Rainy,58.71707322300488,39.64328033263121,41.270157737074236,Late,1.120225751721711
Sunny,40.60790874418272,28.14476547753316,86.08768320363168,Initial,6.487437973849943
Sunny,27.45224645640674,36.722628627331986,66.64095169229284,Initial,13.286726180908751
Cloudy,57.35207641240321,34.07308438695617,83.52948799138886,Late,2.910070525729768
Sunny,18.812814759349088,36.482152888683615,56.611211063444976,Late,19.628085431019237
Rainy,70.07726889195442,35.70293038720169,65.858600799803,Late,0.0
Cloudy,27.542839013919252,20.544932860945764,31.925670731575583,Mid,9.767550029575277
Sunny,35.30175608687771,28.488093274179317,58.17013393646005,Mid,16.24088782903819
Rainy,54.28505454129374,40.93118305241242,63.84340040062729,Mid,2.532340541358865
Sunny,10.072052089575667,24.275389503700275,31.0066628559327,Late,16.963569691370257
Cloudy,43.092403007220696,41.20315144720074,77.36935060941842,Initial,5.370008511351811
Rainy,72.597424505117,30.74536620871087,47.72537905659633,Late,2.15073068849605
Cloudy,57.629094889154544,27.46350827697599,57.149224497646216,Initial,2.431330729305966
Rainy,37.15302554570442,32.75945155570746,62.13781711828947,Mid,2.079273599198652
Rainy,56.22970997010464,37.02765762179773,89.531829187706,Mid,0.0
Sunny,75.55985974323377,25.64362018097023,35.95104881245097,Mid,1.1789867406346337
Rainy,23.14637217851883,15.889762728095224,63.31677373346988,Initial,1.9882522125107776
Rainy,47.22656061870671,34.13777004520111,61.835648748016155,Initial,0.9633481064434508
Sunny,26.43163068491667,40.8165031814294,34.13458173619093,Late,17.11912936419081
Rainy,69.79572474194931,31.874639557461126,68.03630161170747,Late,0.5644064324250712
Rainy,60.473517612109426,20.087190920727778,47.21126603362863,Late,0.0
Rainy,66.07531441746457,21.70254836888998,36.22607796987724,Mid,1.2064649984386557
Rainy,76.01082967452163,39.5632694030471,40.718515855107164,Late,0.0
Sunny,26.26161434675271,15.366176581320707,79.41619399292357,Mid,15.611364394434391
Sunny,13.410342006102352,29.81615996751227,36.24748574624363,Initial,16.207288047047324
Cloudy,30.363260411824847,19.284296420236807,58.015643294419476,Mid,11.253140473956185
Rainy,37.93975160397891,22.634639750861144,41.71638727075327,Mid,0.0
Sunny,53.76118646710065,23.288504536318023,39.739191725100724,Mid,6.110003666216758
Rainy,65.83931937329973,20.920634188934844,42.34270556502435,Initial,0.7056200112611922
Sunny,34.4862301632818,36.3935056930662,59.56697607117722,Initial,8.726103721387332
Cloudy,43.14478907158504,23.96964769742649,44.26730526669428,Late,6.491837073102239
Rainy,64.98270861903345,24.328094764169528,35.80397702115362,Late,0.22399368738893377
Cloudy,25.773010843014273,27.231183969723396,78.08405215483012,Late,10.323025601121577
Cloudy,25.19923495569023,39.361972795991406,62.38928419030114,Initial,8.15266420040386
Cloudy,51.24630928810236,33.58067186472044,39.411219142114334,Initial,2.7338057981040964
Sunny,40.52397813625069,16.667242012529996,58.2857909179302,Initial,6.929438773226519
Rainy,76.42277621248046,16.0600718679875,34.10174999237459,Initial,0.0
Sunny,34.99213800892046,30.292509198579687,64.8257918171255,Initial,8.050306664771842
Sunny,63.168892245478304,38.95063516663461,50.4182891758789,Mid,4.493155096012228
Rainy,50.8164920424825,23.72778985201596,36.211711777809846,Late,0.0
Rainy,13.82032643647734,21.68983938035855,41.018630992103844,Mid,3.1283613638585535
Rainy,15.906988360661389,35.201158223453135,50.74216229104359,Late,1.5798349937152492
Rainy,24.220954173299315,31.25646689468534,78.38444725753456,Mid,0.7659368296096182
Sunny,20.02068359943182,30.255738243633736,40.4253417737894,Initial,14.401079375184187
Rainy,33.05600427511098,19.03113237687561,36.5798532895679,Late,1.8599365202302913
Rainy,50.529224119908314,19.750955603846613,60.956340387941054,Mid,0.5638768694943637
Rainy,52.16537801051704,22.608269949948657,63.52181783881589,Late,2.639298222891716
Cloudy,51.14374496139179,20.5846512364123,35.41447906004503,Initial,4.904688436908801
Rainy,18.232604424320783,41.22900811625377,47.06906875243812,Initial,1.4988354888995692
Rainy,52.015778760234724,15.50249744161625,45.765842274855245,Late,1.3775800481168279
Sunny,38.682282080016954,31.90352113759175,41.173296567666924,Late,12.001335766295512
Cloudy,73.21368656769089,28.975168271636832,48.93828763203923,Initial,0.0
Sunny,73.83889372753862,23.72778336925778,32.2265106922978,Initial,0.28671626455601884
Cloudy,63.77216786786876,38.964895226807336,69.09298697720871,Initial,0.5473973801797515
Sunny,59.21750057694569,33.09438959356062,89.30922870203047,Mid,4.81472294345301
Sunny,18.046690212223112,41.955567485727116,68.04280604815493,Late,20.99298685218376
Rainy,15.928594811068805,19.553710901815105,51.664587032627175,Initial,1.0227121478271899
Rainy,68.85835836398601,17.372431568431377,70.07461806874062,Late,0.0
Cloudy,39.89110715202186,18.763726221591288,64.29095526141458,Mid,7.967419904122687
Cloudy,41.595359264066225,22.2708561247841,80.80547583524069,Mid,7.517598386077582
Cloudy,69.34551630091212,26.253248772334814,67.31247365892003,Initial,1.5014273977761423
Rainy,53.50016713425518,38.29028869505246,68.04458127727492,Late,1.610258815960154
Sunny,22.5585068631474,22.656977690879938,43.2998512963796,Mid,19.492255134458972
Cloudy,24.770926029115238,39.71156937074742,54.9376343122556,Late,12.601985179956056
Rainy,10.446401832438433,27.49850758692735,50.66496361534063,Late,1.87587321039857
Rainy,59.746906575909534,32.47089050055253,30.685511244225058,Initial,0.0
Sunny,43.99281609461396,22.13900827951067,48.79684376334368,Mid,10.521396731478413
Sunny,76.49747389859222,19.212373032635526,59.163727459377014,Mid,0.0
Rainy,59.98089608737875,38.47533739776733,65.99091799260486,Mid,0.0
Sunny,17.22068625365967,17.956666874044426,86.07413680262732,Late,11.776211451079158
Sunny,21.307902195748866,35.898575255709616,44.346825561588986,Mid,26.708396171936513
Rainy,45.120725274832814,30.68657626407515,39.145739466513504,Mid,0.0
Cloudy,74.74119180639127,38.250720105328924,82.16674133993749,Late,0.0
Cloudy,27.307576291864706,34.381097126650786,86.51084964530685,Mid,15.324346643013774
Rainy,67.79061413387075,22.60493075701163,59.27725491486506,Mid,1.5608790326413335
Cloudy,31.85906940949726,30.50954512594646,36.91299367500312,Late,7.017873055291442
Rainy,28.89280326890447,15.352987729347078,59.12329795661827,Mid,1.6759780019728008
Rainy,73.09749245313469,27.830895244055583,36.56659962619612,Initial,0.0
Sunny,13.306911445085694,17.322368160444963,82.99113472203976,Late,13.880108464486288
Cloudy,56.251872711369074,26.581514940878904,72.489006276975,Mid,4.257601918999973
Rainy,13.021725999685618,17.959518815964284,44.468221062600236,Initial,0.1843853844227148
Cloudy,66.05346506000907,40.79795478752621,83.20144159900721,Late,0.9174240860249968
Cloudy,68.05830484688546,29.12283485000865,68.27410374295916,Mid,0.6789570190911789
Cloudy,72.53496022617557,39.65688560246937,87.1958002032521,Late,1.1605811769046714
Rainy,23.026304311584227,15.603888020075678,88.82879094063283,Initial,2.031432366053358
Sunny,18.71487091484803,32.21663866481124,30.196907354143086,Late,17.0076300465684
Cloudy,45.24745325906935,23.287771552018746,37.212852541652744,Mid,6.645407708871453
Rainy,29.014283509203917,26.65938289106138,62.81533984841014,Initial,1.5301413703882245
Cloudy,52.440823057294566,38.57335967079662,87.35117246803749,Late,4.124749122538786
Sunny,45.96231033995302,41.460569558486114,89.65401813058173,Mid,15.092356813577332
Cloudy,20.139647715779873,21.655282769700513,64.04447611821121,Mid,14.361210821532003
Rainy,61.74893456962398,40.602838704539145,40.42808933671382,Initial,1.2047711331426376
Cloudy,66.26490649681513,33.59562761980642,39.78300120052237,Initial,0.7631166368949176
Cloudy,77.413011567595,40.68817568764631,75.8314654868483,Late,0.0
Cloudy,37.687721345279755,30.18390896277267,65.51626072237787,Mid,10.148694321518503
Sunny,33.6414454837088,40.9404196947697,62.926433935965775,Initial,11.00070788797081
Cloudy,23.45838592139569,39.096297369980704,57.945895398030984,Mid,18.036764378054745
Rainy,22.6605538646439,18.47197701308704,73.5080775949009,Late,2.4074444134968758
Cloudy,32.473729976598975,23.391328031746724,81.48325074038073,Initial,7.157124374092427
Cloudy,78.72716916479877,21.56270617083782,48.17748487173817,Late,0.8855252043009731
Cloudy,16.45810723069094,30.446681803356938,43.25506603055344,Late,10.515996560640243
Sunny,28.155634145423846,36.675584650659985,70.21194997889654,Initial,13.79087834543654
Rainy,16.01848778125291,35.5041090659458,84.8839454432972,Late,1.8262814566771857
Cloudy,29.15419749150163,34.62222657165387,50.88944640864517,Mid,13.265274332531728
Rainy,16.468100277149347,25.13215164486082,46.34689315064492,Initial,1.7820427472230556
Rainy,45.58162067292197,18.770195803951353,43.56687781413717,Mid,0.46603526013555596
Sunny,40.68489574642214,20.68575594797218,45.26945446179785,Late,6.08616183997256
Rainy,22.18352312705942,35.02529141050498,38.09600057761887,Initial,0.003780320755364497
Cloudy,22.23655256426303,18.983427154608208,65.80669365650121,Mid,12.089305691031894
Sunny,53.8276351603575,21.01956103320507,46.84956411967534,Mid,6.593446628146739
Sunny,37.09849372933803,26.46292162758426,66.89666169947427,Mid,14.173915180196929
Rainy,13.933645571327986,16.9470356285615,34.98194097075409,Mid,2.2629553124734247
Sunny,74.41348198369477,20.742685640793503,36.927407527072745,Mid,0.5197665619892278
Rainy,38.34667400668603,19.043739438213386,62.16851566781668,Late,0.0
Rainy,51.37332883996817,40.685688138619696,60.69185666856084,Late,3.1577495569619414
Sunny,71.97883649428616,20.171198909712007,46.29059560427332,Late,0.0
Cloudy,38.15112980915535,38.267782174600626,79.62785109723255,Late,7.314425132585347
Rainy,67.44620275878745,18.099551164198427,41.22282989205297,Late,0.42257589005924384
Sunny,74.0326557222065,38.481174572167696,51.63966745099117,Late,0.0
Sunny,22.184716856435912,31.18471222938368,63.330702364344134,Late,17.57320397296136
Rainy,72.47447220023162,37.94205992706468,82.03266615092187,Mid,0.0
Rainy,18.38827126944647,38.41841459050865,55.113058510006596,Late,0.48105328267954084
Rainy,29.25891865655331,31.102085328020046,53.916057326454265,Mid,2.083872659744722
Rainy,66.57480133551655,39.77774214166565,64.77224568190768,Initial,0.0
Cloudy,73.04791838013281,30.80710387008482,49.00172492777378,Late,0.5338190112628001
Cloudy,57.889715186113996,34.23925710271614,72.55039518957537,Mid,5.440621017350051
Cloudy,17.33780946657449,26.234172883558482,44.92175644002028,Initial,6.018905146702469
Cloudy,46.609459383332684,39.679827750716655,79.39175981641273,Initial,4.264362565488914
Sunny,50.084387633484,37.252388550624715,46.34120478800767,Mid,9.511971909658662
Rainy,29.73018110004603,19.501254013657043,89.56206973743073,Mid,1.165165543860372
Sunny,79.39070648302784,30.562471955526867,48.98774845965856,Mid,2.2435203729965183
Sunny,33.493956980157805,39.214337885347554,82.72956831931187,Late,14.294541242125835
Cloudy,24.717833850598147,36.412741328791675,53.84135724636344,Initial,8.362472348150547
Sunny,17.70952200564342,40.988925077855775,44.76329052185582,Late,17.879181319099533
Cloudy,36.49508826111966,21.24514554758506,43.56979502762131,Late,4.87028714325433
Rainy,58.48330841522374,24.921410094522905,81.0114769109927,Late,0.11337943431239544
Cloudy,26.19919653047383,28.694180976489545,48.5251791787726,Initial,7.350290062007433
Rainy,63.86809522245161,21.282067590736155,50.31378053758482,Initial,0.44041718760590587
Cloudy,19.478088740520896,25.639221890098113,41.81958335033643,Initial,8.662556114889
Sunny,40.83275516849995,29.51355851945698,87.67948308697301,Mid,13.404424436100749
Sunny,59.16616180742287,20.1661584810362,44.684636435929804,Late,2.976026978693271
Cloudy,19.47165818813464,21.930571104969676,44.84661713889672,Mid,13.223495308191584
Rainy,51.84895469964842,18.370747494837453,86.63387341528176,Mid,0.0
Rainy,65.92667586918338,34.26129806691521,84.05393129971097,Late,0.0
Cloudy,51.68842274024446,24.76190201647559,44.93465299079461,Initial,3.352629663601755
Sunny,45.802474702926226,20.947186135962287,81.88353417107936,Late,4.106622269961005
Rainy,68.68096872419885,28.697752027885716,44.98939278516701,Mid,0.0
Cloudy,78.97942450008516,16.842731253501686,35.067849891172465,Initial,3.167190144013333
Rainy,22.69190666486223,39.93197837059666,79.2216809037495,Initial,0.38868520946749796
Sunny,58.3942438929276,22.950623071246135,76.29348946891717,Mid,6.477393469519582
Rainy,15.64602880376757,38.934537400964274,47.68002730148829,Initial,1.1268024431418886
Cloudy,12.998871678176302,28.43574176376547,35.40833910735656,Initial,8.837196498551583
Rainy,29.657327916170708,37.95406343818729,42.386333068628865,Late,1.7456561989674553
Rainy,77.96438519688158,21.670739901320403,76.26339425438792,Late,0.08059288598063183
Sunny,48.65369559582564,19.73230626055433,87.8848688965456,Mid,8.414750842919672
Sunny,28.77899407687878,37.934118687340366,45.540124307669494,Mid,23.303875438292906
Sunny,19.281026748347116,20.748944824036194,79.09552806212695,Mid,21.27708908436219
Sunny,74.41283821093353,35.14727443108866,43.67595944022926,Initial,0.0
Cloudy,35.365660731000844,24.303762455810073,70.77602350950502,Mid,9.397843922637582
Rainy,31.468808927089878,35.20123061374936,35.01680814189158,Late,0.01658935776082049
Rainy,70.05744023993036,39.506449181684914,65.1177384229356,Initial,0.0
Rainy,52.308198219760946,41.50423764475691,46.15139347168309,Mid,2.6064560669924193
Rainy,21.804527814913904,24.714855886253105,85.55075692401942,Initial,0.0
Cloudy,39.50573720634202,24.923197535294747,47.38505332673722,Initial,5.696197376732498
Sunny,74.97617476739956,41.49746889319107,53.906441691738394,Initial,0.0
Rainy,73.08425021950481,38.261259518047034,80.44074666927486,Mid,0.5404761960191353
Rainy,14.907685490701759,16.21748324160721,56.29647495280766,Initial,0.7766315773083237
Sunny,28.802923492683554,30.483149628116053,44.30473510769511,Initial,9.180289781536185
Sunny,20.81775786204046,19.893608831807835,62.85265925365783,Initial,10.627195553040776
Rainy,47.36681999808414,41.8383384745169,80.39947173899891,Late,1.2540524518657445
Sunny,62.498832192122286,18.75092133401629,55.99065672027915,Mid,1.998665157637539
Rainy,30.688024780917733,30.102385538657398,37.973309352292056,Late,3.25007915865873
Rainy,63.05972541697252,32.960355990787946,52.98521478687101,Initial,0.9501087312709519
Rainy,56.81009011484176,40.30074567565952,87.26850798565148,Initial,1.1162760556453903
Rainy,60.97555465852618,37.87597441439305,34.32129722194633,Late,1.1703520376560845
Rainy,76.37705993118571,21.63537882585014,54.50671034688119,Initial,0.0
Rainy,39.7228302550692,30.460846684897625,68.88172763640992,Late,1.4245203350756437
Sunny,33.979761722803545,40.746496863458844,34.71106357270937,Initial,13.643460535808803
Cloudy,57.86930456921814,34.864354871833314,50.69715282018409,Initial,3.0002479359340684
Cloudy,66.52899990344531,33.58508140625713,86.43470123641579,Initial,0.3646808918391988
Rainy,23.40117041964902,35.382329140591224,31.838141532368596,Initial,0.0
Sunny,69.2759720570333,23.707667102671135,75.10451277035659,Mid,0.0
Rainy,14.049674369936398,34.68981127388737,80.48249796815978,Mid,0.8149921824417261
Sunny,10.44756264532137,21.28707828906673,46.623643525065006,Mid,24.408143769616366
Rainy,21.08990045843256,26.55877481450934,42.882862171188734,Late,0.0126135430324823
Rainy,78.50670308812627,39.02807806408968,84.88925361517244,Late,0.0
Cloudy,46.64957643324435,15.512220955250296,75.84010172884346,Late,3.8527091196047554
Sunny,13.259718805987657,26.18660355681336,36.80284257642014,Late,15.706210871232432
Sunny,79.80229788347991,22.20418770195461,42.731835330984175,Mid,0.0
Cloudy,62.14378783789157,20.361919645327454,67.28130929955327,Late,0.7955313235165168
Cloudy,68.66035531658514,37.64153637975783,55.16501573381355,Late,0.0
Cloudy,24.90583685360584,33.80546146681441,60.25046222627399,Late,10.246221217635007
Cloudy,17.381460396545037,18.04108345111001,87.09254610613606,Initial,7.113181321905985
Sunny,46.055945990234406,28.350509815532114,55.214127791518436,Late,7.240273651197325
Sunny,64.05229789975698,27.606455839332,82.90091974885614,Initial,0.8294006026490846
Cloudy,54.64464566229483,18.84825043879403,69.6446831196344,Late,2.5764216754411287
Rainy,54.174153206271974,36.593592926762625,37.29716752281337,Late,1.8600555475132003
Rainy,62.99672585818239,24.900197229263394,74.67042219886318,Initial,0.0
Rainy,25.89145778874584,35.57231992933065,61.21254443737889,Late,2.276724429009212
Rainy,56.306349726769255,20.185690607219737,43.50583502351931,Initial,0.0
Sunny,37.447746839475016,23.506983463573473,47.372959384937886,Late,9.835903544735629
Sunny,14.882743972423745,17.569615587971978,63.43994548504508,Late,15.127535203116691
Sunny,24.14998243703697,18.87394028313142,66.10214940874758,Initial,8.332276123547992
Rainy,65.58026174434248,38.84595423952379,88.0905842417688,Mid,0.5321633336667422
Cloudy,72.71514886563199,17.946041393010592,81.2832081846356,Initial,0.0
Rainy,29.797526806986387,17.584742596720467,42.35035721971657,Mid,2.2708948508932556
Sunny,23.325265660397747,40.390187392589816,76.43952423402874,Initial,13.049852728821861
Rainy,11.870715297162237,32.43939341084072,30.49750848909873,Mid,1.2539696058814234
Cloudy,76.33881720107684,17.724731555969324,37.78850766990864,Late,0.13137983491836477
Cloudy,57.86984475246455,41.23635195478339,41.98202496397699,Mid,5.360047773925521
Rainy,76.99210735302123,18.971700283589023,65.83196115954829,Late,0.09271690243886915
Sunny,70.46944280793883,35.69133458270656,41.6811003780112,Initial,0.49514064846765027
Sunny,33.83266148832854,15.940986764268835,51.916376522118426,Mid,12.77732210496859
Sunny,17.887813202885475,31.862628528174913,44.56678692852477,Late,16.688308951714255
Rainy,44.933975640209646,29.76100454677819,50.2449974627978,Initial,1.9352323432816656
Sunny,11.87696584723697,20.61610288148313,86.54708668404396,Mid,24.36088160475744
Rainy,20.494163970041477,32.36494585345124,89.84258115572581,Late,0.7293648344078477
Sunny,26.340284031055848,31.660430815789493,71.14332637584656,Mid,20.610252509775602
Cloudy,56.595261730113265,36.55549631752737,64.33847228734085,Mid,5.99717031014474
Cloudy,45.69142317678673,38.64859958221203,72.506870748977,Late,7.232152302806249
Sunny,31.169368927895846,28.77283339764628,76.2991320251345,Late,12.310733879157977
Rainy,49.5337879433938,28.237970224072356,74.34076461657087,Initial,0.0
Sunny,18.76418542218571,31.78308581550684,34.91355169200029,Late,17.196669567270558
Rainy,62.899568877302876,34.688604909204955,48.61760515720644,Late,0.0
Cloudy,59.8424597127299,24.616621655930615,50.60588290738498,Mid,3.6854375933844583
Rainy,25.155187297637056,28.62533085088817,52.155268449008474,Late,0.0
Sunny,52.44740890434147,30.79781301722568,50.65882671909252,Mid,8.23096120020686
Cloudy,45.23118230080666,41.6862082635696,77.22553784701967,Mid,9.3728188371301
Rainy,14.257141829485981,30.86822930430975,74.85628007306269,Late,1.5930712320067073
Rainy,29.47077417852941,21.05303687004093,30.27601817355911,Late,1.6663050939340986
Cloudy,79.96378928166968,30.87572617248704,47.782891409683145,Late,0.310980567993401
Sunny,16.96749627775712,37.12648873962349,67.41981886711953,Late,21.520443918189155
Cloudy,45.448791491551255,38.14989936030216,37.21593731932797,Initial,3.792564426193356
Sunny,69.4533628230204,36.60676227401132,34.271897669131945,Mid,1.764724607724949
Sunny,31.045631110361477,38.98165421279873,79.7038871699089,Initial,11.009476937566106
Rainy,28.249604729562535,24.03869123073644,57.16105633032414,Initial,0.30665706755891453
Sunny,72.35551361832266,28.704406765721874,81.3412420752512,Mid,0.38722306791821093
Sunny,31.338096288710116,36.04895959220369,79.41316363059394,Initial,12.507161270497459
Cloudy,55.604531787695436,22.140148670495655,83.60223132843514,Late,2.2238200667532886
Cloudy,61.82190890316878,25.03269882199593,32.89647381363883,Late,1.9707496548283496
Sunny,65.20324245149735,37.44120267301233,41.16780396650307,Late,1.481468078549475
Rainy,79.63317461148975,35.79231253975304,47.76858986408523,Late,0.0
Cloudy,66.22344487969302,41.2223883337344,38.17382327027161,Mid,1.4085279311531669
Rainy,55.990850982127405,41.89129957989556,59.128189247142856,Late,0.0
Cloudy,72.68244904312814,21.500102768227233,77.93861340234352,Mid,1.2714890648841282
Cloudy,73.40212449472632,39.31214962668918,87.07090865098228,Mid,1.2784062939240168
Sunny,78.12165203617306,17.551918536451865,83.37444806858797,Mid,0.0
Cloudy,64.35256851335403,34.1646056420295,57.440200800948496,Mid,0.9434742319552709
Cloudy,23.644913141869168,20.942683467239874,68.18946608225713,Initial,5.942594588592549
Rainy,59.686426223279305,23.108401236909195,43.841767406919175,Initial,0.7025099950814834
Cloudy,15.258990915067294,40.55067179694263,54.18053999591519,Late,14.376985181166315
Cloudy,32.25740495407754,22.105083391823722,82.2709557252002,Mid,13.694287495276198
Rainy,18.106525722090844,33.17580246733702,31.751851321168846,Late,0.9851537890718285
Sunny,76.4959824821278,19.809469712307916,61.96555635860846,Late,0.09136966439671572
Sunny,33.71278785570534,17.521529394403167,82.36789787394127,Late,11.189659551677174
Cloudy,59.925095251027486,24.16155968428434,37.320592431045625,Late,2.196776450643674
Cloudy,49.99229050502891,31.853294721315994,88.95277211706733,Mid,5.493198653992859
Rainy,17.52579891399958,21.694518881360192,30.743487838870152,Mid,1.9171315628197678
Sunny,49.29411135166142,23.1045575641352,83.16720068778986,Initial,5.485843852414602
Sunny,56.2716480397411,34.13570510237429,51.220354463698015,Mid,6.964826745379295
Sunny,71.70620801195408,17.775492620496962,37.961434900665765,Mid,0.7952796573157087
Rainy,14.905994969340021,27.066437478694702,39.44149051527211,Late,1.935668013977256
Rainy,30.69437895677884,40.42683230682005,72.07072310125625,Mid,1.194753537635168
Rainy,58.463866073882876,25.718234885184074,82.24318059935663,Late,1.8024568573399486
Cloudy,12.403214511026832,26.723427755390862,68.46398122840728,Mid,16.452660482332206
Sunny,24.248741932422963,34.9315161973968,85.72349828164518,Initial,13.598634645180438
Cloudy,25.306927748326768,36.03331109488687,80.54872770341395,Late,9.91926993064439
Cloudy,56.85284889415017,35.77937252407416,30.541908416439025,Mid,2.930315371134688
Rainy,30.017247563281323,41.94240967266644,70.16577986580808,Mid,2.07900598816205
Sunny,51.97169635821101,16.92917936215055,48.27808132285755,Late,6.464799848273593
Cloudy,77.57439126734151,41.52083868509098,57.27000070322461,Initial,0.0
Sunny,65.52700874008637,40.65511965892976,35.641844888053605,Initial,0.0
Cloudy,33.30319632511542,38.00775030700807,46.92594971229902,Mid,13.59968852167009
Rainy,43.0679978187555,27.261390548005124,67.96115804595044,Mid,0.08614105041747233
Cloudy,24.047173147070204,38.51436403411596,43.102927815379445,Mid,17.940351473324597
Rainy,11.100400721241488,20.962475132264572,68.85220009627159,Late,0.9315818837443768
Sunny,30.280077868740076,36.37470755547142,85.38193024780034,Late,12.85422928753966
Cloudy,35.85860278434567,20.00143418426846,30.296418300297432,Late,6.434683938286304
Cloudy,49.50570210429328,37.014774093721854,77.1462431837915,Mid,7.562226898960842
Rainy,76.08466544846108,31.592286598129537,68.4791328097913,Initial,0.0
Rainy,76.34964511502835,17.64684454686519,32.79796576402754,Late,0.0
Sunny,14.906880920150213,39.17362799464509,77.41002823471322,Initial,18.759658975457008
Rainy,53.02519756718192,30.604844277291598,43.47126210822786,Mid,0.1548722690379235
Sunny,12.964685562149928,32.718703509702095,45.94923244335749,Late,20.649124593121794
Cloudy,55.365675237099246,22.65477096259347,35.6109409481624,Late,2.2266917723356467
Sunny,18.23921435926026,38.53415860591578,62.062788920595565,Late,20.412291995966154
Sunny,76.24819775154702,29.720419849146214,59.8934244160936,Mid,0.05345216576063642
Sunny,70.50370777772785,26.370247675870594,50.83047038017734,Mid,0.02801479195690148
Cloudy,11.563018138736831,29.425607121164575,40.125228466006384,Mid,17.57480667536994
Cloudy,64.74922071204995,33.98945319962996,80.27721326994396,Initial,1.4839153996371977
Rainy,54.51279820194277,33.76629264388029,82.58270580406031,Initial,1.7171665937093725
Sunny,44.67584334440654,24.654581725860943,62.434776642820324,Late,6.510383055599094
Cloudy,52.18441407267419,25.40197356286903,44.65352001596269,Late,2.6312020954613398
Sunny,57.477504232419626,30.180431206637532,35.76660394192104,Mid,9.16355007019887
Sunny,71.91202328923592,39.95899225935867,82.11265004949377,Mid,0.0
Sunny,63.71503627299218,35.12661720808134,35.76316317537326,Mid,2.846465455806417
Cloudy,50.276447353099336,25.54120460487003,30.790802264967077,Late,5.228701382411173
Sunny,67.72309625215058,24.09988091689755,58.16385464031832,Mid,2.4199873170215866
Sunny,79.08460695525201,29.13819020170749,73.87626131876006,Initial,0.0
Rainy,31.01274146253063,38.489766960694055,57.45222026862244,Initial,1.6140974427439447
Sunny,18.28944858127877,15.23433952308863,33.084636419192165,Late,12.288234531340876
Rainy,61.20137824960898,34.18312384381823,71.40174680530937,Late,0.07381504498735447
Sunny,78.50174337390882,22.951830896819708,68.53995723347106,Initial,1.1651235834075448
Rainy,18.169414484172734,20.626731965836587,70.8917838674733,Mid,1.1720913648467064
Cloudy,40.219508060576956,15.32772591405249,42.67214948094296,Late,4.120399199582007
Cloudy,14.358734953000557,39.20794675688788,77.74190454871194,Late,13.458539721746863
Sunny,64.35723599395529,39.6307086901739,58.750092704888004,Late,1.8390723638528168
Rainy,76.40961010019785,16.658270924383142,62.18116863542642,Initial,0.3473570132568793
Cloudy,44.92959081163999,29.089013722386735,62.749800579254945,Late,6.553745651859225
Sunny,38.66648030821324,19.119510384187464,47.20838622427206,Initial,7.063165628701014
Sunny,73.54033162753646,35.4845639755034,45.00804626022254,Initial,0.0
Rainy,19.337187252198163,32.96556973768597,30.285967828892183,Mid,2.434266567806424
Rainy,72.41090180325179,23.0225319497889,53.79662052332402,Mid,0.7801961311995445
Sunny,37.448820196095724,18.157927588089866,59.10617903634393,Mid,13.221583503109402
Rainy,49.15844886505281,37.442957895799495,74.56822473931791,Late,0.0
Rainy,46.980447358981635,33.204816940690975,33.997617656658,Initial,0.8839812561695641
Cloudy,53.11854220873115,15.184138515068925,85.43936474392268,Late,0.4970059689259325
Rainy,75.94863196302528,31.952538085274842,45.83750809482249,Initial,1.5339214444906837
Sunny,76.57889225871644,36.87799274780134,52.00324140769487,Late,1.5310812266172202
Rainy,68.18037870145798,30.950737608565035,32.90174793571571,Initial,0.9243070254404413
Sunny,23.408085392645958,26.46726927027143,69.1881846490874,Mid,22.82756199253802
Sunny,33.34614270719216,30.765796220642507,72.53536784339201,Mid,18.322121815535017
Rainy,44.14773951781813,31.732225532178376,85.72747303738593,Late,0.0
Rainy,73.38226575579621,32.28093484643753,50.20974019891373,Initial,0.0
Rainy,46.46053766923483,41.11021645541781,45.442123792694005,Mid,2.0085512100795224
Cloudy,78.42049652681585,19.823490264075673,73.56519021425224,Initial,0.0
Cloudy,78.8688820168451,31.823514437475456,72.40805330657568,Late,0.0
Rainy,51.90089816240879,20.07581963000148,86.22744347120322,Mid,0.7486014336152206
Sunny,71.42467376834679,20.668831446723317,42.31911745399704,Late,0.0
Rainy,79.94558984167293,33.069962860098904,72.3175573616721,Late,0.26477278299039114
Cloudy,69.48015626148538,39.73076029424354,34.01211463136126,Initial,0.0
Cloudy,55.98377092303782,19.294194671679524,58.82208640543312,Late,2.1611628832076746
Rainy,69.15934678643464,40.9865694114235,37.1634466359425,Late,0.847936954689998
Sunny,15.785854325287474,23.62305280243818,69.18875928566831,Initial,12.221257575683396
Sunny,54.43749222708875,25.565479173333603,66.08800570150115,Initial,2.915079764940695
Cloudy,25.156542256450358,19.149382246348615,32.929976017783716,Late,8.591208491748555
Cloudy,18.124455545547182,31.62757485799456,49.177069355085365,Mid,16.571783173130335
Cloudy,72.50098766296713,31.103353354847115,53.70201793660516,Mid,0.18448888360197918
Sunny,54.775146063063765,26.94128306377153,44.88361617077787,Initial,3.5853886656865677
Cloudy,27.04825821453466,27.854467526877066,32.32020264112861,Late,8.756019074211753
Cloudy,37.0747608418104,31.82034864624605,49.12931376636353,Mid,12.353660938920207
Sunny,78.12935817473743,30.754406444037677,77.55749408704972,Initial,0.5719357696010684
Cloudy,70.35274370157401,25.105111304507112,51.60654531549855,Initial,0.0
Cloudy,11.090725685036118,38.871088403096394,49.4021853140612,Initial,11.238224720651633
Rainy,78.5860696592641,33.02683412443861,86.50518827469507,Late,0.0
Cloudy,35.797063134252014,20.545970926194837,32.49784312287008,Initial,5.023315616247914
Rainy,58.679271619014735,23.637380824654638,76.03729173851897,Mid,1.2627472724448547
Cloudy,59.88735952264355,36.27270874598784,58.985615898861,Late,2.421834646913059
Cloudy,73.81791049949192,17.822185287542684,86.66775045063244,Mid,0.002461785463031483
Rainy,71.95426133425303,35.256263965556016,53.60824464980351,Mid,0.0
Cloudy,29.721071401476266,24.688745910936476,72.48254022033132,Mid,12.903628053050761
Rainy,55.04748348000116,29.89565824492776,34.19612186343089,Late,0.1839164680689554
Cloudy,37.559379605030315,22.57506916366667,85.72634553503286,Mid,9.188108703433613
Rainy,46.78806155218038,41.63432743915155,50.67256000791555,Initial,0.7865808525586762
Rainy,48.82749678044574,39.45768788784221,61.440274547057186,Initial,0.0
Cloudy,37.744041208172575,40.0681455974948,38.308896525778025,Mid,11.899354348064454
Cloudy,42.47258143082987,19.98893898539295,86.73347227321445,Initial,3.044345997355027
Rainy,24.583958754470782,37.72563259096766,70.37822423579361,Late,2.604222570078338
Sunny,52.53524682830302,29.455721727650435,33.23684861016673,Late,3.4824813701889497
Cloudy,63.12718708099325,34.11219840738825,39.312406750757006,Initial,0.30030067856632026
Cloudy,40.08188428862922,20.872609801992056,53.99003985855899,Initial,3.912832494808196
Sunny,78.43760617428481,34.22358544143883,43.0062607430563,Late,1.4974957159134523
Sunny,14.0058485188028,39.685215603451994,48.277534170979834,Mid,33.30576017048048
Rainy,51.24124772230501,22.221997417917596,89.84946965257059,Late,0.0
Cloudy,50.85205414106334,21.300715991836675,69.51892182898816,Mid,5.013894272187484
Rainy,12.540739488752461,17.8191928087839,85.33305613886711,Initial,1.564882718369608
Cloudy,25.719912067841662,22.203780233414847,56.14790249125974,Initial,8.676624689599683
Sunny,73.38798085546958,29.466391069021537,72.61693706943407,Mid,0.0
Rainy,48.11598312264497,37.48333986881413,57.58141752967732,Mid,0.0
Cloudy,40.547011247751634,22.527607091756266,49.69347257130145,Late,5.7217128521092855
Cloudy,39.08475118757872,31.770898504871464,61.150388790063374,Mid,10.111143156492403
Sunny,72.17125824140764,27.948948877672077,55.6386625072492,Initial,0.46330867118861435
Sunny,35.69218229351101,22.791634096679836,88.83243892084161,Initial,8.560682953161088
Cloudy,70.14168036283803,28.779695192255474,59.76998431298405,Initial,0.3199316921378321
Sunny,31.643481951661514,19.534984702688682,78.66678797392774,Mid,15.902059224447727
Sunny,47.20527891519904,32.26859411590999,70.00916809775092,Mid,13.384479654479248
Rainy,20.067383867513616,18.12289347196397,58.77763423304535,Initial,0.4471949021438049
Cloudy,67.75212185704112,34.736474178867155,58.449004347980164,Mid,0.0
Rainy,61.51824097033795,19.798242316408693,50.51340702372226,Late,0.4768191346042209
Sunny,47.10651444323366,41.95029713955554,36.418908457923365,Late,7.915020933327997
Cloudy,11.813091523528096,37.23916005853113,75.68815973623902,Mid,19.831397469282155
Sunny,43.68801323002878,24.283688204212503,85.08568759203234,Mid,10.84866557919362
Sunny,25.76375697576728,26.507528851811433,43.07729127960706,Initial,9.686057205683714
Cloudy,38.93620071125136,21.998157569907587,85.54040963575184,Mid,9.615368472658822
Sunny,69.94985422010512,35.712093151859975,43.93825308349669,Initial,0.06352448326619245
Rainy,63.872231374551305,25.279628188859895,61.80474611902651,Late,0.8388325206717804
Cloudy,26.9367036655318,35.39000876512746,50.617319767628274,Mid,15.556551548539545
Sunny,78.94674030478853,15.496841976364875,36.87052715473549,Late,0.0
Sunny,73.22473544033275,18.661765906624083,33.17030249733284,Mid,0.9605038550767908
Sunny,47.00714101936365,24.854307036969352,51.92079192865364,Mid,9.834069452794367
Cloudy,47.110522420153934,17.940530401654,32.8406318729664,Initial,2.8649435801792147
Rainy,73.08861755023116,31.2304557919985,36.25238625227108,Initial,0.0
Sunny,54.53013659074624,16.372466660421328,38.53785472787905,Mid,7.160543480639886
Sunny,47.56818883039411,38.21360085391226,30.114942370739943,Mid,12.65482481107244
Sunny,62.440396657665055,35.55531596641153,39.19513295061921,Initial,2.795343751414628
Cloudy,26.456798068952658,20.838924939154715,64.63672082270247,Late,7.11729353604142
Sunny,71.48641937869196,28.06238146550238,79.17138732575619,Mid,0.8470195771454558
Sunny,47.1990668285638,27.198953117094852,41.60579756448419,Initial,6.4856903299789685
Sunny,52.244950648019056,34.571344614190195,34.85235623085002,Mid,7.893749788670952
Cloudy,16.296070987838416,25.84074031281174,73.77085190615233,Initial,8.429197406229843
Rainy,31.665627113356212,15.889253041405835,30.48976268743296,Late,0.7886707646444172
Cloudy,39.871473567046614,22.390868188945642,74.04972612218288,Mid,7.961219963804128
Rainy,38.973666640521365,27.587286741400135,37.86703415201288,Mid,2.433590062864897
Rainy,64.47990563249205,41.31128983633725,43.697103727164205,Late,0.0
Cloudy,29.762567824300557,38.791284007767324,37.204194653281775,Mid,14.402474067639883
Sunny,22.747648364014623,19.897965888059144,44.84028942308367,Mid,18.244472398882248
Rainy,50.78320760235772,34.52845039325082,77.8905563077077,Mid,1.7653152524867401
Sunny,53.051040085695774,40.29428777139927,37.952646307504544,Initial,4.283403356372988
Rainy,18.51083149603686,15.237400551951982,89.64993793761204,Initial,0.0
Sunny,10.17279520901972,34.4655331891123,49.62586656586751,Mid,32.45029480738922
Sunny,74.23543560153011,27.40200438150125,85.31808753049972,Late,0.0
Cloudy,15.574589797933385,33.366377299644,41.4019847901328,Late,13.29300372304842
Sunny,72.85068523594,31.350910386438336,41.273851196664104,Mid,0.8123433957204345
Rainy,37.945041207048774,41.58596835030394,63.92014098258443,Initial,0.6893147171281103
Sunny,55.71391355965469,22.79801597004243,33.036005094280675,Initial,1.834485352426581
Sunny,22.993028349447737,36.22586051047015,78.06017385813557,Mid,24.704278284872615
Sunny,67.67419194792424,21.33527698445265,56.37691504008323,Initial,0.0
Rainy,22.6135370829912,26.76141539385467,71.95178840117127,Initial,0.7026952115669928
Rainy,37.055640382043464,41.33528359712012,40.477932209761164,Late,0.2778859105596029
Rainy,26.661804563657846,35.68567999238212,68.54144104717142,Mid,1.5099999227708851
Sunny,68.62541703808557,23.527173919656093,65.64423926110162,Initial,0.4937463825127595
Cloudy,70.08350695542157,31.722970643482647,75.33967511507663,Initial,1.8983007103623
Rainy,36.04202225591619,16.341686254574924,47.844077559058235,Initial,1.0621976663025887
Sunny,31.516492970299154,22.192662748766182,85.98993449829055,Mid,16.416589632810386
Rainy,64.14957626366157,34.39654321929759,87.67806416374391,Mid,0.0
Cloudy,71.49583802678758,30.392526378884774,82.08741667328128,Initial,0.026211546301595424
Sunny,53.681399587984465,27.681167030372855,64.3220259696325,Late,6.039938975838474
Rainy,74.91825730103723,33.653653620431,55.21729623968103,Late,0.39083930818940676
Rainy,36.813066899505856,25.758390052135304,33.47954511419729,Mid,0.03504168396068574
Cloudy,20.632048141215357,15.706215902375154,86.83366808765938,Late,7.374797266557399
Rainy,22.575008762192894,26.907718834920317,87.10688062190201,Initial,0.9173922836503206
Sunny,56.888236660805404,39.357488191918065,31.12130729878103,Mid,7.186448542808021
Sunny,38.52684961550315,38.128608464481275,51.41325279844321,Mid,17.264599759028584
Cloudy,20.94202188392724,26.04292400605685,82.80218209549571,Late,7.511325566868765
Cloudy,30.455879843252553,15.599978900530333,34.851121982377094,Mid,8.520727766115328
Cloudy,47.1423550422924,32.18029636074853,41.793982602612445,Late,5.292454731222876
Sunny,18.501168687349548,35.01224955013734,88.72063900917544,Late,19.418480254195725
Cloudy,10.24097492610868,22.94457655427542,80.83732872722092,Initial,8.917104280706738
Rainy,74.21086332469288,27.869927989728506,84.72380964502582,Late,1.0594488394260166
Rainy,31.340283354466,41.78013347168813,38.529265119319035,Late,1.0278739543253796
Sunny,25.504870174009042,30.561261350503163,42.6789575380107,Mid,21.372122498455166
Rainy,58.893656680973216,24.4790224528623,66.32499506110494,Initial,0.0
Cloudy,69.73819055266148,31.942199669283593,60.10429326016195,Initial,0.5450155386608588
Rainy,54.25951371404669,19.86060228533028,47.91020343282293,Late,0.03454504613672216
Cloudy,27.813792786897213,20.37981407841366,83.03077798423479,Mid,10.433687033735517
Rainy,70.3145636348016,39.97296729727846,84.08331693213438,Mid,0.0
Sunny,45.729903728905356,21.45840111157193,47.50104060879667,Mid,9.254773027218269
Cloudy,36.68335620721728,23.39131323882509,39.34518843551639,Initial,4.577820666962913
Rainy,52.330828374308176,29.681985533183354,38.94554524621881,Initial,0.0
Sunny,59.04285565468215,39.29170074749537,59.065511723516344,Late,3.2521213662236828
Rainy,51.56809118805995,36.09912002241339,37.97510972408118,Late,2.0400227453683457
Sunny,74.41718120059642,16.182165858086623,58.400413325713515,Mid,0.6004009492911057
Rainy,53.96124641993376,33.711801060255965,57.71604437159145,Late,2.595706042872467
Cloudy,71.50064988379035,28.609660032467808,83.04661279233943,Mid,0.0
Cloudy,51.087090460771144,27.839926734064278,47.77262638800222,Initial,3.396873139055703
Cloudy,33.07757016110874,33.67207590428967,63.63914751845865,Late,7.921179857247448
Cloudy,47.26077722382367,20.29826524791419,74.60999185704578,Mid,5.979212639889856
Cloudy,16.04356827561218,41.50019391886644,65.75488770299438,Initial,12.922665722209778
Rainy,26.1122243727056,32.42327631735613,87.24407069880822,Mid,0.0
Rainy,63.63621635426017,24.872716714520116,66.1366488299862,Late,0.0
Rainy,56.30329274790982,31.205459617894352,84.11173070820672,Mid,0.0
Rainy,21.656309737370293,20.84471330881975,44.703383355224574,Initial,0.1898311917134955
Cloudy,40.66106233806568,32.11373035108382,63.64516636676618,Late,4.352564396568198
Sunny,19.93945441511748,15.761862799920529,62.598355593999266,Initial,11.080063396974438
Cloudy,69.90724994617818,24.211911608025886,89.36712660840502,Late,1.3427016276989068
Rainy,17.64187912280022,35.182956212182674,42.27037880394741,Mid,2.607566904214764
Cloudy,55.79644977322342,36.815401926081776,38.459603901958644,Initial,1.3708749489617251
Cloudy,52.49000006847184,21.828824159477136,66.70032465782523,Initial,2.8078428259689026
Cloudy,43.09436519527949,29.564055454559636,43.4215285999238,Mid,9.359879940927689
Sunny,29.476423586489926,29.269308021606186,68.3493207390174,Initial,10.944477139410187
Cloudy,38.27695499951206,26.379313252173073,88.34934531117305,Initial,4.9800705553023885
Cloudy,66.44739103227329,21.16769053433042,86.79035972384746,Initial,1.916686145985834
Sunny,63.308557088227175,33.987162297176866,43.86618147863988,Initial,1.1854644227530833
Cloudy,61.71663806127955,21.813765407129033,40.25378089272894,Mid,2.0747252567568824
Cloudy,62.487650905274045,39.59769490322863,63.64435722975274,Initial,2.1230370998833035
Cloudy,20.07204620487374,29.26953486019957,65.20663729338901,Initial,8.678790029815424
Cloudy,16.936751525370216,38.50291510738679,69.73500428283901,Initial,10.957806069599
Cloudy,70.30490359978154,22.850053461712427,74.48945555920851,Late,0.5335366393000435
Rainy,68.60221992411107,36.79113721898577,66.05743864032024,Late,0.5618825050163315
Cloudy,57.692281283245435,18.0689167922998,36.70518022317977,Mid,2.702073678500225
Sunny,52.41340217208767,35.70441923419962,77.40947823416687,Mid,8.910752329395406
Cloudy,35.68101945376719,25.44753794798316,34.77103107147756,Mid,10.153992639864459
Rainy,25.68578141046023,27.689732398101846,31.199561173031526,Initial,2.3117273307290422
Sunny,56.73595064108855,19.503797647008465,76.1794917967126,Late,3.5169427096164037
Sunny,73.91242466577339,15.502947590158593,62.90144546614055,Late,0.5993984109262183
Cloudy,40.589760301670495,32.9873323144636,71.91548511519139,Mid,9.979517952515042
Rainy,31.22487291560325,30.868393651811292,52.96483945245592,Late,2.962141215580615
Cloudy,28.95192694426438,31.80556010588075,30.66554961146955,Mid,13.3529740501585
Rainy,11.659367002982403,21.885047466726835,49.86092094786152,Initial,1.5406552764487573
Rainy,46.42217055358458,21.46049149784386,66.48811397538856,Late,0.0
Cloudy,79.1765220898382,37.41800040426969,43.54218422820658,Initial,0.0
Rainy,67.06664012975256,35.5538243200173,71.26826001797588,Initial,0.0539986695152531
Cloudy,72.82323027156808,24.09333312771674,77.6640605935167,Late,1.1810979272050781
Rainy,53.48148673928542,32.22075433134337,57.25601990193355,Mid,1.2412186627627966
Sunny,43.70124873379256,37.36005011255797,82.54327788415006,Late,7.7535482475199675
Cloudy,79.3319905182626,38.99839493988462,81.28899387414708,Initial,0.7328592825468382
Rainy,41.30134774471928,15.15676904454955,82.68347716751003,Mid,0.0
Sunny,74.17814029994128,36.96348461463755,69.66222195941009,Initial,0.8399921663703858
Sunny,63.32913661486145,24.460593024667,48.28733998041479,Mid,3.5139134619970265
Sunny,33.16848976666368,34.39621368895676,58.87507694229432,Late,12.976108067995613
Sunny,45.21435282770895,25.02783684419999,72.63063897186548,Initial,6.67911970789583
Cloudy,36.90304552345909,31.368725343438403,42.63381919575437,Mid,10.529887292773838
Rainy,19.535629191617545,32.4631258801625,74.33061055527159,Mid,2.0135468697247227
Sunny,34.97366070935351,25.934804814738104,62.88531702558242,Late,9.266128117726081
Rainy,72.22810189960661,28.84520394071911,35.7610464170138,Mid,0.0
Rainy,62.68449797443476,34.610461041817544,63.437179620010035,Mid,1.204200002335318
Rainy,29.43067520111634,27.860242254761275,34.006568292748995,Initial,0.0
Cloudy,35.75393191682768,15.377473097299498,30.85843710279732,Late,6.152163926825852
Cloudy,53.150374610456524,15.348413318932925,83.37766019443707,Late,0.6035806390258212
Sunny,39.12978705059412,32.85539295133363,59.39496669626968,Initial,7.383244005430171
Rainy,45.21308814551941,37.87541351130115,62.59737930241948,Initial,0.21955166072079618
Cloudy,58.871788776718766,36.2023855128779,46.79626629781602,Initial,2.255181912104548
Cloudy,42.707559370081455,23.380808152195414,62.56468316744961,Mid,7.0669199675846315
Cloudy,23.367885276703706,27.72045289491777,40.132121528983966,Late,8.882648233947993
Sunny,46.44017561203805,21.322339982745007,74.73874784307151,Late,7.655237550833309
Cloudy,34.92827611519647,41.70704758800016,79.40094962423314,Late,10.212596055458743
Rainy,30.351395992103583,22.033674130026263,81.35254679515562,Mid,0.7744173171591089
Cloudy,32.96759927745634,26.2390630069329,36.399163045675806,Late,6.924837464358131
Cloudy,40.7301552243004,33.390481685756185,63.46526402068757,Late,6.305112706546534
Sunny,72.06292000101348,38.65247708057095,78.52505819064197,Late,2.21774535654848
Rainy,61.383997303114015,16.389843469812686,37.6929892927433,Late,0.16979715082339647
Cloudy,56.751735695095334,23.12753125273228,35.9713444904446,Initial,3.5384873842457027
Rainy,42.98821476172134,30.36261789504043,79.01651992020126,Mid,1.6933735722747165
Rainy,10.12809630047784,31.694453197156953,77.80416233347336,Late,1.349879701274938
Cloudy,33.83854980073639,16.890740839496242,56.92158821780808,Late,5.195527820670266
Sunny,66.92344279856314,32.93012592173598,36.58267013160389,Late,1.84854179791887
Rainy,37.17196366624178,29.257737871431505,60.9673894390171,Late,0.0
Cloudy,49.46733875473484,37.3459392427779,53.68819200027997,Late,4.551123720961192
Rainy,24.331787144296776,20.999107757624117,61.11284586264076,Initial,1.3790809709706622
Rainy,74.11004192920535,20.265728595590655,56.39371212153496,Initial,0.0
Rainy,74.62193050159466,36.4201049920548,64.11086480345335,Mid,0.0
Cloudy,20.22492687708477,34.00446648136964,73.62778311079764,Mid,16.684418967160013
Rainy,60.69112644444325,36.37518073559721,76.4915942190515,Late,0.0
Rainy,15.266695542633908,36.11222180775815,68.93893189427064,Late,1.8829820129473862
Sunny,51.89833325860685,17.80801824742244,41.93643690278356,Initial,3.7557488321599872
Cloudy,22.505755557819747,22.521742277077074,53.82738153630714,Mid,11.70223856495425
Cloudy,20.19936767424427,22.022298675684052,34.2734417241433,Late,8.54495968902809
Rainy,10.288387217486891,40.233856598254675,57.10042368451029,Late,1.3023380834196745
Sunny,75.85999958071824,28.16159749935933,88.22036476349106,Late,0.0
Rainy,68.04767440643205,17.99854258290047,68.50384245546064,Mid,0.6530577954389872
Rainy,15.423289008057136,22.818603460110506,39.27675087980981,Initial,0.19258893976565783
Cloudy,51.956292704691634,38.54134450994473,46.11465958652595,Initial,6.241712721751555
Sunny,26.302876435946303,37.87079221046346,33.87441877815281,Late,17.869192236960373
Rainy,28.48111174977247,39.30916605289451,40.94483340911796,Late,2.5250414464171493
Cloudy,71.19192251731948,25.49027686389954,59.27049860866667,Late,0.0
Rainy,18.002802192084154,32.31620596022991,50.691382885717964,Late,0.0
Rainy,52.10430949641305,22.51069583663374,42.237739038526,Late,0.025317766085780014
Sunny,38.08788744853064,19.882283941114096,38.795904813771365,Mid,13.184122342874208
Sunny,23.356041974120274,15.591329050011934,69.36426701863236,Initial,8.926074401122438
Sunny,41.63426526838637,21.032905641612437,63.48614261237107,Mid,11.221991697672603
Rainy,75.83425009742898,31.318101696091368,80.55841873289208,Mid,0.0
Sunny,64.71270344613865,39.413678467383406,40.995173143665205,Late,1.3713040477029914
Cloudy,19.247798095456687,18.60235493681693,80.87912759569477,Mid,12.560216775495466
Rainy,69.4600817802353,39.78631214606693,64.67467035359137,Initial,0.0
Sunny,75.62083702912102,24.325401341536477,45.973391638782935,Late,0.0
Rainy,29.387499658954507,26.52436700558666,46.41318843411067,Initial,0.0
Rainy,33.33937868607434,24.85442059265616,53.422823408631146,Mid,2.8298045998130386
Cloudy,18.84169486354385,26.032419777832004,57.60763300000765,Late,10.778413987354842
Cloudy,34.145807309521956,21.998215028066962,34.95030508421296,Initial,6.1556948014662405
Cloudy,57.11985579977286,33.86232631440884,80.51994993997968,Initial,2.612222629466378
Rainy,29.05085105673874,35.47094397729451,37.29246415945164,Late,0.0
Rainy,10.477750753684399,37.224048053011145,59.0075905817929,Initial,2.008276449485575
Cloudy,33.698125334343004,24.21481875071911,52.97809399145531,Late,8.239356126129005
Rainy,41.722182027811286,35.64492605775046,60.73722505871657,Late,2.229018708075066
Cloudy,49.64492261944965,32.21723465187401,83.24895102409033,Mid,7.362035589608308
Cloudy,57.867757305061374,40.863734344690606,89.34530039136638,Initial,2.4667042153131007
Sunny,14.324904096013906,26.469199500860785,31.2162823609655,Late,17.191424145275086
Cloudy,42.88263617096088,41.79236265285057,53.59436590351165,Mid,10.998060125845324
Sunny,28.645372387881288,34.99063881021253,79.05663185503462,Mid,20.687006557687177
Cloudy,76.35786958811482,35.95949938389293,49.59617281571862,Late,0.6385795591670874
Rainy,35.192895685574584,15.694031222960847,68.9421705551113,Late,0.12136086620664827
Sunny,17.008658910390928,28.429755486074605,89.53555222598763,Initial,15.79977589682851
Rainy,12.904404354009976,29.26509123242468,68.80627732895663,Initial,0.7617761100843463
Rainy,28.578412131643454,16.09620275185619,36.67148265739613,Initial,0.7781724775309168
Cloudy,22.521511721784982,23.427543034244984,80.57591741723914,Late,9.013319064098765
Cloudy,55.48597388151199,40.8023928769505,87.99944623755178,Mid,4.833553235142704
Rainy,69.28765791953433,26.50500878172366,72.75050527793206,Mid,0.48088800432680784
Cloudy,31.879109242918375,20.0409535830743,55.144085990584216,Late,6.964809434935171
Cloudy,50.44540184723433,28.860145089713022,86.90401052072546,Initial,4.272720757940563
Cloudy,61.12136938867372,15.911670584952562,88.1143209029519,Mid,2.822048048691645
Rainy,37.894138239753445,28.93169489921315,86.10700460994944,Mid,1.3002696960301323
Sunny,14.64279279366473,31.04524426281237,54.70914013860484,Initial,14.073259291939298
Sunny,26.04294376494497,24.657747788931168,77.3824604381308,Mid,18.85556012647556
Rainy,71.81460656620783,35.589557348526114,69.25076154204359,Initial,1.657010733925431
Cloudy,67.71361863784264,18.664280079027144,40.78239995313521,Mid,0.6647529429965943
Cloudy,16.057277017674192,38.71095206677881,62.13089410062924,Mid,21.960567846620464
Sunny,25.67641063570686,40.79701258054135,74.86146054771822,Mid,25.428979224478176
Rainy,63.8415697486324,15.03333216427799,83.75473655791856,Initial,2.2783398155523273
Rainy,44.0128762392174,37.7534848211653,81.75590222439321,Mid,0.10484685908548319
Cloudy,63.1976922187007,28.664839020498004,39.27951001112893,Mid,1.6736588621824113
Cloudy,24.776473016350256,27.45795211363995,59.28199478911265,Mid,14.16778815395
Cloudy,76.68886974191923,21.44433588560829,58.696117767647095,Late,0.9975385929663236
Rainy,64.85252141599295,27.077776110014188,83.92422371387534,Mid,0.8504101633180343
Sunny,23.821662737820564,40.66153304001371,30.11623854821201,Mid,25.37615282188076
Rainy,49.091444047599225,20.69126611676836,74.32281225761565,Initial,0.0
Rainy,17.91679896673805,19.834113438170583,67.11849099277592,Initial,0.0
Rainy,35.30043705885518,21.531200209605096,85.29428839059398,Late,0.0
Sunny,56.173495793286456,29.899523247106195,57.41504101990428,Initial,3.6272964703080586
Cloudy,33.108938155014016,40.1180950166991,69.46033499253004,Initial,5.301164586437472
Cloudy,55.97308770305775,30.494802950661956,88.36482182529254,Initial,3.401891046133715
Rainy,27.134562526253337,21.574026868357166,74.63422577495453,Late,1.6003961850738242
Rainy,60.48447463731469,26.892212513674075,34.043038447786046,Late,1.8310304971651654
Sunny,35.17127017439503,25.540803558215135,40.05201305836047,Mid,14.775802585591471
Sunny,65.3336889638006,16.257375686285805,79.28706617758488,Mid,0.7644336971042986
Cloudy,19.56829403024695,28.787329910284583,50.08773245841954,Initial,9.422431542676444
Rainy,35.33845645465996,18.402172439109194,72.3550866358965,Mid,2.09489892930128
Sunny,42.47527176422789,37.740589136264624,71.98942400062967,Mid,16.89091662554426
Sunny,39.66918671504037,29.821998550989214,89.6220314032923,Late,11.130937592171744
Rainy,40.31661531642381,37.80437503066915,58.19236341818045,Late,1.0181080917346073
Rainy,41.13623333415508,40.81320655920711,74.26994163035539,Mid,0.7611179918847347
Rainy,79.2162467662856,40.46608385025746,32.92517263716614,Mid,0.7349989987664513
Rainy,23.52099722887583,17.71159202630395,57.75546124158531,Mid,0.8343438988809777
Rainy,63.8064681356023,40.51006093185019,41.20089268902785,Initial,0.24439394166565348
Rainy,48.625214677466055,36.485174610316776,80.4342931027906,Late,0.18146222784956334
Sunny,38.953989267689785,35.99676884204136,80.39449992096425,Mid,17.309989673419103
Rainy,54.347010202268514,17.433470587240734,44.181865242341715,Mid,1.669059440369103
Cloudy,69.74720101698628,19.846896961657176,49.09710918698809,Initial,0.0
Rainy,42.664685476716016,41.32941125769875,72.14866706762112,Late,0.2756742844097484
Cloudy,70.53609582727474,20.760994243192947,74.29595540473602,Initial,0.0
Cloudy,16.56588344713349,19.564439914519816,69.45789612686242,Initial,6.168912612264172
Cloudy,55.71589553951692,24.78349370515563,89.80167825156968,Mid,4.778414953744458
Rainy,33.322604292460426,39.66061733344203,82.12099271910672,Initial,0.9296330916733524
Rainy,37.07007290905149,27.857223516027,55.02353284515135,Initial,0.5613830401566764
Cloudy,49.971382563301255,39.855760415405335,49.618603292513015,Mid,7.844128921553093
Rainy,43.59417588083006,24.027147071211363,65.81098487976483,Late,0.0
Sunny,36.72456069568981,21.11627342112898,79.05818015001023,Mid,15.211505763305444
Sunny,31.582639527381197,28.37048123897796,58.52060842419317,Late,11.782469693001188
Sunny,53.28207115620725,31.617876037070992,74.26155640989836,Initial,4.168604420830828
Sunny,45.39057562807377,25.570472962566015,31.149602370362544,Initial,6.838686375145681
Rainy,32.63163878576163,24.342823759052358,85.55040649788626,Mid,1.7965722864502407
Cloudy,24.347271321429115,20.88760068887766,76.43008365092714,Mid,14.119322000547701
Rainy,64.21277371746265,22.425182687987828,53.65140520584798,Mid,0.0
Sunny,65.98004471695215,33.17418500511212,53.04073953115753,Initial,0.1848678449390786
Rainy,24.965168888614187,24.9865855425693,36.17320846491032,Initial,0.0
Rainy,28.315430927122023,17.15344012646777,78.96922343295171,Late,0.8865859310887207
Sunny,26.74001157510408,18.730195528718436,76.11777055543106,Mid,16.755330342557635
Cloudy,71.9198821903579,25.05423808655999,67.81498245213697,Initial,0.0
Rainy,64.18912667432954,39.961565605892275,36.08738832864207,Late,0.09610568793496585
Rainy,15.220146627498647,25.233817064441467,45.74048193822425,Mid,0.736872914198901
Sunny,68.286616487896,16.63733609119523,57.5348683958771,Mid,2.1880209583922063
Cloudy,12.579627450805415,26.28584496276043,45.958316625853556,Late,10.65948413212971
Sunny,27.72398536881089,33.05807503692448,56.03843538917422,Late,14.155639504610727
Sunny,74.32939688676305,31.027095643601964,43.55745243825913,Late,0.0
Rainy,70.50319063363466,22.52767998442281,50.976030228361,Initial,0.0
Cloudy,64.70041603072303,33.57840092231474,69.13781301579766,Mid,1.2080825761633252
Sunny,42.028306037647475,32.02685809436397,83.54166484678171,Mid,14.050745085983852
Rainy,32.49898707140055,19.648670158382153,53.101840873969515,Late,1.436968334167743
Sunny,71.70820862783197,19.377915096342615,71.51449386964545,Initial,0.0
Rainy,55.99518631884485,29.7739432158344,38.087585182951216,Late,0.7809274055713507
Cloudy,30.685619853345543,32.804841150134806,62.44907867134569,Initial,7.636662069337927
Sunny,42.423711457581376,40.97158579122704,85.30225353327081,Mid,17.050209492803816
Cloudy,71.70501555831333,26.39212702975805,31.676148267443004,Mid,1.0356597806266927
Cloudy,73.24188052547551,35.653359471141655,46.05344170360851,Initial,0.0
Rainy,56.15114657802106,18.146060176867163,37.94961202080866,Mid,0.9253533803056467
Sunny,61.27891025019237,39.01944373752247,61.98728876978488,Mid,6.790034732348619
Sunny,12.750848326016246,32.093903617768675,70.77854784427953,Late,21.011735102753814
Rainy,52.32203553460317,31.983818946483677,33.46675152378656,Initial,2.2373355722958523
Rainy,58.22947978596839,18.84595111347576,34.21706523843308,Mid,0.5727750846801853
Cloudy,11.426400295616215,16.068760697199245,82.17775156493433,Mid,13.325944249106355
Sunny,69.0701291569379,33.93912672558473,57.3739889140505,Initial,0.0
Sunny,74.97995081555187,18.16052439204384,57.77709597831887,Mid,0.0
Rainy,26.655551669315162,18.428194036066184,86.67482369748701,Initial,0.11998340668781449
Rainy,69.20571528878752,20.062503951368594,49.212576615895905,Initial,0.0
Rainy,56.5858807896415,17.639155044769264,83.82141882196743,Late,0.0
Sunny,50.64870738251389,31.885598051618285,88.45528467457581,Initial,5.62345822416702
Sunny,69.0188181582404,26.394129757911877,44.50165185902582,Late,0.49737181932662056
Cloudy,29.992737502164257,22.1845944950578,60.842330952752576,Mid,10.962798844192985
Rainy,65.35993243807978,26.900233810032567,62.0613691740155,Initial,0.8678606669292219
Cloudy,32.016453736774224,37.7917800557604,81.97008670752383,Late,8.729860373567197
Sunny,65.12195800356517,40.031143936178175,48.234488182909296,Initial,2.6186677819903688
Cloudy,41.573780402952025,28.161855905642923,77.8825466012049,Mid,7.539531659732566
Cloudy,18.18618300451563,30.302328708045664,88.2604434766807,Late,10.748772613174404
Cloudy,36.70639022141933,21.94439811917657,80.42019916465796,Late,6.347058299563303
Rainy,26.344529481682546,28.86721022320222,84.54841700740305,Late,0.0
Sunny,17.03720855503534,35.199229387251265,72.50126634857818,Mid,28.190997640458217
Rainy,17.72009478965655,28.287706118716578,84.23734561663042,Late,1.9056955934451274
Cloudy,64.60499789528349,23.155968321307583,39.891038121139644,Mid,1.0757959296946
Rainy,71.69784967657273,30.714927375073895,72.74168490249755,Mid,0.0
Sunny,74.89903836027527,40.5597128339178,73.91264129828856,Initial,0.0
Sunny,69.77623206313183,38.97556405754402,56.350856789965235,Mid,0.0
Cloudy,68.11568680998093,35.76954423773732,34.78430804147473,Late,0.9378809063854052
Cloudy,14.818509606162419,22.457660081960643,67.34662477564963,Late,10.218312837809671
Rainy,65.30865163051973,21.52210669484284,33.11284839422884,Mid,0.0
Sunny,64.82978617595157,37.64050412453514,52.94414976939297,Mid,1.2768149779970512
Sunny,19.190327587322923,19.89557185421676,53.620213738545104,Initial,10.22456395803045
Rainy,56.340646235424266,31.351505302139376,89.93535050779997,Initial,0.2951972479839028
Sunny,41.67551355214971,26.851108476740034,47.98812202374663,Late,8.140068854139756
Cloudy,73.00094664304495,27.63563461689475,79.22723627542132,Mid,0.3502265430547991
Cloudy,58.67858536769672,27.2726718682436,33.19030111310123,Late,2.598231825758342
Rainy,76.56912754619765,39.298653961538825,61.78595912315042,Mid,0.5323037768383855
Rainy,17.344585169225056,17.351544774177285,62.20150071336072,Late,0.0
Rainy,12.842512011667523,36.138339135314666,67.72499119166774,Late,1.2218289757933003
Cloudy,78.15055504323823,37.54534213253265,78.6003122033963,Late,1.0754327173023768
Rainy,15.613451301143307,40.45768297314423,75.71540290338888,Mid,1.6167181469946201
Sunny,37.03370746371607,27.220198783318207,75.66048769994248,Initial,7.449679169780743
Rainy,55.49794355753883,28.50176018094675,55.93763605945721,Initial,0.0
Sunny,71.60396713338586,40.95495207080475,73.64828894799157,Mid,0.0
Cloudy,27.820412274974824,27.3781786456274,59.47894306494729,Initial,6.938710768015414
Sunny,12.034074831951633,28.59580877035896,34.01707070070013,Late,18.058861564303246
Sunny,46.49007533494326,23.970866591113367,83.41090695670363,Mid,8.341903583886493
Sunny,42.977841419056894,15.853941168485548,83.40979836832562,Mid,11.120969768800766
Cloudy,31.48252275323557,26.6924728975603,49.37272587930836,Initial,6.6502744892169625
Sunny,71.17295572510145,32.68746539287942,84.8341571568564,Initial,0.14908184178491468
Sunny,62.45255201082642,33.62853958656604,75.47904231030489,Late,2.560802579709417
Rainy,70.06814682394727,15.175733465884457,54.048073851721384,Mid,0.0
Rainy,21.326627163403945,36.62842491886637,49.890335905515215,Initial,0.2284893429915269
Rainy,58.468837125823875,28.29522158147077,88.50856196316606,Mid,0.0
Sunny,78.25712147932002,29.060124757427207,72.75761778667865,Late,1.6274389692279618
Sunny,52.83397242660846,40.967079580599915,52.728597286272006,Late,6.815249849249717
Cloudy,21.99550557068403,22.680451283707082,68.5190332788483,Late,7.217413795064497
Sunny,79.70462761276941,35.564603702140516,64.29157194224214,Mid,0.0
Sunny,46.98265070908648,30.518958633151314,61.47240136223765,Mid,11.805573877166907
Cloudy,68.8041312793373,33.92155846206704,68.68211392871063,Mid,0.6922072626081635
Sunny,20.455301320130193,26.281071198090356,62.25757933082171,Mid,22.118839921948844
Cloudy,56.6267352430545,22.538603552035248,69.28742122118284,Mid,2.600378539179675
Cloudy,73.88323887427046,29.74540071396123,84.45411373341834,Late,0.0
Rainy,47.24124733783575,25.123410951521468,89.59589808871631,Late,0.0
Sunny,30.20620424093631,21.018601828400925,72.5572124008808,Late,10.51186896308389
Rainy,18.919527957031054,37.659375999071585,85.66924810502596,Initial,0.6323488591090047
Sunny,30.71612656668312,27.847453065034863,81.50461523297724,Late,13.982962909672885
Rainy,34.841894204880056,37.87752501215428,47.70224387887675,Mid,0.9704501980535968
Cloudy,59.69685736608807,27.79885272396085,85.97447898258213,Late,2.351111248958169
Cloudy,22.503498492072136,30.03353783823502,34.24854000315729,Initial,9.664037714638216
Cloudy,17.427339900078533,41.87256651547678,49.79530926261269,Initial,9.781060747116591
Cloudy,37.085767872362815,40.690613724949316,68.396696106288,Initial,6.047105360503301
Sunny,42.10575314863965,22.335626508006047,61.614926753708524,Initial,5.798475808815915
Sunny,53.98695365522535,38.45369543412899,62.544743569761756,Initial,3.2026374036923757
Rainy,59.52719109106574,25.54089405982422,77.69329978807488,Mid,0.07876855908952901
Sunny,72.24943961835197,16.923715923580605,41.682220937171536,Late,1.1633915627249158
Sunny,30.226749586962526,30.54608740028581,88.92453059804751,Mid,20.72879035418052
Rainy,47.00254758843503,41.38040020526435,56.24749363783023,Mid,2.1636453687331705
Cloudy,35.62284947621457,41.306469549142705,86.99059588833572,Initial,6.399860555691134
Rainy,10.099517042169307,18.414565210386638,52.98695186980996,Late,0.0
Rainy,50.56022759039493,35.82338999868195,66.10720013109814,Late,2.762790667286272
Cloudy,67.1057252969797,36.676492194755596,57.018688279388165,Late,0.9033063185659016
Rainy,12.550764027237587,24.95610917654982,70.55610983111822,Initial,0.0
Rainy,10.244423102207916,32.78206989208873,41.01748376305119,Mid,4.780053219467632
Rainy,60.94728845575166,28.180305913484986,54.0377119704291,Late,0.11634545406263187
Sunny,57.870180750618324,21.153113638168023,34.10286732644589,Mid,2.091094067604135
Cloudy,38.40964737345146,35.55413559307466,65.88608501940081,Late,8.832959640732913
Cloudy,56.31234171346368,22.094323110935154,87.76090191534738,Late,0.17599063361368517
Rainy,76.73702507717006,24.192089332124798,32.754390909443146,Late,0.2884164713787953
Sunny,27.350395758871255,20.13049693271745,69.57780147009399,Late,12.391231701146294
Cloudy,27.214861617210868,34.42032520229502,76.50587781825959,Initial,8.526226304261447
Cloudy,23.036254333494973,27.385549453425643,42.78650545065773,Initial,9.14763048915758
Rainy,60.679072498162526,26.971077880651194,46.384457602112825,Mid,1.3285387808237543
Rainy,34.723246671993806,31.32319740603034,42.094865174402116,Initial,2.537858756590624
Rainy,79.20851937909914,19.246113075678107,47.84475820057845,Late,0.0
Cloudy,60.025423242000585,39.2501550198955,36.60495355160245,Mid,3.2942642330207215
Rainy,35.71638206531692,27.557941818370136,52.22087227712534,Mid,0.8116965382746331
Rainy,20.443022384442532,24.896225184414806,52.13575171886369,Mid,2.963244359635482
Rainy,51.441737156940555,18.420646440440198,78.43604739632454,Late,0.0
Sunny,30.643227716749784,19.534763517920183,78.0574989360431,Late,11.363871487271645
Rainy,73.38563569074006,39.849728475674226,77.80340179856188,Mid,0.0
Cloudy,40.898307991353235,27.3286599017925,64.02215479313583,Initial,3.8572660459016745
Rainy,30.485497517698793,34.49896582270004,49.55284121198007,Late,2.191886896759178
Cloudy,51.19862701994765,17.173941521780396,54.657870984026026,Late,3.4951024392950067
Sunny,19.588215067974527,32.37354269141506,49.06461028572491,Initial,11.72341117007195
Sunny,49.308435096201485,39.88101819311037,64.91567429884327,Mid,11.22859312399364
Rainy,13.927803496381813,23.09901317380026,86.27874727881996,Initial,0.0
Cloudy,52.48220772230453,30.63679351926286,47.06980704334285,Late,3.3837735088296528
Rainy,47.111469073100025,40.38591581652797,57.53110905876778,Mid,0.6886661808982498
Rainy,46.453618749728015,34.42170895272744,69.3070158083604,Mid,0.42542285398317486
Cloudy,57.89150709404464,16.682788564370085,80.68169470773496,Initial,2.763901217336054
Cloudy,13.111963009867928,25.225902976031847,45.200035238457886,Late,11.433887133473092
Cloudy,42.18120252412073,17.31586441435679,46.81739705882343,Late,7.006388961450067
Cloudy,41.08270641282622,38.2555750973777,83.10993193535617,Mid,11.117231878040526
Cloudy,42.18477092897495,31.784892932497616,34.81548719914818,Late,6.644821765246237
Sunny,78.59236797457403,40.82230711051491,66.32685635803276,Mid,0.2719941245413601
Sunny,19.749493120098222,15.533420888016794,81.62732496575921,Mid,18.06241117794497
Sunny,58.33008299417148,26.423358986055415,85.304565021092,Mid,4.751308117774136
Cloudy,38.139729616498954,17.81783068769866,30.761235253972124,Late,5.026883217886836
Cloudy,45.82085670271595,24.46317121073764,52.179958649651056,Initial,3.501365429317764
Cloudy,63.36757340993373,19.37094423062785,45.4358871672628,Mid,1.6084520920581236
Rainy,21.01628098014367,23.877431519822345,64.08195532648338,Initial,1.456855154615486
Sunny,63.45096488455446,37.12007412749479,67.97173660881776,Initial,2.2528409294755023
Sunny,14.923154787910772,19.338881815032998,89.98646865633172,Initial,11.204891246035544
Rainy,43.83166578468831,27.78894843770908,60.765749813935535,Initial,0.0
Rainy,61.944960038970635,39.88274461963421,63.08801272423619,Initial,0.40346677275668064
Sunny,23.47860187482896,41.96704077206627,54.85881046833852,Mid,27.11186424739635
Cloudy,63.964095222479635,21.767310190727247,38.86063427031454,Late,0.6619254090898194
