Crop,State,Area,Rainfall,Temperature,Humidity,Soil_Type,Season,Yield
Cotton,Maharashtra,338.118478085244,371.25586841763777,26.13597973975837,82.7962594795649,Red,Kharif,1.1708547922052115
Potato,Haryana,141.31368125643218,1012.6108890336062,33.26233235611714,61.73390741582351,Black,Rabi,10.876458292364974
Corn,Maharashtra,156.62518189521526,585.9462148030809,28.259244772216917,49.64198044711228,Black,Rabi,3.8593779330307063
Potato,Uttar Pradesh,395.5476541607927,1794.8613666534059,22.867596997123773,49.55528113455725,Black,Summer,7.150837001836065
Potato,Punjab,225.97766061878318,1246.9688725675596,33.62951110471987,78.43820903605803,Red,Kharif,7.082003274430163
Wheat,Maharashtra,400.1982685565845,693.3470818406416,20.480662422721107,53.279379915368,Red,Kharif,2.336749457457833
Corn,Punjab,412.0990749657978,1154.12638818284,20.160808535395297,78.36166970796114,Red,Summer,3.097475221125593
Corn,Haryana,429.49335714233547,1543.526811495297,26.60356725326122,50.29436553832997,Red,Kharif,3.14139277250385
Corn,Punjab,458.73444174139763,1928.8006151630375,20.999532657128043,56.08431843506547,Black,Rabi,2.1676971934509606
Potato,Haryana,218.33768415408164,674.7582072172122,15.209001803877975,63.27434862198497,Sandy,Rabi,4.009425338700587
Cotton,Uttar Pradesh,162.83907506896372,1806.5090126198868,29.910843127872432,87.15979248467254,Sandy,Summer,0.5580101151050246
Corn,Haryana,293.18837956408635,1888.3169940847336,26.755157893865153,86.58657123769123,Red,Kharif,2.0501647938407683
Potato,Haryana,188.73034960162565,1857.9149257045126,25.246909733342708,50.34359377111439,Laterite,Kharif,4.812187268685048
Wheat,Karnataka,302.5317125661153,1380.2044066652468,37.24027583622126,57.91095206215364,Alluvial,Kharif,2.3734919045773752
Cotton,Maharashtra,354.26500200869316,1370.695112539003,28.137581231147017,47.469969422688614,Laterite,Summer,1.6059151247350205
Wheat,Maharashtra,345.76048415360776,985.4580764124987,34.858926289155846,65.49925396567485,Laterite,Rabi,1.9947742411879208
Cotton,Uttar Pradesh,190.40367907496008,1579.0763999164394,18.207355432718686,63.029127534733334,Laterite,Summer,0.764775903583092
Potato,Uttar Pradesh,87.59579984088265,1203.1998311965842,28.091748651976836,85.03800812253662,Sandy,Rabi,6.9029282777276855
Rice,Maharashtra,218.11202253879273,1451.6447210881006,34.96353141481077,86.50026888955364,Alluvial,Summer,3.091234739517684
Cotton,Karnataka,75.58410132054482,1028.3784365429524,28.411432417437652,59.17836955036461,Laterite,Rabi,1.3456613958963308
Wheat,Maharashtra,445.59803241598513,1543.5439888733365,31.514326096921035,64.58689715094947,Red,Kharif,1.9775907468927363
Potato,Karnataka,176.2093430652394,1701.6015799277334,23.55700205968077,84.81181245730666,Sandy,Kharif,4.339398424386668
Cotton,Uttar Pradesh,81.45757487554528,548.9416362247874,17.126338891852534,80.33539038725307,Red,Kharif,1.0671392968661204
Rice,Punjab,17.596641153346685,1715.9805164761876,25.531706787922644,40.18281556723247,Red,Summer,2.1552531157143555
Rice,Uttar Pradesh,324.6820812118097,1218.5041040435221,24.073025989293726,56.002978209179126,Laterite,Summer,2.320112990147381
Corn,Uttar Pradesh,320.2666471400979,1735.9320454533813,34.942384194715785,61.08871209680629,Red,Summer,2.154828348788683
Corn,Haryana,173.59906245773936,1033.2129007797248,20.611891954106863,51.48581418416158,Alluvial,Kharif,4.242997238112656
Wheat,Haryana,40.497384979587245,944.3688251511595,37.23488723330749,49.97858079479694,Red,Rabi,1.5562575379839723
Cotton,Haryana,207.76630297313986,1855.603245279278,37.03717675550341,41.88922532978398,Laterite,Kharif,0.6992468218999103
Cotton,Haryana,159.05266005637984,726.9877548322822,20.69552779064309,72.16848625348803,Red,Kharif,1.089880182161306
Corn,Karnataka,340.1747166688296,1735.1609529864434,23.00519497597837,53.125514524158284,Sandy,Rabi,1.6927753821499818
Cotton,Maharashtra,304.86072847908173,1122.834973265987,35.597782040099354,42.61735892156565,Sandy,Rabi,0.7842192507607115
Cotton,Punjab,185.4738954577823,1173.9622523371415,37.23231108061047,51.54896552640318,Sandy,Rabi,0.6153472107490637
Rice,Uttar Pradesh,112.8568143562201,824.3960785321228,25.199099365229014,80.09569764180632,Black,Rabi,2.957627381754997
Corn,Karnataka,494.077803247018,1274.1717410523265,22.38293204974065,82.57445908232734,Sandy,Kharif,2.052391073604026
Potato,Punjab,229.73080249207686,852.8590336695593,27.100162304785467,64.15331225966513,Sandy,Summer,6.354079097532664
Corn,Karnataka,345.69574671121734,366.75800421080896,30.8186917464119,60.80353352043431,Black,Kharif,2.627549672269836
Potato,Karnataka,74.57371895128858,762.3976290854052,21.289913853624533,88.89268467508909,Sandy,Rabi,4.552179457869112
Rice,Uttar Pradesh,245.36690133140192,310.84437379120413,31.938883016238673,50.0282329794035,Laterite,Summer,1.7220968848579077
Wheat,Maharashtra,18.630676335385417,1963.2031379966563,16.188119213636742,50.76796414273042,Sandy,Summer,0.809355316398977
Cotton,Haryana,255.20028336567273,1941.7702566935707,16.13377333358158,54.593358851819985,Sandy,Kharif,0.5
Rice,Maharashtra,482.1886165232627,971.7640057029186,23.88461721834754,48.637865914054366,Black,Kharif,3.8922168329793743
Cotton,Uttar Pradesh,195.18232292797111,1538.2304523773983,23.129883417396574,58.96827991020933,Laterite,Kharif,0.8726183714540965
Wheat,Uttar Pradesh,24.303026224581235,887.8703672977225,22.259563953444502,85.54171134948768,Red,Summer,2.510681599167394
Wheat,Uttar Pradesh,20.32311650507505,1440.8583670461594,26.293454541384932,70.76739203142871,Alluvial,Summer,3.2123495666217403
Rice,Punjab,197.0534461737004,1669.2310731781645,22.37687239316614,60.597327430613184,Laterite,Summer,1.8579872095327012
Wheat,Maharashtra,84.21234354928106,1909.4856159768092,19.421932124766116,86.72053972856074,Red,Rabi,1.421273373260889
Potato,Maharashtra,16.559287682452027,980.3608689444424,22.11779962903782,42.42321162379112,Laterite,Rabi,8.549773392597032
Wheat,Karnataka,379.3257389053375,1631.606571025281,37.422798274635404,50.51380889509307,Red,Kharif,1.7531126993712782
Cotton,Karnataka,231.9688893965359,752.078366074602,24.455608590881518,68.29443025508795,Red,Summer,1.4926043616639044
Cotton,Karnataka,148.176162126464,1983.5649164492022,25.228393867741723,70.77763115965897,Laterite,Kharif,0.9208948921622275
Cotton,Uttar Pradesh,450.54117559315796,343.8083178993969,28.26053476887622,41.97787532813066,Black,Summer,1.2964485965150414
Cotton,Maharashtra,62.48878529926018,1325.9989710519055,37.616837673527215,60.15193789535661,Laterite,Kharif,0.9635484083379953
Potato,Uttar Pradesh,478.179820332883,1421.160168807256,20.556829358022547,72.45769824154364,Laterite,Rabi,5.891800737572654
Corn,Punjab,160.41352510178965,1469.677447026019,30.66948854224598,74.90352732017007,Red,Summer,2.5211143923809476
Rice,Karnataka,444.7598177927972,504.65888394145134,31.467647951459654,71.90699512581347,Alluvial,Rabi,2.2974202282009255
Cotton,Uttar Pradesh,303.4567238573335,1895.5006319043218,28.968461586240515,56.02816121804623,Red,Summer,1.027290787657358
Wheat,Uttar Pradesh,414.2201430720363,608.0115743851408,17.037301811642813,44.676006179895474,Sandy,Kharif,1.0678374627479945
Cotton,Punjab,492.0865157891798,1358.6807855077298,30.56806234403426,61.3556223209667,Laterite,Summer,1.147992491114343
Wheat,Haryana,147.76069172027914,678.5493345092444,16.474178353832038,46.437721868402775,Laterite,Rabi,1.8626860786864137
Wheat,Maharashtra,480.7620652767585,822.2679089361606,28.71128093964763,87.38118292603335,Black,Summer,3.2963230925157867
Cotton,Haryana,197.79353797669808,1228.9795209378115,32.01036707610008,63.75854330113141,Red,Kharif,1.6368972033772822
Potato,Karnataka,195.82839284477654,1009.2288115597801,19.85230748425886,55.86295871784338,Black,Summer,10.2387219070304
Wheat,Uttar Pradesh,173.4916166059803,572.3835216600608,34.357306173483806,78.315203555945,Laterite,Rabi,1.760785070483055
Wheat,Punjab,272.9967656370547,590.5918841154421,15.698137527259098,64.89742962911319,Red,Kharif,1.62880199339382
Cotton,Punjab,81.30179637335111,1010.8461398767594,34.40769586414104,55.501701200622506,Red,Rabi,1.3349005982347233
Wheat,Maharashtra,279.08718525221553,1587.3810630683513,25.587568164783598,80.59838711954009,Sandy,Summer,1.4019848444534169
Wheat,Haryana,273.143882142952,1826.5398996412405,20.004522618427824,83.3576075500561,Sandy,Rabi,0.9028808892410367
Cotton,Maharashtra,382.14139723941065,443.01702584095085,18.076897334861265,73.65040831443385,Alluvial,Summer,1.4320445393439947
Cotton,Uttar Pradesh,417.6567311591049,968.2766428509818,36.92606485439457,42.348221120383364,Sandy,Kharif,0.8372549975228281
Rice,Maharashtra,223.0184684046499,470.41745832889023,16.671308514366604,68.3161440083266,Red,Rabi,1.8083261295240378
Potato,Punjab,154.6549584289894,328.2072170754164,19.57914865852629,78.16474559986409,Sandy,Rabi,3.616274974039729
Potato,Punjab,133.37077417196176,1424.9217604947262,22.999913990960057,46.82515060417911,Alluvial,Summer,10.59907976896065
Wheat,Karnataka,101.3387991689116,1324.1640513431992,29.26540152610577,51.43353756923017,Laterite,Rabi,1.9679901563120294
Potato,Karnataka,33.53555318851731,577.1324934853066,27.530424961350263,84.12475525340682,Sandy,Rabi,5.875673709500896
Wheat,Uttar Pradesh,174.5117495231831,697.4818162582089,17.889800325483222,41.0060860926537,Red,Kharif,1.743676433902015
Rice,Haryana,138.77260760473771,340.30318119568125,21.663743625978938,77.6363568912988,Laterite,Summer,1.7892630834023764
Cotton,Maharashtra,483.37660600387164,1719.4102496804862,20.491290734978556,63.688664625721145,Red,Summer,0.8986405626505048
Cotton,Uttar Pradesh,281.06586899377174,1956.9740132825375,19.91148565327785,62.33860794198034,Laterite,Kharif,0.7631523030339287
Cotton,Karnataka,176.90213432010123,530.2812125509744,24.456319739039703,40.35482662474436,Red,Kharif,1.184090162901893
Potato,Maharashtra,292.3314624918795,693.5078634010067,31.19272340960811,80.96991154832463,Sandy,Summer,4.749776209210455
Rice,Karnataka,73.90236716611928,1776.2961907097879,20.001417440996427,57.99124503182833,Sandy,Kharif,0.9931081917049609
Potato,Maharashtra,224.80165585509044,1874.9884565255143,23.433614233168573,67.03828156502715,Alluvial,Kharif,6.988035694145077
Potato,Haryana,314.9859891034266,1013.3665507715775,23.991100817346734,73.86503431678298,Laterite,Kharif,8.756014796843136
Rice,Uttar Pradesh,247.00442673726343,386.058202857426,37.45850017701443,75.1314788218958,Alluvial,Summer,2.4145014608905986
Rice,Maharashtra,203.8805063238905,366.966117277793,36.95732620821859,87.79900294130361,Black,Kharif,2.086990668534492
Rice,Punjab,496.9549525053506,1275.7147723173177,33.40316440329775,66.56699766183046,Sandy,Rabi,1.5216743730901683
Rice,Punjab,440.75580726371885,967.9216851184043,20.558155178841258,59.98597754872138,Laterite,Rabi,2.4074784034793866
Cotton,Maharashtra,313.58594928892285,348.7091268820127,16.564858224108402,87.68518132458539,Alluvial,Summer,1.1674589166684717
Corn,Maharashtra,286.84179378523,1291.5290669313465,22.28879516757437,72.10551175127605,Alluvial,Kharif,4.172368459238829
Corn,Maharashtra,312.2269375131691,319.2143122013382,21.136274636978108,54.90751781382778,Black,Rabi,2.837649843322481
Rice,Punjab,104.64949337210446,1638.532328853764,26.63629340336706,46.32321227017856,Alluvial,Summer,3.563531475786112
Corn,Punjab,200.5931829158377,820.9357985957316,32.88774193155924,82.12772507325906,Red,Rabi,3.1570983320545496
Corn,Maharashtra,24.532468780995163,368.4386051156946,34.74142759421373,58.10908013970758,Sandy,Kharif,1.5436099510080952
Rice,Karnataka,240.3952885559792,1300.1987756713606,34.43187396444169,73.02348606822156,Alluvial,Summer,3.1362139766895307
Corn,Karnataka,273.79716905904326,976.063504536193,23.27253790813056,63.54082096829491,Alluvial,Rabi,4.680106797610759
Potato,Haryana,117.73611937108875,1955.4607027071543,30.806389899595708,49.94648898975191,Black,Summer,6.055126118976525
Wheat,Uttar Pradesh,482.1942793469293,1225.1377262562937,22.195186543057062,70.08433043102326,Red,Rabi,2.1878592231650136
Wheat,Karnataka,455.1800324139348,767.9066077629141,16.400827494409203,43.034153447534116,Alluvial,Rabi,2.5191716576497987
Rice,Punjab,362.4609015506734,1506.0460698777572,31.136001108867674,60.667122993559616,Sandy,Kharif,1.681605725247666
Cotton,Karnataka,269.02638123885447,761.5364043226093,15.22603370910512,67.33074698318356,Sandy,Kharif,0.7096188193591655
Rice,Haryana,435.6347340256041,1837.2135953928607,24.411199511545234,61.80234870592895,Alluvial,Rabi,2.5417253304845207
Cotton,Haryana,69.67291019261414,937.02734986254,22.57572319394774,77.43360876254954,Red,Summer,1.1657674595424914
Wheat,Uttar Pradesh,396.30234816606804,1234.7765567195488,30.94768338593361,81.39624772726563,Sandy,Summer,1.522483426254516
Rice,Karnataka,66.7863029135899,385.9742765011891,32.62364587348871,78.5621537016589,Sandy,Kharif,1.2740640615492504
Potato,Punjab,398.13427796195566,1024.4061045187923,21.994176627339527,41.94064739059011,Red,Rabi,8.855033095854377
Corn,Punjab,141.5049462844217,1715.0180174236914,33.667421332231626,49.70643852229861,Red,Kharif,2.1171334124779086
Cotton,Maharashtra,439.15983760400354,1669.6029691176814,21.760085491613477,66.83037546318872,Alluvial,Rabi,1.4069747832659845
Corn,Punjab,472.30083644357194,681.3415500509946,25.26550627969091,86.74110202219006,Laterite,Rabi,2.7855515589484243
Corn,Uttar Pradesh,78.65400485553224,684.3344207179566,31.72142612132508,81.74783875260584,Black,Kharif,3.8187116846752054
Rice,Uttar Pradesh,234.0244245073698,1689.4190307625024,30.937165272170137,82.12672541759008,Laterite,Summer,1.4684740117534232
Corn,Punjab,490.58875219052914,1881.6773142878533,37.7094748631806,55.160409687983744,Laterite,Kharif,1.4904541681477008
Potato,Punjab,244.28668080670758,462.11356616410603,20.178703556966433,61.47239485393513,Sandy,Rabi,3.7095607442874816
Corn,Maharashtra,432.4560236446998,1065.099687024583,30.233312011410394,63.53529736579687,Red,Kharif,4.022058250870807
Rice,Punjab,296.4221034550033,873.6722742391893,29.02268389034288,47.86857916749552,Sandy,Summer,1.81052592940943
Potato,Maharashtra,190.7883044202029,1780.170374277647,36.047264453270685,41.553406512222814,Black,Summer,6.421809008728122
Wheat,Maharashtra,146.46285998530576,441.99235495603193,18.596329257832124,87.34514497302584,Alluvial,Rabi,2.218569629285547
Corn,Punjab,105.5954300876132,658.9141023486636,32.29135776249946,52.03562928317534,Black,Kharif,2.9111497913220763
Rice,Haryana,382.09010473196014,1579.1961738970404,28.07017817418167,51.997445186181565,Sandy,Summer,1.4193242269037147
Wheat,Haryana,196.3375508773988,387.19954326806646,21.317315005121824,44.168952688437976,Sandy,Kharif,1.258747361606737
Wheat,Maharashtra,258.08135378937186,1137.3101472142916,25.912003025385005,86.42538759718893,Sandy,Summer,1.9064736529659985
Cotton,Punjab,248.70111260058505,1051.581958955524,22.67686173260535,68.9868557469886,Sandy,Rabi,0.9072181007042271
Potato,Haryana,290.75311947039995,868.4820042808727,28.3242082641346,73.3518428562677,Laterite,Rabi,9.400387614887038
Corn,Punjab,433.46068708415334,970.7729360421704,35.447014048737316,85.57884436315263,Alluvial,Kharif,4.187093935205042
Rice,Punjab,490.46597507379755,1200.898997781396,28.094014641480648,57.281008445039475,Laterite,Rabi,2.857100435691974
Cotton,Punjab,206.75418324403938,574.3245092602513,29.529615621511432,71.0753655569042,Sandy,Summer,0.7776273958939117
Potato,Karnataka,414.62186644262005,1272.3929930821078,26.931200483638317,41.939972736444375,Red,Rabi,8.332879838794327
Cotton,Punjab,383.4412583540852,1669.2349598099768,16.176806648245947,49.33862641155647,Laterite,Summer,0.8088465101433863
Potato,Karnataka,288.89683097050874,1592.2735806432704,20.35574680815017,81.56229025449713,Sandy,Summer,3.8378207562252693
Potato,Maharashtra,478.24333608790687,561.6298379794152,26.316039776937906,78.33841781691679,Sandy,Rabi,3.667299519518279
Corn,Haryana,104.23488518655938,553.7240985605056,22.13541152612821,57.532134572857345,Alluvial,Summer,3.6145737532827744
Potato,Haryana,59.0857841032626,755.8964251663526,19.180562748507466,58.84053138871062,Black,Summer,7.023441119353931
Cotton,Haryana,427.71117364293394,913.8270347797633,26.595055364124082,66.67772167767897,Laterite,Kharif,1.353291682000045
Potato,Haryana,222.37915923370542,994.3744883944204,22.424625249300558,40.012050234256726,Laterite,Kharif,6.833105130508016
Corn,Haryana,424.2495828324949,1455.4852686166869,20.93647579298854,52.06221680190139,Laterite,Kharif,2.625827401274175
Corn,Haryana,447.0796515717304,396.3567346819202,25.67166460112876,50.411590430410726,Sandy,Rabi,2.086076557498931
Cotton,Haryana,35.91650884144036,358.94359718431286,18.06553793588998,52.52414733748817,Alluvial,Kharif,1.3097481265814024
Wheat,Maharashtra,442.31505767810006,966.2479570046453,36.33815186073437,80.29529212667207,Sandy,Summer,1.4357299064519649
Wheat,Punjab,226.917932407864,1485.1782766345668,34.9571482521425,53.98369282732216,Sandy,Rabi,1.1864960761180041
Potato,Uttar Pradesh,257.66408205709496,628.8400830260204,31.275273472032314,49.57606610250741,Red,Rabi,8.198227016883044
Rice,Karnataka,315.1632929911391,1390.557618135628,17.442918034534493,65.21317303965158,Alluvial,Rabi,2.2093927282705197
Potato,Uttar Pradesh,463.55939033139293,741.7078344985091,32.845176852802936,83.2822518186366,Laterite,Rabi,5.972871004765949
Cotton,Uttar Pradesh,14.462466742733195,1806.3463849829777,33.58301854650743,52.067485191874994,Black,Summer,1.207064519216261
Cotton,Punjab,241.03751681731947,1822.672905253248,32.658586207429764,43.926812139639935,Laterite,Summer,0.9066483809487871
Cotton,Punjab,345.42241100312754,805.388247278255,17.621215403742546,57.820236792483236,Sandy,Kharif,0.8781502414065462
Cotton,Punjab,362.7399440606231,690.9893817375089,29.809883012558586,77.38259122824888,Alluvial,Rabi,1.689493981108491
Cotton,Haryana,347.80355361086845,999.2167525125932,34.18947030223617,67.53452723473973,Alluvial,Kharif,2.162590285742852
Corn,Maharashtra,71.54538905702032,708.9036948062528,28.279128228052357,80.83966847871737,Alluvial,Summer,5.074573977703558
Wheat,Haryana,153.20081624398222,1443.0525335958962,29.867369630246046,87.9796073804617,Red,Rabi,2.265632419538749
Cotton,Maharashtra,182.56418508142167,1704.3099637320854,25.542360026805042,79.63312383758085,Laterite,Summer,0.7496825821963953
Rice,Maharashtra,403.196417801355,1444.2566225490689,27.16026835733321,70.19015394218766,Red,Kharif,2.6473770951450555
Rice,Uttar Pradesh,142.98613684520376,1701.3957603238941,15.79066774208968,64.66707940261902,Black,Summer,2.040625135546704
Rice,Uttar Pradesh,109.29895711426556,974.886675752706,29.696149505385545,42.003454317413336,Sandy,Rabi,1.9651578521820305
Rice,Maharashtra,478.9367694238576,565.7388502050635,16.87328589649666,89.21609894070207,Red,Rabi,2.0101045453498174
Corn,Maharashtra,9.387326131167105,1554.5166105759067,25.005335669825136,59.17405612875213,Red,Kharif,2.6383389857841086
Rice,Haryana,498.92132356257923,912.8066587406416,21.731067246350378,47.61141069584334,Sandy,Rabi,1.7074665821609698
Cotton,Haryana,340.0265429344108,1441.1604028895254,27.5448428548694,73.33544276982283,Alluvial,Summer,2.1238511549217742
Potato,Uttar Pradesh,415.0923032273129,760.0947013690017,18.068575717033763,54.214414454772964,Sandy,Summer,4.713162961704566
Rice,Punjab,150.83660119136562,438.09037917134356,30.907798245386317,69.28891354655238,Laterite,Summer,1.7311270556279277
Corn,Maharashtra,12.086062445194688,1987.3890523291977,33.285265349354816,69.33839539222956,Sandy,Summer,0.9936070661931435
Corn,Haryana,370.24541168795736,565.5425634820187,18.7571523440926,62.28649104514346,Alluvial,Kharif,3.0669714451459824
Rice,Uttar Pradesh,417.9015755153345,1980.3156897379179,17.39920100909329,81.80593077725213,Sandy,Summer,0.7972176709463864
Potato,Haryana,371.535685316992,1961.3758853629604,18.34685610410926,53.24835307777215,Red,Kharif,4.180950180841906
Rice,Maharashtra,75.7108922139151,1649.4907766436675,35.173933923665544,62.43162958088671,Black,Summer,2.3238386708730445
Corn,Maharashtra,377.9468215171997,1421.0190355393959,27.148353020396193,66.88460642954857,Red,Kharif,3.339914770554608
Wheat,Karnataka,385.61677714328226,1282.271985426844,25.74700290817256,73.18123603836497,Black,Summer,2.751154928714241
Cotton,Punjab,330.9775552566772,1772.372627142319,17.45437183935415,79.19859252527948,Sandy,Summer,0.6124282141084039
Corn,Karnataka,384.2273867338152,792.0471867531295,29.93978815541012,59.7403641439128,Laterite,Kharif,3.3555694696756593
Rice,Uttar Pradesh,423.7311126404774,1095.0580612242911,34.96399061358707,72.3023472048298,Sandy,Rabi,1.6717574870637175
Cotton,Haryana,308.7340365475419,1352.9629479230532,34.04827499443942,47.530547653425955,Alluvial,Rabi,1.4601415169694454
Rice,Uttar Pradesh,48.859333414991134,999.0238089781349,29.39925830655843,86.63240502712392,Sandy,Rabi,2.13520919550493
Rice,Maharashtra,246.37576578526938,1026.7269719534556,16.731410482988494,59.15294032105018,Black,Kharif,3.6785186032078823
Wheat,Karnataka,43.436420662444505,861.4839347535435,17.585131625048298,76.47607109882192,Red,Rabi,1.8613401387907365
Cotton,Karnataka,206.73380036105326,1259.1940883637112,16.13410670352597,41.017054094108886,Laterite,Rabi,0.9609658390896818
Cotton,Karnataka,206.51771211718568,1745.9766976256972,20.922021979326793,50.25935714524035,Sandy,Kharif,0.6417498721415608
Wheat,Uttar Pradesh,37.67487284941958,642.5982426107319,18.120213744688687,64.3541272161789,Sandy,Rabi,1.313492871175315
Corn,Maharashtra,177.66616431489226,1888.5361658808504,20.98110492580598,83.91262338661733,Red,Rabi,1.5323923199210268
Rice,Haryana,59.94405890170084,1471.4490113719905,23.85633528153612,66.36275749753386,Laterite,Rabi,2.388515231824985
Potato,Haryana,405.07642895456496,1699.5644615560514,36.688604033636125,86.49352411469395,Sandy,Kharif,3.7556978969159562
Rice,Uttar Pradesh,474.10557285241305,1245.5241774710198,29.038649374978917,64.18984482913982,Sandy,Kharif,1.7936170230155468
Rice,Karnataka,40.796655252679614,1625.1783924209078,34.20439707070813,64.5224548367975,Black,Rabi,2.9541049377616533
Corn,Punjab,477.7820276093922,327.5406754770943,31.338084516383642,45.98733942502659,Black,Rabi,3.2889609955525128
Rice,Uttar Pradesh,263.6754166716889,1691.2467221252098,17.58757200211253,80.13281220761098,Alluvial,Kharif,2.51623655809622
Wheat,Uttar Pradesh,153.2850105871676,368.2360604451231,31.926169346600823,52.34827062335312,Red,Rabi,1.9629770836659313
Wheat,Maharashtra,43.04672726170094,1812.8527398168662,21.327274275859864,84.98062446861576,Laterite,Kharif,1.477887930457162
Cotton,Haryana,252.80901269485682,1986.3366703056936,29.699480480878247,85.54121101651981,Sandy,Rabi,0.5659099300502988
Potato,Uttar Pradesh,398.2851945229206,799.9146857005223,22.842125393788734,87.16550559370748,Sandy,Kharif,5.377423060208962
Rice,Uttar Pradesh,355.0078062470156,657.5415456858492,37.94646205508716,66.0115244551545,Alluvial,Summer,2.453256771542507
Rice,Karnataka,29.86187567466701,1601.1177185586691,21.06168402842589,73.85468923918222,Sandy,Summer,1.2627339953789838
Corn,Karnataka,41.08640850711224,730.1447795644306,21.420000827808202,78.92579400308318,Red,Kharif,2.9210695762347134
Wheat,Punjab,204.42227490315537,1771.4560513927458,36.40546187793516,46.55073093252328,Alluvial,Summer,1.844347909174651
Potato,Maharashtra,151.1687945537319,474.8324066677104,15.566821306635422,70.04785974987486,Red,Rabi,6.184489049226244
Cotton,Punjab,120.03023991274368,514.1238338449091,31.02384672108353,41.714895065165585,Alluvial,Kharif,1.2905870254068705
Wheat,Karnataka,144.09722695981324,1964.5576436710464,31.682506986925198,64.87830416943629,Sandy,Kharif,1.011259007573894
Cotton,Haryana,402.7239579319579,1445.5261270590079,34.236707280439184,47.74213408101137,Alluvial,Rabi,1.3732869087020239
Corn,Karnataka,464.9678865477677,1739.7082815292197,37.41210414468493,49.146146298104235,Black,Rabi,2.283164735956852
Corn,Maharashtra,205.52583379114537,851.3599414975806,37.43884414060301,58.25237833463008,Laterite,Kharif,2.2843723760929295
Rice,Karnataka,453.52494605558604,1450.0223741850275,16.50136542402867,61.62185833582515,Sandy,Rabi,1.5245270874057357
Potato,Maharashtra,164.14037211770156,1310.211106424615,33.90230442331676,71.15862122660937,Laterite,Kharif,5.977344222904431
Cotton,Maharashtra,240.83630824017686,1325.3552042090098,29.86512847411977,43.721420921925784,Sandy,Rabi,0.9814572761176878
Wheat,Maharashtra,116.88435391891986,1460.3051812141266,29.888869090581096,65.18458806187223,Laterite,Kharif,1.9635021650063031
Corn,Maharashtra,322.0356408770428,1278.1105943194675,17.95204831213798,49.13125651265506,Black,Rabi,2.915155956790338
Rice,Maharashtra,489.59565201153043,1029.406027814532,29.954304828250027,68.69875875158709,Laterite,Rabi,2.7110842667926236
Rice,Haryana,303.72908254147245,769.0685804469297,37.597099353828696,71.87023061305918,Alluvial,Summer,3.278257920732983
Cotton,Punjab,182.1179716362067,1606.5882625524434,35.97182709940728,67.83546282764269,Laterite,Summer,0.7891917566582088
Corn,Uttar Pradesh,325.66963576531157,684.6631310054165,25.10000519851156,76.91477552391538,Sandy,Summer,2.3458425420324565
Potato,Punjab,65.84573584036684,1477.002320462504,15.91880338558017,56.780462212045066,Red,Rabi,5.389674944285549
Corn,Maharashtra,444.8862447313723,696.6657985038553,23.33275027000471,78.25532958165655,Laterite,Kharif,3.0968021625548854
Cotton,Haryana,254.026555636019,1363.0612889225715,34.006977166812774,61.63835408540969,Laterite,Rabi,1.2689072042674445
Cotton,Karnataka,227.4281223096228,1570.0330541193491,31.13447933369882,64.20922491612984,Laterite,Summer,0.8197799826235835
Corn,Haryana,295.003070284492,671.8136111411167,25.564904078660998,72.40510636305356,Sandy,Rabi,1.8848000976273123
Cotton,Maharashtra,314.2680120807542,401.90361146422407,16.267335308653116,40.9179191999612,Laterite,Summer,0.7846155772904878
Corn,Haryana,40.52902408212395,522.655363090096,24.81857873993596,72.69971107101242,Sandy,Summer,2.228284981165685
Wheat,Haryana,342.8955245055842,1330.1948443607432,25.78757361351132,70.92925745360577,Sandy,Kharif,1.6627735325178412
Corn,Maharashtra,124.75618175618715,1744.0588905837503,36.356777256565124,55.49235583766399,Red,Kharif,1.7058357917461078
Corn,Haryana,358.406553090762,376.49459610022143,29.744980382389667,44.289714244974476,Alluvial,Summer,3.696497580768897
Cotton,Uttar Pradesh,412.1547232201774,1548.0571403707986,22.168017083056924,44.54677249565206,Sandy,Summer,0.6959436517523377
Cotton,Uttar Pradesh,402.95946123849757,880.2416981150886,27.082320082366593,86.16118734926144,Black,Rabi,2.2436879796406104
Rice,Haryana,278.4879788669051,1113.4982288631882,16.519272079909683,74.46396606129186,Laterite,Summer,2.2008583466826637
Rice,Karnataka,262.4840966938218,1879.0612347374615,37.36906941994395,46.35513068853702,Black,Rabi,1.5553828145769755
Wheat,Maharashtra,75.7236008630088,864.3515580509373,23.281377744406697,57.83615846544532,Laterite,Summer,2.1838413720080716
Rice,Uttar Pradesh,388.7963444495521,1091.0727876971264,25.990949163002124,69.62414969507982,Red,Kharif,3.524610095590043
Corn,Karnataka,139.3476433211236,323.2601050931579,23.17153140744922,81.77858525453243,Sandy,Kharif,1.3097778270660256
Cotton,Haryana,250.86423429488354,438.7178240082252,30.697769792672602,42.183046435650425,Alluvial,Summer,1.6140395031502537
Rice,Karnataka,145.71567599912078,739.6057049291328,30.23133964158064,51.83165657350044,Sandy,Rabi,1.599831966484619
Rice,Punjab,71.24503968484811,347.3488093958265,31.45241314217012,84.487449514769,Laterite,Rabi,1.793155060394585
Wheat,Uttar Pradesh,316.6310599614096,1373.3380542820266,21.167294281074177,40.45827750919082,Alluvial,Rabi,2.8334873547201003
Wheat,Haryana,31.894357237337395,1024.8772065627581,22.26037506677352,50.06995513969437,Sandy,Summer,2.0393099521239706
Corn,Maharashtra,375.579390892469,1231.8468446376373,17.880778315212783,87.9512087986483,Alluvial,Summer,3.6759389367264546
Cotton,Haryana,162.20546365425275,596.9002160237602,30.07672935246059,70.67009232610856,Laterite,Kharif,1.3520785082230626
Wheat,Maharashtra,5.066673037220234,803.0844500422475,15.915333928720008,53.08356833187533,Red,Kharif,1.7460312668312534
Rice,Haryana,258.0089239224287,1428.5016072496328,28.74669371703956,43.34955471979238,Red,Summer,2.4105598215482877
Cotton,Karnataka,28.191694721163547,1941.0146301716798,35.003005351587575,41.40956702236111,Sandy,Kharif,0.5381033858708679
Cotton,Karnataka,141.70393112134525,385.70851512375566,35.48913941066157,52.237253981846365,Black,Rabi,1.2250110066938937
Rice,Karnataka,354.9533612905795,1813.6533454539524,25.327868488509118,84.07429097944552,Laterite,Rabi,1.6491305006652779
Wheat,Punjab,36.0313627028236,1280.6980422290544,25.563984828900697,60.795682714875475,Sandy,Summer,1.5586828335182712
Rice,Maharashtra,420.47255371622117,1258.6632634845603,16.7702912091844,76.01666845829965,Sandy,Rabi,1.6523975891825013
Cotton,Karnataka,6.890861715998638,1150.4735098531926,30.42759558518982,85.91425176899789,Red,Summer,1.4780376200325722
Potato,Punjab,127.1778152549416,417.96994603711175,33.88896666857545,60.40202308014083,Alluvial,Rabi,7.114080931698509
Potato,Maharashtra,371.74750779527534,452.79064795147315,20.6270662559084,49.56386855186985,Laterite,Summer,5.02613505202478
Corn,Haryana,161.55372411600686,1321.5504096204463,24.68992027756739,65.85589654284598,Alluvial,Rabi,4.556146598318741
Rice,Punjab,55.4367320926767,879.6295714404491,34.29330474560122,85.40418435299273,Laterite,Rabi,2.8255790782267285
Rice,Uttar Pradesh,183.3157898062118,1859.3557131820571,35.17377075623263,80.21872070688502,Black,Kharif,1.773761514835671
Corn,Punjab,138.84467676034015,991.2039135111029,20.593139546077197,43.29149216815769,Red,Kharif,4.1139452987272955
Corn,Punjab,422.1423915694747,543.5784797944898,27.663124594451375,74.6286400038791,Black,Kharif,3.7529495240038417
Corn,Maharashtra,160.10721920464584,1515.0220169534612,19.427342464624022,68.59487612294768,Sandy,Kharif,1.5797188648794505
Cotton,Haryana,395.5215735291236,798.7008164497167,17.3432115752098,85.37315881732127,Red,Kharif,1.1162298715656385
Rice,Uttar Pradesh,446.4767116813137,1193.2995225050186,35.95577153201502,46.12407084251486,Sandy,Kharif,1.546228408241343
Cotton,Karnataka,219.7396226903821,1486.315735358789,33.87167259733851,66.70180566023282,Black,Summer,1.274737696708193
Corn,Karnataka,455.42185620792407,1830.4489890435198,32.480802741473,83.97313467559462,Laterite,Summer,1.6647897853076552
Rice,Punjab,191.77243671178047,1646.7250311628493,16.12162533270223,60.501189337087155,Sandy,Kharif,0.9252817905209769
Cotton,Maharashtra,482.21881616260356,1449.813815383631,34.40576223233592,64.09974588664335,Alluvial,Summer,1.7835245720690376
Cotton,Maharashtra,49.1983146401586,1455.3764100717442,25.075013745823824,43.523033883347914,Laterite,Kharif,1.3014276931064868
Corn,Karnataka,345.0745369191052,1908.071894854547,22.87508783580477,53.90718202244554,Laterite,Summer,1.8106630765047578
Rice,Uttar Pradesh,249.4379500261797,802.9009657441113,27.568956303583658,56.22533245844737,Black,Rabi,3.612801505870073
Corn,Haryana,196.8861587005453,301.8905601335186,17.101124582641784,87.25612243724434,Black,Summer,2.4234272905971337
Rice,Uttar Pradesh,318.19237998055746,762.3227509769378,32.402870635105174,54.133368027057955,Red,Summer,2.3723884472498358
Potato,Haryana,353.40926035899395,670.4153453654648,28.396006768430805,63.0434367634826,Red,Summer,7.235969835898853
Wheat,Karnataka,7.159818476902998,1425.1187946937969,19.291572228082853,73.56522117821399,Alluvial,Rabi,2.657061598305139
Wheat,Haryana,87.64177892986336,1377.3097196013994,19.32934059468805,48.10916862039387,Laterite,Kharif,1.6602583792594803
Wheat,Maharashtra,357.95779506398776,1308.8843505980303,19.237718986171508,64.32211935709373,Alluvial,Summer,2.7443104468467037
Corn,Punjab,334.8607797212122,327.6138534560713,16.31105491369448,76.92695197379538,Alluvial,Summer,2.1900096260281607
Potato,Punjab,483.19351503869524,1538.9226925661007,28.51936433554875,83.3427606513533,Black,Rabi,8.422694527822122
Rice,Karnataka,381.7137061741376,850.0017012253356,34.32800808453568,71.31296373312134,Alluvial,Kharif,3.007797761656638
Cotton,Maharashtra,475.6324903270123,1430.5951813112729,15.402458921709938,73.4526757658474,Alluvial,Summer,1.4019789682637376
Rice,Uttar Pradesh,352.75754825972945,1246.1833284536606,16.12710683433929,46.31417362922845,Sandy,Rabi,1.5797206036220293
Cotton,Maharashtra,152.53584327652436,882.6425732274422,28.173716363799755,87.28882486231736,Red,Kharif,1.8847312944884393
Rice,Punjab,57.155636514173956,528.7796540769832,33.848400763879205,46.628703874224115,Red,Kharif,2.0036416239202426
Potato,Punjab,392.0028123557431,460.5121260228176,22.514994483078574,78.73364685908992,Laterite,Summer,5.17721157827241
Cotton,Maharashtra,323.85386463057836,1713.58116629078,23.041131172577607,53.24081608891594,Red,Summer,0.9995225162887922
Corn,Maharashtra,28.852076134681635,1861.2758215386486,28.715969442425845,86.67965718506258,Laterite,Summer,1.8245834986884235
Rice,Punjab,183.22498062098427,1404.6396794993093,21.30689644985538,75.99797696847398,Sandy,Summer,1.605714802014849
Rice,Uttar Pradesh,478.61590866472164,475.8379952628217,15.611992419786734,77.69068564891845,Red,Rabi,1.5315405609401904
Cotton,Karnataka,252.69856712654962,983.4462687100092,31.91025591633671,50.95295865299417,Sandy,Rabi,0.8608241114952113
Corn,Karnataka,219.2009223297538,1539.1966401787672,29.389947997653422,62.151998831758036,Red,Summer,2.6850220471923594
Corn,Maharashtra,231.5613045538505,1625.6955028171158,28.35738797828016,70.89065972946432,Red,Kharif,2.883850622622144
Potato,Karnataka,108.39694838255605,500.97165789485064,32.05873496681193,78.49868091033005,Sandy,Summer,3.970456709829128
Corn,Punjab,187.51004957807362,300.0522220371501,30.530309263926863,45.19796879561948,Alluvial,Kharif,3.4720893743634695
Corn,Punjab,188.05756171365243,1510.6329779970285,19.73528572810139,88.11826582272641,Alluvial,Kharif,3.411183634526311
Corn,Maharashtra,30.91573499279884,906.2134991765496,23.107064079697075,84.51103352772779,Alluvial,Kharif,5.364496519491627
Wheat,Maharashtra,384.94597611636954,732.6182637510424,17.900533258608377,53.51742952477922,Alluvial,Rabi,2.4006279765443272
Potato,Maharashtra,211.1696937924201,321.92569864219325,17.986711308611262,81.1380121516166,Red,Kharif,4.351431254906591
Rice,Uttar Pradesh,411.9790439741295,1218.5089914945495,30.5525021662004,65.91619615199117,Black,Kharif,3.548390720179749
Cotton,Karnataka,425.9222605543482,1746.956250224169,34.747802460597455,63.090324078100934,Sandy,Rabi,0.6231672467263023
Rice,Maharashtra,109.93705707583574,1927.9737986633995,37.1428494288062,55.72170529057027,Black,Kharif,1.6838144914175603
Potato,Haryana,330.38997367421365,1261.7664160425916,29.45198370363722,69.04842933157963,Black,Kharif,9.038134230464362
Cotton,Haryana,238.77949306067595,1174.58425715782,19.23433043730201,76.49445588517989,Laterite,Summer,1.268042442664549
Potato,Punjab,440.6775852711351,444.5958553317099,17.429957945325405,60.546645248137914,Alluvial,Kharif,6.948199437052416
Corn,Karnataka,111.79163619234478,1233.0837626224197,33.695572345345425,71.46095965041461,Red,Kharif,3.039281078624921
Cotton,Maharashtra,340.5175341534719,945.9644342411708,28.311398956279984,74.96564605776518,Alluvial,Kharif,2.1548012300308153
Corn,Haryana,305.8373005150977,1332.1299775020807,29.220555483315557,75.55609085076429,Alluvial,Kharif,4.403983770515551
Rice,Karnataka,151.17423139805723,960.8347913901293,32.97362804135831,42.598304906559015,Black,Kharif,3.0290995123389557
Rice,Punjab,72.61744730733044,708.5085098656234,31.175376237846386,82.98739028425334,Laterite,Rabi,2.409938974275828
Cotton,Uttar Pradesh,327.5616814362519,461.44096788824004,34.192539815690225,62.9126657382524,Alluvial,Kharif,1.5329716430836993
Cotton,Karnataka,370.6057417755037,835.3613558011227,16.292919825577204,53.12080408481072,Sandy,Kharif,0.8157994124693365
Potato,Karnataka,161.23553516285824,464.2962182891789,32.19297464516961,52.08822537398408,Sandy,Rabi,5.007350375794839
Potato,Uttar Pradesh,324.19213899104534,600.7248164007726,34.569613418408196,64.15070564219752,Alluvial,Rabi,8.94164701140799
Corn,Karnataka,200.5897992676941,1978.471469585228,21.58110597654123,84.34157697344796,Black,Kharif,2.3865891574680984
Cotton,Punjab,358.0374072248958,1054.9760467412516,29.730287301844818,58.91737908413235,Black,Kharif,2.011911488635003
Rice,Punjab,103.61156107255628,1204.1820030585282,22.22572746825036,77.48628733917717,Red,Kharif,2.8900837644067683
Potato,Uttar Pradesh,445.6564263049063,1785.151498853266,37.03333452909644,44.84093654936093,Laterite,Summer,3.4675841940241225
Potato,Maharashtra,147.26775025046197,1992.4671308341692,15.768742166016587,63.80283510755309,Black,Summer,4.498458730041277
Rice,Haryana,187.05406393929567,1290.6145638859584,28.335235408157963,89.58430701963678,Red,Kharif,2.47407468299637
Potato,Maharashtra,33.75551627977315,1681.2054957750918,18.829581582138847,78.52189013961686,Sandy,Rabi,3.5915183974018987
Corn,Karnataka,60.19854509903182,855.799741372348,31.38106471907465,50.52642442203065,Sandy,Kharif,2.316640047223158
Cotton,Haryana,260.3516418426024,819.7647276603949,19.04547651862923,65.07207368489554,Sandy,Rabi,0.945362528684315
Rice,Uttar Pradesh,137.4583749803459,984.5963256907523,20.413815023662224,51.68123818242833,Alluvial,Rabi,3.9128439943391555
Cotton,Uttar Pradesh,418.5627117423862,1443.2623465452036,26.370528654052436,60.47804636312546,Laterite,Rabi,1.1845005314187562
Potato,Haryana,12.273227384202151,1459.7258717336679,36.041203849928195,79.00420118674825,Red,Kharif,5.580331759407209
Potato,Punjab,192.65155409260842,835.9070389040663,19.86943055940333,78.56124076452019,Laterite,Kharif,5.198536078313113
Rice,Haryana,171.98604565070087,526.4568710322687,18.31752048571638,51.405018895119255,Alluvial,Rabi,2.7075371065703995
Corn,Karnataka,14.567177304212512,1375.0736359913647,32.4564671326427,86.11116590774301,Red,Summer,3.164953216670952
Wheat,Punjab,66.56235750525255,518.1539657208997,26.51424924368041,69.62840913824134,Red,Summer,2.217111706663386
Rice,Uttar Pradesh,209.75312408472445,1283.437263989861,35.97105758478074,58.996214548100724,Black,Summer,2.723103914668025
Wheat,Haryana,248.96796930148608,1478.8176176957252,18.37213481467637,65.09677903904303,Laterite,Rabi,1.5731770384361128
Wheat,Maharashtra,205.1234248911602,1491.0395438705677,29.856341539529904,70.25356267188718,Laterite,Kharif,1.7509461475593535
Corn,Maharashtra,267.81415081398643,1580.9025881213145,20.356220361491747,67.99452659228928,Black,Rabi,2.9860021512988006
Wheat,Karnataka,299.59017907831236,1783.8610166616297,18.605489858987703,64.3202517768089,Sandy,Summer,0.8989529959915684
Wheat,Maharashtra,9.912291458278638,1149.9302863401404,30.718876548617224,65.24664020447,Alluvial,Kharif,2.978092714626582
Corn,Haryana,234.72710392948443,1541.423622200271,28.654746257900864,48.82059552139431,Laterite,Rabi,2.4978753078660385
Wheat,Haryana,481.9321242393562,1352.5936501219223,32.36103154233362,80.63664521523397,Black,Rabi,2.5253059946594654
Wheat,Maharashtra,261.9209786641266,617.2878976560603,22.117639258262194,67.08801599705077,Red,Summer,2.4659733118329803
Wheat,Haryana,340.38342239218184,343.67239627799387,25.30334809679037,46.553993085235156,Black,Rabi,2.1146346036739776
Rice,Karnataka,159.3726096688572,783.7203556507874,24.325848555599627,78.3078550791389,Sandy,Kharif,1.842674932087889
Rice,Punjab,388.12573218561744,1053.157300773953,37.634057671229826,86.62219891886754,Alluvial,Summer,3.1333214484542786
Rice,Karnataka,387.59613352867694,1349.0801055287156,21.72172600500592,87.36534496184811,Sandy,Summer,1.5400278396937166
Corn,Karnataka,263.0415435887988,1744.9308618554492,21.78079648197564,58.450886620558634,Red,Kharif,2.323288922608427
Potato,Haryana,488.1268425232107,633.6177184004816,23.154608803057968,46.7758436780377,Red,Summer,9.148044811205647
Wheat,Punjab,67.14735630751342,513.434642827411,27.985663869677396,65.91998133165326,Red,Rabi,2.0895945122257134
Wheat,Haryana,13.389094120342591,1937.9159107063567,20.803423118066142,45.63046146746103,Red,Rabi,1.3803896295316855
Corn,Uttar Pradesh,386.2283148197625,483.67575093989205,36.0516686287233,86.69937092563086,Black,Summer,2.2978020711843774
Wheat,Haryana,404.54199099561686,1113.4348191822214,21.11076799192406,49.1789813677573,Red,Kharif,2.260284192083559
Rice,Haryana,64.50257841468525,1295.4583389486133,35.603761825884476,52.6382929975582,Red,Rabi,2.60884356729952
Potato,Haryana,136.46350231451,1220.336515542645,17.37992646387145,60.331826344248526,Black,Kharif,8.31735947748083
Cotton,Punjab,13.68841986648131,446.25466695600346,30.100942155192,59.15822342795629,Red,Rabi,1.261039363579063
Wheat,Haryana,150.18776233637954,396.94575380615294,35.86066692407961,79.73314461989446,Sandy,Rabi,0.9942804841273388
Rice,Punjab,387.7052275897424,479.3218266837606,18.881237083159277,62.81584102754812,Sandy,Summer,1.3606120354189986
Cotton,Maharashtra,261.39046121772657,1295.4990625834412,37.27152008228286,48.53841300016684,Laterite,Summer,1.1789172382946442
Potato,Uttar Pradesh,177.30731861830262,1225.3863089783458,25.41631728955677,53.3604947743037,Sandy,Kharif,5.084889649483207
Cotton,Punjab,189.0109509786335,697.3593464624653,36.75144749414356,65.4556692593761,Alluvial,Summer,1.8770686463702246
Rice,Maharashtra,5.670044729156737,1384.2160411375057,30.56686100349108,47.372695871306746,Alluvial,Rabi,2.7994165167729324
Cotton,Punjab,153.40126114479176,1694.114753494604,21.936498007091686,70.58278378230071,Alluvial,Rabi,1.302241484069485
Corn,Punjab,324.9970771107756,370.6842317392094,19.33095807309345,68.2873653275573,Black,Kharif,2.5128132201389777
Cotton,Uttar Pradesh,487.2262496890968,1146.820904031672,21.985906063177286,75.73511581911288,Sandy,Kharif,0.9460296737079203
Wheat,Karnataka,424.29510935703024,1471.8277005745736,17.139400413041525,86.88523076896838,Alluvial,Rabi,2.054729783933095
Wheat,Karnataka,16.679507499536918,728.930276018468,18.308963225896584,85.61272805505779,Laterite,Summer,1.5965759253272473
Corn,Punjab,449.7874993140455,823.2105389983535,17.407190127969066,87.30378090344158,Black,Summer,3.0231840047693392
Rice,Haryana,392.68321458281986,1343.1844350819524,24.72770150605583,52.23577985118504,Laterite,Kharif,2.495013127460654
Wheat,Maharashtra,391.2861811676353,1826.4899988543527,33.29830265392449,46.57826533196773,Sandy,Kharif,0.9410741968050821
Potato,Haryana,231.70790070676787,1676.871514514929,18.251821746975825,55.11383502482242,Red,Rabi,4.971968732661315
Wheat,Haryana,202.0126200124789,1291.3213724692919,17.997369962963724,84.75425863831573,Laterite,Rabi,1.7699338932955633
Wheat,Punjab,154.94328577243036,1541.3769201873235,29.798865838898607,88.6026737311744,Red,Kharif,1.687438970543925
Rice,Punjab,37.51895518241106,920.1981993532578,19.535208585265522,82.9662475535238,Black,Rabi,3.320010492129531
Cotton,Punjab,117.97650492938105,1389.641397767888,17.245030876506807,45.50088605637718,Laterite,Kharif,0.9649727707595128
Wheat,Punjab,127.06879931412219,1092.508704916847,18.837517298728287,87.37139990298965,Laterite,Kharif,1.9612761904015727
Corn,Karnataka,244.6181495065498,622.8914319778535,36.24582210516585,61.1679013675393,Black,Summer,3.248554380200646
Cotton,Punjab,374.9849812653635,1492.9550655913372,33.89383881385239,40.46551453811768,Black,Kharif,1.5975415543083786
Potato,Karnataka,239.53586505698357,1245.9898834929973,23.143484934167162,62.119687037409676,Alluvial,Rabi,11.04360245924603
Rice,Karnataka,33.6330024763445,909.6566893211053,30.083877648530034,42.30345848377338,Sandy,Summer,1.9431017515200883
Potato,Punjab,479.10595148916093,1849.2766231336723,27.357340494364877,67.19389605805588,Laterite,Summer,4.525062658360793
Cotton,Uttar Pradesh,471.6485379515856,335.58800030544654,30.57385806009897,56.927701371852564,Laterite,Rabi,0.7403782563767541
Cotton,Maharashtra,393.66882385846213,836.8143571241433,30.701436506643464,63.67174667970244,Black,Rabi,1.856975282684496
Cotton,Haryana,495.70731127428917,396.6983762219992,29.460882346379837,70.65851803715586,Black,Rabi,1.2602277377432358
Potato,Karnataka,274.5187547361301,1603.0964375767662,21.120331476358096,83.44005479089101,Sandy,Kharif,2.9999702105462953
Cotton,Maharashtra,481.570333375337,1493.5826719934473,15.897147677544817,73.09507882359642,Black,Summer,1.1551040654628926
Potato,Uttar Pradesh,42.42449510529163,863.2987718517389,25.4780359857725,61.70244342390903,Red,Kharif,9.291341329772495
Cotton,Haryana,186.0119703893788,1448.6269337520241,35.49239934788619,80.97139268351825,Red,Kharif,1.1816595740707956
Corn,Haryana,116.56372766334908,973.0932845331147,28.098436945927247,85.27910687865662,Red,Kharif,4.298173500765294
Cotton,Karnataka,101.93737664646366,1585.6314454181384,34.14499395914388,45.98799832160986,Red,Kharif,1.1371149430185843
Potato,Punjab,74.69745970187466,1072.1122266524003,37.80735988810825,66.59664887763958,Sandy,Summer,5.177236356517451
Wheat,Uttar Pradesh,313.09475257516834,1000.8755373138314,18.763172695180355,54.22559798712221,Laterite,Summer,1.7607364436807693
Cotton,Karnataka,391.754318594916,1889.0408563301116,30.910885700265595,42.35305989384737,Red,Kharif,0.8886093700027902
Wheat,Uttar Pradesh,291.2577077130785,726.4944698141903,30.508752195100566,73.42733475569926,Black,Rabi,2.978645935725629
Corn,Punjab,77.74654124616379,504.7604779941612,37.538975289240405,83.13853887296128,Red,Summer,2.254704486643354
Rice,Punjab,406.5062661170681,1293.723292541079,37.668816880914406,48.1451327238697,Sandy,Kharif,1.3857366711496428
Corn,Karnataka,319.7975800460456,1947.8470808831041,30.79360806965498,80.62068288119502,Black,Rabi,2.3637282655817784
Cotton,Punjab,197.1420245328628,942.3266633362173,20.603140215590468,82.66978667684708,Red,Rabi,1.5045937485633576
Wheat,Maharashtra,338.69449629035114,405.4624981689286,33.366784277003774,85.71702213332418,Laterite,Kharif,1.5244692166652785
Wheat,Haryana,133.65296472520225,876.8189544262647,17.461670086853875,53.26425445430262,Black,Summer,2.338620780917905
Potato,Karnataka,175.8701432046342,1160.0838123432495,32.95608399594746,85.19765325949447,Black,Rabi,8.039389460433025
Wheat,Uttar Pradesh,459.1554923503352,575.2691112747633,35.934510855328014,56.033137736821615,Laterite,Summer,1.557987204987826
Potato,Maharashtra,148.7997303073531,1418.7737706960365,23.80516807967401,67.61690067277515,Black,Summer,9.054142644133629
Rice,Karnataka,237.64419273817862,1996.173961317341,29.50461178461085,42.52537354161411,Red,Rabi,1.5952851785504798
Cotton,Punjab,445.61986301102723,1067.9571091684545,24.893282838227005,42.19405441843718,Black,Kharif,2.2051678214619814
Potato,Punjab,355.3220683824261,903.0385464413615,25.068596264726956,76.01866063661015,Red,Rabi,10.205594645476602
Rice,Punjab,35.79059695152786,981.1970836185933,22.138530449486762,62.22399889888955,Laterite,Rabi,2.583456945582287
Wheat,Punjab,77.91500691809031,495.74850327184197,32.52898127035746,52.814618768460875,Alluvial,Summer,2.489201316200074
Wheat,Uttar Pradesh,8.881587432098826,1801.5651224245805,36.53206097582962,49.52067480124551,Laterite,Kharif,1.2547129860591668
Rice,Maharashtra,317.30628616343586,1005.2036143862983,36.637269762392606,73.49767454296091,Red,Summer,2.664181121635521
Wheat,Haryana,226.59834557815708,958.3664994222303,19.019969552123477,40.02007720126699,Sandy,Rabi,1.4608350227086393
Rice,Uttar Pradesh,71.4660511966264,1421.4734639818064,35.11910394210102,80.2945584598427,Laterite,Kharif,2.0115493887457303
Potato,Uttar Pradesh,479.1773899231014,1051.45681558291,31.96092315282381,43.96248030649644,Sandy,Kharif,5.676394008545286
Potato,Haryana,267.18156335308186,1401.9968969733384,20.815260215876652,49.57448074540597,Sandy,Kharif,4.502320134414253
Rice,Haryana,124.73718058588014,404.45869322233875,16.547546097194836,59.31181976495448,Red,Kharif,1.8266230628805344
Potato,Punjab,252.79876772158025,1683.3296843277867,21.163937138340692,64.24293698580519,Red,Kharif,5.521657976472781
Potato,Uttar Pradesh,341.41206470387834,1898.8567198949843,35.98078944597509,57.749755790697094,Alluvial,Rabi,5.818493976932001
Potato,Karnataka,42.73841289691442,1402.901156470956,29.563109522602762,56.03560824921469,Black,Rabi,9.524023403988837
Corn,Haryana,140.97838844870654,1922.7620790599783,31.584257200651052,88.19580060365942,Laterite,Rabi,1.8570966239902276
Cotton,Haryana,404.44791798757683,557.4349344289376,20.914504075509203,72.07898406216971,Red,Summer,1.2773539024094804
Wheat,Maharashtra,232.5341108493173,1111.6075221166013,31.545927578220866,41.17164776836941,Laterite,Kharif,2.234020704076549
Corn,Karnataka,275.555685305986,1323.0714477072602,15.646794644392246,61.508795422215655,Sandy,Kharif,1.198343052923418
Potato,Karnataka,219.24392109368728,1288.9523006160175,23.632390952779318,83.7504349871985,Black,Rabi,9.931724172771897
Rice,Haryana,26.730471608287534,982.4850244513735,29.41532701647362,55.072809320533395,Alluvial,Kharif,4.358010443996723
Potato,Punjab,87.04614101097718,874.7434959226443,18.360221007450363,44.72781723871941,Laterite,Summer,7.011604518607037
Cotton,Maharashtra,225.543111177236,515.600838335712,33.929082212279496,77.9192385794959,Black,Kharif,1.2465885492346869
Potato,Karnataka,108.54680537692427,965.9621659558729,20.40571987267413,70.30069159680406,Alluvial,Kharif,8.730750070298495
Rice,Haryana,29.739619186540974,576.5233856793247,30.002465594824265,68.51562539132519,Laterite,Summer,2.36361242157611
Cotton,Karnataka,422.6065837056527,1548.4216500367713,24.319534279232585,42.6788279803704,Black,Rabi,1.3073141017832723
Potato,Maharashtra,490.69030193623735,655.012590340803,28.709002695985887,47.02495048977587,Red,Rabi,9.000773861263818
Cotton,Maharashtra,397.60572262838605,399.5610189837075,17.471362710464888,71.1274698106557,Laterite,Kharif,0.8035756372100366
Wheat,Uttar Pradesh,427.6235362438102,1239.0224342892984,15.388994398196969,50.39119207294179,Black,Summer,2.004560590684701
Wheat,Haryana,124.77867950693746,1311.8905456229827,35.91998182974693,65.20350398742121,Alluvial,Rabi,2.647164764239032
Potato,Maharashtra,480.51035287903386,1782.2522041768593,21.201490201645203,67.24408430146967,Black,Rabi,6.839521440615898
Cotton,Uttar Pradesh,102.47822370444705,1280.868741110059,33.85257106395056,54.17535951354697,Red,Rabi,1.3535196506698135
Rice,Uttar Pradesh,475.957756129107,887.3174513298577,37.98505691086061,87.42125777707464,Laterite,Kharif,2.1565217817086215
Potato,Karnataka,497.43555051314576,1665.1201985947448,19.862918933974957,82.12320534177876,Laterite,Summer,4.585849748429528
Wheat,Karnataka,357.3027888442941,1218.474118418616,21.098927047217177,76.11867538163992,Laterite,Kharif,1.6728540059457817
Wheat,Uttar Pradesh,490.6661472369518,434.776483873026,30.24577511559731,43.899693320470455,Red,Rabi,1.8529596219671325
Potato,Karnataka,286.9221908857163,1261.9459525325192,37.20531859581429,45.30650096545097,Alluvial,Summer,7.73748206447609
Cotton,Maharashtra,133.4731826721647,1843.631527216826,36.06373000838711,64.63906729324779,Laterite,Kharif,0.7464223030573124
Wheat,Punjab,221.31296340448233,973.7314633469749,26.56613696150845,48.03566745954929,Alluvial,Rabi,4.139859099733552
Cotton,Maharashtra,298.81266301249906,803.75386322966,33.28753649811467,88.9132731764737,Black,Rabi,1.701126270340505
Wheat,Uttar Pradesh,41.17537320337242,543.898076930634,18.122154621297724,47.92601170137047,Alluvial,Kharif,2.3421886258773226
Wheat,Uttar Pradesh,313.0599159855368,557.4573872901074,37.481078236692284,64.3733917731987,Alluvial,Rabi,2.17167920106716
Corn,Maharashtra,490.68302919733577,1035.711523381092,37.180124382827685,58.206052842075266,Laterite,Rabi,2.894274810832131
Wheat,Karnataka,99.10328664294518,1312.6557010746,18.76576603122093,71.9693210727049,Sandy,Summer,1.067344962294935
Rice,Karnataka,397.33458256274974,437.046188788323,21.88673187047145,46.451820444471245,Sandy,Rabi,1.2399453600825336
Potato,Uttar Pradesh,454.4099029209116,1897.2666013427818,17.30356494265564,61.51582140211954,Red,Kharif,5.001889566470606
Potato,Haryana,472.1322884460093,1583.727149656833,21.249504774658135,53.735251640357184,Red,Summer,5.368687218873308
Cotton,Karnataka,480.2671241806964,1297.2606610822265,33.766983156549756,84.38757623358441,Sandy,Kharif,0.893882280347747
Wheat,Maharashtra,263.12252116712864,1708.3457405962845,23.701258964800967,42.02928560673475,Black,Rabi,2.2745095516045537
Rice,Karnataka,488.7674144557943,436.3174865805926,17.033130244375442,85.68637470032297,Laterite,Summer,1.3060432381486224
Cotton,Maharashtra,379.8685525315472,1110.6260921463113,22.871187069914804,81.64970692765002,Laterite,Summer,1.1204007948964363
Corn,Uttar Pradesh,85.02736093729614,1371.1583156648278,37.57181668754944,54.878535822040774,Black,Summer,3.3410095930244026
Cotton,Karnataka,241.06555270164515,1708.7099404010917,29.482722690961666,79.46453273385524,Black,Summer,1.202635357007305
Cotton,Maharashtra,360.573931809142,1631.898252083755,24.57170176734163,41.56067801693738,Sandy,Kharif,0.6981177545628715
Wheat,Uttar Pradesh,127.43345633044625,771.0177245127793,18.83038581043721,88.34327751466968,Red,Rabi,1.9537495519679233
Corn,Haryana,322.10451585669927,1899.4962882506472,37.68206633752498,66.32974712948946,Black,Rabi,1.802621918494277
Cotton,Maharashtra,334.96723712807653,511.3879304324796,33.87952721305196,55.16405130327226,Red,Summer,1.1855760164899447
Rice,Haryana,85.53637318524011,1787.7271516559586,21.473977956371147,58.12916062973385,Alluvial,Rabi,2.072920036044855
Rice,Haryana,284.71722966411437,1950.5984243278515,16.611580001587356,43.320267673024865,Laterite,Kharif,0.9362230577449134
Potato,Punjab,386.9553209344108,601.1609894784635,16.302387819683833,89.46747570210195,Sandy,Rabi,4.4164587920301175
Corn,Karnataka,251.95335394529124,1527.512309146435,17.768697438627278,41.96459725753462,Laterite,Kharif,1.8078166295802092
Corn,Maharashtra,10.991042804173176,368.4853819225974,28.357677423131697,72.74535615739296,Sandy,Kharif,1.6505325794471601
Potato,Haryana,9.474042194249627,989.2188027365635,36.36155868772633,62.13679638532292,Alluvial,Rabi,11.138219293413512
Cotton,Punjab,181.72952526515604,1177.681608636046,26.425098844137644,87.44581090943575,Laterite,Kharif,1.4469950100466211
Corn,Uttar Pradesh,463.4660638737321,1287.096884046378,34.387746096492535,52.29998701533976,Alluvial,Kharif,4.190086196530203
Rice,Maharashtra,118.19500590378634,1891.093322022551,25.25539225677558,66.60434119690056,Sandy,Kharif,1.2939438667568124
Rice,Haryana,319.0100259914851,1442.8261684001309,31.29742155265998,64.11781042913765,Black,Kharif,2.7366419294818396
Wheat,Karnataka,114.92755599319368,1118.172517072703,31.83307295758952,75.14332220250506,Laterite,Summer,2.370581212139113
Corn,Punjab,164.22664488147657,1676.447561652012,19.00116523577679,43.400511597621026,Alluvial,Rabi,2.906943332013216
Cotton,Haryana,424.7808343527346,1915.9057956224951,23.30796935644367,49.68945650116774,Laterite,Summer,0.7401185799459208
Potato,Karnataka,365.7864139236237,337.5124527598944,29.65794960037455,50.72824100464249,Laterite,Kharif,5.782036681190864
Potato,Haryana,52.22264227003926,1970.2861628352657,16.62602198824042,76.90753774208449,Laterite,Rabi,2.982559037568112
Cotton,Maharashtra,217.20750038828464,446.42463640825656,23.315424318548004,49.456934816337004,Red,Kharif,1.280419199348958
Wheat,Maharashtra,19.439033004405914,1684.4575247568944,27.300387724467427,68.67458819454883,Alluvial,Rabi,2.72531483414977
Potato,Maharashtra,243.04062256848945,776.5690793374013,37.913163340026685,50.762191025047684,Alluvial,Summer,8.825072201940213
Corn,Punjab,332.9048357920287,524.705418181582,25.914271940316137,83.08124750419893,Laterite,Rabi,2.1578017524653936
Wheat,Maharashtra,63.658798681085024,1047.7545875135193,33.76930541362944,87.10927272448193,Black,Kharif,3.2337488690347564
Corn,Karnataka,147.998044760037,1394.726185060943,24.93754755653221,65.92464874711203,Laterite,Rabi,2.860292374791025
Rice,Haryana,201.9291296235677,947.6181365399075,33.3169866202533,57.61544421045892,Red,Rabi,2.7612156324329957
Wheat,Uttar Pradesh,460.1678572047446,392.7611940805882,28.694540437262493,51.702888750874955,Sandy,Summer,1.2769208271627406
Potato,Karnataka,496.6612326343672,1319.083937419818,35.391695154555165,42.48905007615219,Red,Kharif,6.363470030027013
Wheat,Karnataka,27.231093002829848,1834.085569388147,24.451678704052526,53.42500380987477,Black,Rabi,1.8840833383971687
Wheat,Maharashtra,381.69892213021905,951.4661221103279,28.899001655894015,72.7117889972659,Laterite,Summer,2.602344860549671
Wheat,Punjab,189.0034128691599,667.765721972406,29.49042965423303,66.68084656546054,Alluvial,Rabi,2.892078319885403
Wheat,Haryana,199.2668021835926,1052.3814880857863,24.599807661410885,87.20206391404636,Laterite,Kharif,2.314694350150145
Corn,Punjab,378.36116180677624,382.2166087829275,18.319177004812076,59.813863124585026,Black,Rabi,2.644385088439655
Rice,Haryana,459.6210839119773,1694.8288936164672,17.151866358983717,74.69316711641973,Alluvial,Rabi,2.191445720924061
Cotton,Haryana,475.70965427876143,1704.7793786153175,15.383445663791562,64.46613737375607,Red,Rabi,0.776060393569843
Wheat,Punjab,290.67568008896876,1299.6007878303683,35.09128807763994,65.62881079621059,Sandy,Rabi,1.3000183987560852
Potato,Karnataka,181.7749738537489,900.2749111952621,20.438922981489974,53.388715730205874,Sandy,Kharif,5.5455191351697595
Wheat,Haryana,394.8367975000957,1659.6317195578317,19.864655233480665,62.747538842099985,Laterite,Summer,1.3021128274778244
Potato,Punjab,129.24568471483863,1242.9679421402243,31.92881420979951,63.539249850635365,Red,Summer,7.669805426606914
Corn,Haryana,284.2166442725913,1704.0849245350275,22.36037060101001,75.3321260874467,Black,Rabi,3.382866294395442
Potato,Uttar Pradesh,182.49633845481222,1373.479947391135,26.63902792547224,87.0319999593057,Sandy,Kharif,5.405615917946972
Cotton,Karnataka,330.0323814853987,1633.4893044617554,18.737754501841493,56.46606387412521,Red,Kharif,0.8850316050745275
Rice,Maharashtra,123.99746188228592,1317.557088470192,37.07415159362529,42.110023429064924,Laterite,Kharif,1.6903112562294877
Potato,Haryana,99.83850813873876,1004.0398159666325,34.58637220039646,64.81475627503198,Alluvial,Kharif,9.536225374923701
Potato,Uttar Pradesh,459.52834790434133,1928.507961874434,34.867161328195074,67.22306660745843,Laterite,Kharif,4.503628830152642
Rice,Maharashtra,55.39282306002077,1219.893502294036,24.35579621715612,48.422027556595765,Laterite,Kharif,2.745013944467644
Cotton,Maharashtra,255.44916432879117,1328.6521815189153,32.534307915264975,78.02323031380334,Red,Rabi,1.1289461062263346
Wheat,Haryana,114.32212756668942,674.8289870050737,18.309151573964943,89.24645542207458,Sandy,Summer,1.3054786010430068
Potato,Punjab,24.270331846205387,1363.60634202637,15.198237059610946,87.28873585042305,Red,Summer,6.555333582326822
Rice,Haryana,22.829315054256064,1271.7330041210046,15.459377449294648,49.85530194118261,Alluvial,Rabi,2.7554826787307807
Corn,Uttar Pradesh,91.73477719238454,614.2252765099424,28.49183996030489,83.76816199503804,Red,Summer,2.9921871365056214
Rice,Maharashtra,434.05132548047015,401.2980655003443,25.474082820702638,75.22468182058424,Black,Kharif,3.4028758250524525
Corn,Haryana,144.8269782686282,1327.4108435151109,26.914353024895952,62.69232819034558,Laterite,Kharif,2.431807747920514
Cotton,Punjab,475.47728943477136,1598.276857895545,15.171652229596047,67.03054971623645,Sandy,Summer,0.7482692613038557
Wheat,Haryana,292.9030350296508,1189.782330567414,24.721792252120792,82.4800087491229,Alluvial,Kharif,3.3488499224847694
Rice,Karnataka,221.1240239355392,685.5134630433977,31.515567707619798,64.00674698191867,Laterite,Kharif,2.532280685348599
Potato,Punjab,292.14397316138,1433.0873603781595,25.181955145251024,58.66036845525635,Red,Summer,6.66285560559243
Cotton,Uttar Pradesh,260.76570068700255,436.17973523632384,31.841041745181112,64.66237465129929,Black,Rabi,1.2878463310765185
Rice,Maharashtra,380.59424560987594,1051.1172981633229,20.3594361811272,68.95649020175246,Red,Summer,2.44655595750048
Potato,Haryana,144.83555265656187,577.7234892773143,33.70226610307969,49.453882688917446,Laterite,Summer,5.850433516541285
Rice,Punjab,179.75994384214968,613.5803868018018,28.533918530429403,85.04538651334954,Alluvial,Summer,3.598768842181494
Corn,Karnataka,447.5766797539591,643.8997135689463,19.847551286887843,73.7093474414807,Sandy,Summer,2.0168529566795232
Rice,Punjab,473.4959740094507,957.4019969747624,20.44457094463816,71.66344586687444,Laterite,Rabi,2.0347693723172307
Rice,Karnataka,446.8163226058049,386.955349554676,29.444700685099352,44.97481130903191,Alluvial,Rabi,2.9758889736567284
Rice,Uttar Pradesh,212.62675700887021,976.2488495794669,34.0886106438862,70.20869690862959,Laterite,Kharif,2.6573130245378533
Cotton,Maharashtra,391.2809239884064,1169.9026600949915,24.55943898667057,46.04803311192462,Black,Kharif,2.0948426827484465
Rice,Uttar Pradesh,240.7861879840439,1121.6002844427528,20.94090986993462,43.93488375976995,Red,Summer,2.571162859133057
Potato,Haryana,251.28222681232057,950.732970685169,34.941266958943814,66.36554478211967,Sandy,Kharif,5.050765415209778
Corn,Punjab,106.31665398335555,1726.5492337202793,30.393170710269203,60.13927670232475,Alluvial,Rabi,3.117690274083015
Corn,Karnataka,297.60950011296563,547.055377114857,25.30596620751076,69.44051350781116,Sandy,Kharif,2.0372858882809184
Rice,Karnataka,97.13726938790722,1159.6844644283358,26.221704491423942,44.46110840286193,Sandy,Kharif,2.294507918432488
Cotton,Punjab,169.1245260382609,405.4704088261423,19.69789876253712,61.54915314236292,Sandy,Kharif,0.605922333758232
Cotton,Punjab,428.2399498018679,420.96465409244655,29.41646049149141,48.7393357522579,Alluvial,Summer,1.4761770763707809
Potato,Haryana,107.50252555937334,1275.5719444510637,23.251077742486437,89.35500429620583,Alluvial,Kharif,9.144462452010377
Rice,Uttar Pradesh,40.22335116084924,1262.2313223092956,37.89983906351003,68.05751062175872,Sandy,Rabi,1.4831007951892978
Corn,Karnataka,39.15875834334407,1792.6569718355768,26.044220851023418,74.37184304704337,Red,Rabi,2.6492868410996495
Cotton,Haryana,470.68833764903843,1248.3852486221244,26.175368942361104,56.27091403413039,Laterite,Rabi,1.1773891672049053
Rice,Uttar Pradesh,255.92561679110813,1931.6447346882453,28.01459111044545,44.73694573896721,Sandy,Rabi,1.181804582751304
Cotton,Haryana,207.65897554942407,382.7812422798806,36.085388071731174,88.79354313917683,Black,Kharif,1.2965409464608317
Cotton,Karnataka,406.3848975989196,466.6130641272598,33.41881629677425,54.312951769159156,Sandy,Summer,0.7967181452907778
Corn,Punjab,418.73383431570545,374.91196466964834,25.37599160535035,61.19040925867871,Alluvial,Rabi,3.8367633375179486
Wheat,Punjab,169.43456139222428,614.970645567018,31.530083117374307,72.49319608512874,Laterite,Rabi,1.6401750984531094
Potato,Uttar Pradesh,348.34093844952866,1220.1591886008528,28.48341647195752,41.234864884305566,Black,Summer,11.420287435416313
Potato,Maharashtra,386.70579384668383,1397.4727084266276,26.324442120128726,80.51295652586435,Laterite,Summer,6.957766929787143
Corn,Uttar Pradesh,329.0520899986475,377.494768512737,19.42326277404006,66.82890950143101,Laterite,Rabi,2.2249136325849075
Cotton,Maharashtra,80.03956202604918,1908.1505127375187,25.67053405946249,53.91085935344111,Black,Rabi,1.2132695274220728
Rice,Haryana,438.5621263409432,1731.681140305648,20.653827501519217,43.080399264623466,Sandy,Summer,1.1025820762849368
Cotton,Haryana,271.8518036043243,804.2412196670583,36.04136944658806,48.124920773722074,Sandy,Rabi,0.8612128913121565
Corn,Karnataka,144.82385105315183,431.2188013849956,22.71435671041598,84.75169294267184,Sandy,Rabi,1.8663381605069853
Potato,Maharashtra,215.4879517916585,588.8080244723974,36.90207233426756,74.30121119679455,Red,Kharif,5.74573559181093
Cotton,Karnataka,23.597689747459153,515.8055033834536,27.260271672178355,52.49508608184449,Sandy,Summer,0.9152035869632229
Potato,Punjab,68.29406660509669,509.5824248082097,29.525520709551685,43.280038247251476,Black,Kharif,7.581157953655018
Rice,Maharashtra,383.94564150535115,1181.5548707317475,27.487630223254538,74.53076561933182,Red,Kharif,3.197640793189555
Potato,Uttar Pradesh,5.00575920390624,717.9406522387806,17.97575419023412,68.62038629838825,Sandy,Summer,4.464711796800051
Potato,Punjab,211.20008509873463,908.8375180995456,23.64388803718264,60.225976222911754,Red,Kharif,9.661908983585445
Wheat,Punjab,263.64253963736627,1982.1590667533483,17.28036058238535,58.180572459503196,Black,Rabi,1.4490338686831337
Wheat,Uttar Pradesh,32.044037900481285,1463.334223173086,29.32794301621778,50.84071379645542,Sandy,Kharif,1.3535988648032287
Wheat,Punjab,486.67369067130477,1913.2671339799024,25.278106489610096,73.48056282687588,Alluvial,Summer,1.8562705495273228
Potato,Maharashtra,116.9320389685876,542.3461435562965,32.89365434613155,88.53340138969352,Black,Rabi,7.261266031589018
Corn,Karnataka,155.57836621995904,949.6371072153678,20.070821062985505,48.785762291841294,Laterite,Rabi,2.7541998340718834
Potato,Punjab,155.45154356623854,1243.044065580002,18.7850193438747,69.85583100077517,Laterite,Rabi,6.839871649661722
Corn,Maharashtra,119.0562477480882,430.4887052108546,24.34564131216666,61.20925278729881,Black,Rabi,2.7249809176764788
Corn,Haryana,5.729541932724151,307.11865416752835,36.311463814022765,62.33443608723324,Laterite,Kharif,1.6181503880220465
Wheat,Maharashtra,366.0256730735582,1439.7383674547598,31.33970174528547,52.70736400639072,Black,Kharif,2.6999658412144334
Cotton,Karnataka,483.58852240064624,1391.09317856244,24.635243370237127,81.25674378307096,Alluvial,Rabi,2.057958551458533
Rice,Maharashtra,116.02527422609731,998.34097699934,26.89725990434914,64.26278020736206,Black,Summer,3.7068162351107667
Wheat,Uttar Pradesh,333.2083599426941,1132.3949292544555,16.93689925707326,67.1702926099132,Sandy,Rabi,1.2201531082771484
Wheat,Karnataka,372.238681844564,1006.2531010065524,37.6452456166506,55.238045639866286,Sandy,Kharif,1.6273113084725508
Cotton,Haryana,424.9705626498097,340.80857623631107,30.327368007983136,49.09042328334749,Red,Rabi,1.0926732064751046
Rice,Uttar Pradesh,214.2014525217365,870.1317305696862,21.564293574658716,44.295519410141026,Laterite,Kharif,2.207155489006694
Potato,Maharashtra,154.95079829201248,601.0398341753928,28.47359306695062,75.7059570462458,Laterite,Rabi,7.66414764476568
Potato,Karnataka,166.0210913414004,467.32112147232687,17.518094419586863,49.81171408439278,Black,Summer,7.275637417403998
Wheat,Haryana,357.74755988376387,1926.4247376118947,37.21424338257442,74.50376770943988,Laterite,Rabi,1.1158182289160405
Rice,Uttar Pradesh,409.30583592028984,1318.9115325716816,19.020054721317415,59.518822302347694,Sandy,Summer,1.3863885482389982
Wheat,Haryana,94.89891403951832,1538.7156832022245,29.904697315269928,60.78874004948257,Alluvial,Summer,2.7416313439966102
Corn,Maharashtra,188.61579903809377,836.1183635523997,20.6454526383954,63.45887480463858,Black,Rabi,4.298841089187373
Wheat,Haryana,451.46039739082926,968.3501201398259,31.503911800916324,58.38542540637716,Laterite,Summer,2.416241043262727
Wheat,Punjab,404.31329224889595,702.7707896244299,32.866891446526466,45.030998861129504,Sandy,Summer,1.547013567863765
Potato,Uttar Pradesh,492.5049093674255,464.84164064122206,30.48865376496295,55.48159050014229,Red,Kharif,7.718770383119839
Potato,Haryana,378.35288854262996,604.3537836506924,29.133487585869428,73.18671803469692,Laterite,Kharif,7.12681097174282
Potato,Maharashtra,199.63162450882152,1655.773877004026,35.52678916089627,73.28922007344354,Alluvial,Summer,6.735866974406922
Corn,Maharashtra,297.36572782734567,1451.827868812419,16.808414352764434,54.311215361999714,Alluvial,Rabi,3.3882500966067015
Potato,Haryana,332.20205585242354,1229.7790891753107,22.611039612944488,63.0051313278844,Laterite,Summer,6.3077744269808935
Rice,Maharashtra,43.83562907697635,1107.6527838735058,20.710612031509456,49.67236140059687,Laterite,Rabi,2.3390234344386145
Cotton,Karnataka,274.52599475641324,1868.1382822154117,37.724321127504695,50.51860407649179,Sandy,Kharif,0.526270210472958
Rice,Karnataka,356.11381009394177,423.64941122373625,23.95596493233809,41.15235442033037,Laterite,Rabi,1.3381858218150655
Rice,Karnataka,87.82404548052489,777.0213825044572,31.85009208252917,84.83732749538723,Red,Summer,2.701648608106537
Potato,Punjab,391.4127001256508,894.8943510702139,30.748678769263105,50.53533325374531,Sandy,Summer,5.969584231674956
Cotton,Haryana,293.96752635448524,1630.1238807617394,19.877868461979688,51.376693846823166,Black,Summer,1.097869141124946
Cotton,Punjab,476.34978392030933,1987.2748542753513,20.49694664486568,53.98007163225659,Red,Summer,0.7881440305605398
Cotton,Maharashtra,25.99903761241139,709.1398750871601,21.469544961719784,46.37040358477145,Sandy,Summer,0.9004848386378767
Corn,Punjab,136.33643808995615,1786.322468033037,24.455927399965724,71.96314415906814,Sandy,Rabi,1.5394674799971426
Potato,Maharashtra,302.76917025341294,1712.0586927340453,20.389476509962115,43.757147658879326,Alluvial,Summer,8.120028905376055
Cotton,Maharashtra,151.7971565419357,681.9175759910033,15.4519841031775,46.71012131631751,Sandy,Kharif,0.7808972323390226
Corn,Uttar Pradesh,358.6399612152649,978.8653863386784,35.226040306565494,72.23783632950465,Red,Summer,3.3868312359727266
Wheat,Karnataka,380.70761484835583,996.4438777972825,37.20902612176033,56.98303102407213,Laterite,Rabi,1.7349912673036927
Wheat,Maharashtra,55.74540221290486,1962.9751364951492,22.856118901726063,75.39739133505945,Red,Summer,1.357170944960118
Corn,Uttar Pradesh,259.35795978235,607.5162323441272,22.785658226785877,67.8712372335071,Black,Summer,3.981013301012147
Corn,Karnataka,256.90082501757263,1658.5685508781294,15.163111693810533,52.80105865307566,Sandy,Rabi,1.2476671424187742
Potato,Maharashtra,187.79398125669283,868.1276140942869,30.645765831598602,72.5413975244664,Sandy,Summer,6.620907770530453
Potato,Maharashtra,466.7978069719877,1542.4795878194727,33.985117602218466,45.81368401464403,Sandy,Rabi,4.331813735084042
Wheat,Punjab,414.6156283372445,1014.0187073026268,18.371990908280072,66.82051915400152,Sandy,Summer,1.7782894634784427
Cotton,Punjab,350.11864404527023,1283.211597298118,18.672326035444467,61.85740525225174,Alluvial,Kharif,1.4571329100102357
Wheat,Karnataka,358.59168468882376,1715.4400146544228,33.17191474934307,53.39367914087204,Alluvial,Summer,2.0856299421637026
Cotton,Maharashtra,233.54949118749394,1667.081460472603,29.17468721214533,70.200249886975,Laterite,Rabi,1.0022978344337414
Cotton,Haryana,460.89228794280507,1772.9194120174902,16.031792825437492,83.56667961701413,Sandy,Kharif,0.5667570356639434
Potato,Punjab,348.82473649037627,401.34945308592035,29.31858078063248,89.94523498815383,Black,Rabi,7.564943272309119
Rice,Karnataka,365.84562551962915,1476.4859401675662,22.105107625406617,70.38813843717122,Laterite,Summer,1.683192757710554
Rice,Maharashtra,431.5369973747359,537.9785404269969,23.480678575829458,60.23529371645851,Sandy,Kharif,1.6376747564354313
Corn,Maharashtra,140.66543672438453,1006.8915656312987,32.70382262082825,51.26035501081008,Alluvial,Rabi,4.4449381700675845
Potato,Haryana,404.500097414018,1232.6003055929705,33.651509431470046,52.854804469755585,Black,Kharif,8.688150034014086
Cotton,Karnataka,101.64409846346356,984.6571240696122,24.208202417316105,63.97274890748828,Laterite,Kharif,1.3745888052516917
Rice,Maharashtra,175.9442663612195,1183.3398488651128,36.78451752814616,58.36388506403546,Black,Rabi,2.865395362105734
Cotton,Punjab,171.12717486357215,1994.0947249576525,24.348642512897662,85.6907261312472,Sandy,Kharif,0.5028529395979177
Rice,Haryana,489.3701068526246,529.8694333118531,32.75222881029253,58.41477338278548,Red,Rabi,2.167472971322407
Rice,Karnataka,428.9859257552238,1448.2752770719235,26.129177084977957,58.67222955727178,Black,Kharif,2.871307101083066
Rice,Haryana,352.07908148717854,973.2016428555459,35.643243510007935,59.17672562169885,Black,Kharif,2.995988923908098
Potato,Punjab,364.89309699961814,526.116658142459,35.87850860395411,81.8310105183829,Alluvial,Kharif,8.298356994112385
Wheat,Karnataka,283.2260332292727,569.8524977363262,17.01058658103493,72.5394160423451,Sandy,Summer,1.2231650218657035
Cotton,Haryana,473.80988021871696,1913.7642806175488,36.53934662013519,70.70844251594463,Black,Summer,0.882052231486226
Potato,Uttar Pradesh,250.64808267676895,1795.3225444099955,33.98730135496956,56.707151119193114,Sandy,Rabi,3.6803262747744685
Potato,Punjab,193.3562663855978,1841.9713327055372,33.200146429191335,80.89520884162198,Alluvial,Kharif,5.962592541022955
Potato,Punjab,85.70249178113754,1985.605718906557,19.620960812767017,41.918193067785054,Sandy,Rabi,2.367654736008649
Potato,Punjab,394.1717978692237,654.1361630144805,33.51774180135729,83.53985861690566,Alluvial,Summer,8.09714510121456
Potato,Uttar Pradesh,368.54974637741776,904.246873518905,34.55305289775585,65.63749498969648,Alluvial,Summer,9.305276943780274
Corn,Uttar Pradesh,195.25574406944676,1437.6723508722735,21.65045769244547,59.91251174317064,Laterite,Summer,2.1162587515344264
Cotton,Maharashtra,17.470739909818533,1122.4643177631003,36.901981802333445,64.85836403588428,Sandy,Summer,1.018974971476125
Potato,Haryana,420.3036772204153,1011.262206743167,16.146783367180777,73.37077652669154,Red,Rabi,6.198956178028643
Cotton,Maharashtra,10.651901809766448,908.2791238705082,18.447912824684213,40.63827132589487,Laterite,Kharif,1.3127407440638608
Corn,Haryana,353.3313909163802,1309.4270743038687,27.364366175184827,83.57759282291238,Alluvial,Rabi,4.511602039622073
Corn,Uttar Pradesh,485.27726931439827,1278.5088286881394,28.243226835813125,62.336976265569646,Red,Kharif,3.453534459490524
Cotton,Uttar Pradesh,221.64235743336073,574.4783179092082,29.83845191592078,57.14832598500391,Black,Summer,1.4632921183367322
Rice,Maharashtra,121.31183547299662,1101.9577237813464,15.390289974255728,46.912278281702854,Black,Kharif,2.868922247913104
Wheat,Karnataka,353.91114997147395,1240.9020195567448,37.088435816309,61.97326871792211,Laterite,Summer,1.553778618436526
Rice,Maharashtra,409.4784302977146,1269.4877958433638,16.02552613288531,64.81613856421895,Red,Rabi,2.314574661281787
Rice,Haryana,275.4830064585344,657.1822279509981,18.290424912638255,60.18233472467389,Sandy,Kharif,1.6050352283466478
Rice,Maharashtra,483.68246125179235,1561.8613668288874,15.322333903099311,73.93300469134485,Red,Rabi,1.6951836281070045
Potato,Punjab,30.576017220690748,342.83846119581835,28.03774396576418,61.044826437961305,Laterite,Summer,5.845174068146231
Corn,Haryana,254.87382116074141,903.2141544233765,36.44213833018236,88.07087889232866,Sandy,Rabi,2.047774405982967
Rice,Haryana,360.6347039246623,1626.361502510577,30.316784819850675,69.96387589117958,Sandy,Summer,1.4712858707918597
Corn,Karnataka,432.0070332188436,1258.6179657941839,33.921121775049826,80.37389678259544,Black,Summer,3.9292079647042915
Cotton,Uttar Pradesh,93.73152789435608,743.9761352684625,15.305467679547341,45.467795155473944,Red,Summer,1.2212990987410584
Wheat,Haryana,401.0017234730223,1481.4203028831812,27.4663518650337,59.86456464729528,Sandy,Rabi,1.4591325668552062
Cotton,Uttar Pradesh,278.5900024806799,1264.5646050653247,25.569948482627005,56.84238507235764,Laterite,Rabi,1.2748264097529223
Cotton,Maharashtra,201.29407258503178,1653.6141360758581,26.476262717078242,68.47411940682959,Black,Kharif,1.5802617641171397
Potato,Punjab,70.19893914665131,1549.5428165226997,16.660903262709322,83.05567600307128,Sandy,Kharif,3.573239035960396
Wheat,Karnataka,433.32140065991166,1337.1834674615989,30.74201330459407,43.91691088810033,Red,Rabi,2.229440347658193
Cotton,Uttar Pradesh,82.8502380489591,1129.902048028384,26.574069541748592,43.62873990223554,Black,Rabi,2.14313324968996
Cotton,Haryana,158.34499030850412,526.4096136347898,32.59842354680907,82.51588540787995,Red,Rabi,1.296756769327889
Wheat,Uttar Pradesh,148.57253832140626,744.2661304051524,26.16168458341945,50.64250430191787,Red,Rabi,2.56267337445418
Wheat,Haryana,436.3499469244729,1012.469103959045,18.435777633207937,73.43766272249069,Red,Summer,2.150269554179804
Cotton,Uttar Pradesh,337.9879821334045,1318.8087879108607,29.909909943789906,67.14390661804026,Black,Summer,2.0229244013064203
Wheat,Haryana,399.3572916097293,1173.3033538660181,18.964886328418824,81.64467974436147,Sandy,Summer,1.641067338846123
Cotton,Maharashtra,128.981609902287,789.9136941312001,35.065074957160746,46.25444549182018,Alluvial,Rabi,1.5402532539605551
Cotton,Haryana,314.3126793054645,310.9894082425079,29.101673498592554,46.489148286130565,Sandy,Summer,0.6773134643258598
Potato,Haryana,288.0142616561556,1143.6066772313836,18.61568932180995,67.84091801391537,Black,Summer,8.365182995407407
Rice,Punjab,417.2510365101942,785.5641805558132,37.133775322067756,87.31893266791855,Alluvial,Kharif,3.254243532990784
Cotton,Haryana,453.51309493822396,1548.8341112079097,26.922405656712375,60.74988791853771,Alluvial,Kharif,2.056972738896384
Corn,Punjab,11.017601881306469,340.70865095982197,16.676664393048064,56.347105012734744,Alluvial,Summer,2.5497053588652863
Rice,Karnataka,338.6398599341024,1294.2072792198446,29.417156801546547,70.33446615989429,Laterite,Summer,2.4447635658583087
Rice,Punjab,30.658720564265867,1900.506203760311,20.823574861294635,86.52243002725154,Black,Summer,1.7732322628825947
Rice,Maharashtra,276.6850392132912,596.4957540895491,33.484949393177956,81.84639164223118,Laterite,Rabi,2.3476423323956674
Potato,Punjab,147.37820087662072,1101.804134276012,33.809907692022385,89.77418053666099,Alluvial,Kharif,11.50838237031873
Cotton,Karnataka,156.8544167634599,455.4173860891349,37.51578918465722,41.128429160118856,Laterite,Kharif,0.7874634134481474
Potato,Maharashtra,179.7144592089165,1363.6592508442995,26.542999213563583,45.64290723563811,Laterite,Kharif,5.749025648108234
Cotton,Uttar Pradesh,312.539762279557,1235.9038570135835,25.464008233737953,70.4733881683311,Black,Summer,2.059603519366607
Potato,Uttar Pradesh,170.35473300604076,992.521391161815,32.329938925269055,81.02882196669248,Red,Rabi,8.242517638286756
Potato,Punjab,367.6860300421888,1186.34093650536,18.04682509586431,54.26221711533833,Laterite,Kharif,6.868534725514132
Corn,Punjab,205.24105585906548,1824.1769193973173,27.579056817241856,51.96055440171094,Laterite,Kharif,2.147101646119866
Potato,Karnataka,38.83483415342952,633.700313928814,27.56369480300957,79.34878996906005,Alluvial,Rabi,8.877813640992088
Wheat,Karnataka,392.9611220296331,338.3596698990903,17.057881824638905,42.81909269266158,Alluvial,Summer,1.8029083138080728
Corn,Haryana,146.45037067338947,1764.8303039884715,24.613633966659012,58.469132379129256,Alluvial,Summer,3.0249377241182662
Potato,Karnataka,219.219605401635,1281.099040059441,34.62555036704565,65.29046112961649,Sandy,Kharif,4.378033503411789
Rice,Haryana,344.29472219484126,1814.1193742851322,34.691533305877186,68.01743371751617,Laterite,Kharif,1.4534651883028662
Wheat,Maharashtra,169.56579778861246,1314.8068798023933,17.282466293152662,76.43075783963884,Alluvial,Rabi,2.58765613192778
Wheat,Punjab,33.00989979262424,1677.2738529314943,17.08658030320011,57.74228617153291,Black,Kharif,2.096616758123857
Wheat,Maharashtra,190.09091827134273,1030.4447177037514,21.04199597104451,70.63421723373037,Sandy,Rabi,1.711458222937799
Corn,Karnataka,472.5020484336802,1574.761883190057,35.11961943874185,69.26877113954782,Red,Kharif,2.643246137409123
Potato,Maharashtra,322.6585266627863,1852.1704937127552,17.964759456690476,67.38080503268736,Laterite,Kharif,3.807849344137374
Potato,Maharashtra,337.3821785902674,1272.6090383277506,31.559926460431264,72.02416465711062,Laterite,Kharif,7.689618755167961
Rice,Maharashtra,317.97966605063175,607.3347559560452,17.326809251101373,52.97245855340381,Black,Summer,2.4176197908638017
Rice,Karnataka,103.50110878492121,756.9559455513369,29.332170636199983,44.23243767923145,Red,Rabi,2.5359679899890946
Wheat,Maharashtra,212.07526273062865,637.6957807255899,23.18954787974033,45.96358360198717,Red,Rabi,1.9590947719450142
Rice,Haryana,376.71520018984256,719.656946912746,33.14502114821494,51.229119132695054,Sandy,Summer,1.2048121005105252
Corn,Karnataka,55.17958428881378,820.9062638967619,20.374880322983362,65.00989677613926,Laterite,Summer,2.968335211635823
Potato,Maharashtra,142.53712416440757,1243.7274374804203,29.701642075969076,82.022137527301,Alluvial,Summer,9.627950314230825
Wheat,Karnataka,141.77795869059753,1299.5857700885158,20.420698295245355,75.06466710441921,Black,Rabi,2.8971524665783397
Rice,Uttar Pradesh,218.84936915928046,1025.049570311164,31.414186511579537,79.45203021010235,Black,Kharif,3.560689283133612
Corn,Haryana,490.28252676638164,1346.2153256954202,35.09459479489722,57.548781196304574,Black,Summer,2.7571795514056143
Corn,Maharashtra,38.41376060849186,438.67737353932205,17.916441379915483,60.2326870824275,Black,Summer,2.444511511901905
Rice,Uttar Pradesh,261.75699221839454,449.24000299887194,34.93170083769658,59.68409429953064,Alluvial,Summer,2.664035517633595
Potato,Uttar Pradesh,93.78551759604417,592.1100826080194,28.652230851528852,49.59365922022508,Alluvial,Kharif,8.365950339339967
Rice,Karnataka,485.48488997782334,1180.731746668586,17.92354128994155,43.0608329071786,Sandy,Kharif,1.6756071291089345
Wheat,Uttar Pradesh,61.08523484009478,663.790953787133,24.833462673273374,69.54580464136134,Laterite,Summer,1.7355689063322108
Rice,Haryana,204.78249616898768,781.5834859373815,18.69978675015725,89.4608341710293,Alluvial,Kharif,2.9420092914833424
Corn,Haryana,370.25306749313006,980.53182149409,31.108001443931098,48.34148524751314,Sandy,Summer,2.446802560872646
Rice,Punjab,353.7544418735854,1680.1724108176456,32.45396709161284,42.334240994963686,Red,Kharif,2.0134772969757444
Potato,Haryana,214.25067526249646,323.5656310518622,17.433319966274375,78.97658409119666,Laterite,Rabi,4.893047019002297
Cotton,Uttar Pradesh,176.52946313659552,1403.943994402258,26.64121661197682,52.629300334236206,Alluvial,Rabi,1.6500941170897947
Rice,Haryana,201.81812738367094,1437.090102769165,33.73637628859609,81.48219026764642,Red,Kharif,2.1255944440089074
Potato,Karnataka,135.81675026352644,1657.714826606282,36.53174995567292,75.19683335172577,Sandy,Rabi,3.8278515206070316
Potato,Punjab,106.6398046598659,1885.6799964025324,26.81091093506071,87.28367685254022,Alluvial,Rabi,7.2553727670821235
Corn,Uttar Pradesh,244.10465029165053,334.2343432137927,36.85642214306236,60.446361787833595,Alluvial,Rabi,2.794643596417815
Potato,Punjab,137.92420925346562,561.4322993724675,27.320846320488684,73.0984919725317,Red,Summer,7.968719997653509
Potato,Uttar Pradesh,147.2935241241388,1806.4911998951882,24.06638137579788,63.24273904066354,Alluvial,Kharif,8.436757872420758
Potato,Karnataka,330.09425141990573,1079.481555717926,34.5086719567166,71.52943486542718,Black,Kharif,9.202809877503164
Potato,Punjab,484.42597919144663,1259.804086186888,26.33860234053605,62.479945300386866,Alluvial,Kharif,9.946415087083787
Wheat,Maharashtra,303.80041427689065,1427.1462463293506,25.85375774298403,49.431612321203744,Laterite,Rabi,1.79388591937328
Wheat,Uttar Pradesh,43.104836197158306,1454.4132276425835,26.277187256426053,65.39487080016904,Red,Summer,2.2614894545168194
Corn,Maharashtra,42.413888857763155,1883.958685638064,34.476055043004145,66.42921007187212,Laterite,Kharif,1.3770421593481572
Rice,Punjab,475.95449431855513,1994.8140095998383,34.1346554588252,80.53019241300805,Sandy,Rabi,0.8785482082325591
Potato,Maharashtra,152.15894120213014,1524.2676835825985,24.280959826124857,76.77603528967906,Laterite,Summer,6.236058761880806
Rice,Maharashtra,50.57315811082534,788.2760556487564,22.665896777022077,73.1895811970722,Black,Summer,3.0365727973420364
Rice,Punjab,301.5270706394389,1795.5790839003841,26.314344552899975,45.66935477762863,Black,Kharif,2.521339338007325
Corn,Karnataka,313.7061452536817,383.6755547192947,28.173767723953507,76.03081453318575,Laterite,Kharif,2.592659662354206
Potato,Maharashtra,326.00988595875066,692.8374498866435,20.48175584444393,65.01525781772574,Sandy,Rabi,4.999856150543117
Potato,Maharashtra,137.36400378948295,1825.5557196883153,33.26096694845859,84.70497680530796,Alluvial,Kharif,5.651890705068311
Cotton,Karnataka,12.479788686165142,735.5255745469035,26.189103611845727,85.99354670652714,Black,Rabi,1.8851865683800217
Rice,Maharashtra,482.6826078799636,675.1068013569724,22.68304761365907,42.757829530089275,Laterite,Summer,2.2767747871879944
Rice,Maharashtra,129.1920576170957,534.8129983384204,17.456882838171783,81.03207801772393,Laterite,Summer,1.686185183484657
Wheat,Maharashtra,339.63301258601103,1760.4899879997581,20.49343868928296,41.88486952113353,Laterite,Summer,1.3915257668569256
Cotton,Haryana,354.78178558996126,1150.0990406248475,36.833466950387624,58.358481284751136,Alluvial,Summer,1.720598070153743
Wheat,Karnataka,306.9536714543454,1447.318445192063,22.017292796849112,67.11499878105396,Red,Kharif,1.9698635369956847
Wheat,Maharashtra,159.88916013575587,706.4128529275504,18.88376365544181,47.40503993135637,Sandy,Kharif,1.1929840852483038
Wheat,Karnataka,139.19264561321256,1588.6687157190681,25.595474208064843,77.31569062845384,Red,Rabi,1.986294126073086
Corn,Uttar Pradesh,300.845799937838,1592.0094264355673,22.06301809728572,40.41773520860693,Sandy,Rabi,1.9772484091481348
Corn,Uttar Pradesh,433.7173386377873,831.4166423441102,15.808662756237466,48.42995242170184,Sandy,Rabi,1.7108153931897079
Wheat,Maharashtra,473.63319581708083,998.1604761174808,22.432339997426595,69.03984149267379,Laterite,Rabi,2.5419670828558134
Cotton,Karnataka,57.42337317986003,656.4734716313415,27.514498350607777,75.71937810186462,Black,Rabi,1.8056730144908266
Rice,Karnataka,81.64016323587133,1960.1537396489373,27.68938455645924,85.83215513469581,Laterite,Summer,1.4101446341983115
Cotton,Karnataka,472.64444809762443,1397.5243809992999,23.20085518706844,75.27483259673119,Alluvial,Summer,1.6887120323802125
Potato,Haryana,369.5849380257223,1888.7245972163764,25.287963393809815,73.5889635127433,Sandy,Summer,3.5839708098735867
Corn,Uttar Pradesh,442.0819432907377,815.7554241695263,37.20691211939963,59.71705731753322,Black,Rabi,3.566565079521498
Rice,Karnataka,105.30315389699486,1629.2145520947126,23.679014976297168,40.06422127634007,Sandy,Summer,1.7506604463461852
Rice,Karnataka,295.85500619915393,1601.9596946040615,20.939216704979607,46.0079629367811,Sandy,Summer,1.3417809653657016
Potato,Haryana,352.06409923664944,1475.8146081731206,20.599742013535483,66.72772723780196,Laterite,Summer,5.052232193539345
Potato,Haryana,341.65538329625144,1941.5862579535608,25.528586092195084,73.75649429222099,Black,Summer,5.264317759122834
Wheat,Karnataka,207.03508697901557,969.0440713807365,32.468963420489715,60.87241419482312,Black,Kharif,2.9102862820121147
Corn,Punjab,12.620471387197696,522.2194501025874,19.737728236334885,76.53395057641951,Sandy,Rabi,1.4921648779470644
Corn,Karnataka,293.54839811811024,1441.9050607149034,31.313810924237664,66.09311476660893,Black,Rabi,3.6323451110948524
Cotton,Karnataka,130.28526189390635,1539.8266608112506,15.486445937036574,43.70880977971561,Black,Kharif,1.2085243082898058
Wheat,Haryana,227.87585184073072,1277.602974879985,24.635458493630757,49.60081254839744,Laterite,Summer,2.076000623403768
Wheat,Haryana,479.0026024664896,651.5904183267737,32.8448964996641,81.99991116219715,Red,Summer,2.1980853787631145
Wheat,Karnataka,202.52248223300518,1157.575100837904,22.79085798281192,76.24563733122199,Alluvial,Summer,3.235488934916232
Wheat,Karnataka,420.7017952988912,830.72255216752,27.965953333244187,84.73809935062475,Red,Rabi,3.1007298697664845
Corn,Karnataka,98.3275998458793,1026.6930978833714,19.71452235499595,45.87786245604683,Black,Rabi,4.244488379418304
Corn,Haryana,337.8679465223893,1396.8715789359287,32.06589399590196,89.51112673075369,Sandy,Rabi,2.0594135038391714
Wheat,Karnataka,488.618442447277,1566.8650625744187,16.20241937518147,50.47033569749668,Alluvial,Rabi,1.7447843573565054
Cotton,Karnataka,55.437084932103716,694.7819745322834,34.60848083213651,40.5889938143321,Alluvial,Rabi,1.4540064835080162
Rice,Maharashtra,9.118371402460046,989.0531130998207,19.558516887698367,89.8711469526777,Sandy,Kharif,1.9086076878418123
Rice,Punjab,219.6234823531441,757.5746706857697,35.111154729291606,54.053694272255655,Alluvial,Rabi,2.6642300393496177
Cotton,Uttar Pradesh,50.849614110426764,637.6737435651776,23.1081725499119,73.40097262562799,Sandy,Summer,0.8316100162598324
Wheat,Punjab,375.45025308973453,1631.7582739929253,31.62172221291319,48.83411570881526,Alluvial,Rabi,2.6381113583736977
Corn,Maharashtra,457.70158860503665,1845.729580542887,22.342181849082337,69.01142660995708,Red,Kharif,1.9318349552152418
Rice,Uttar Pradesh,219.84038149083563,929.3947156637804,35.83596843839689,85.20174932272796,Alluvial,Summer,2.9730302513082236
Potato,Karnataka,133.06226286694329,1577.1741714354037,17.91265388692261,56.00905837142193,Laterite,Kharif,5.278432460192432
Potato,Maharashtra,220.02964290827185,1824.8919919194989,19.10595515326977,73.51269880221795,Sandy,Summer,3.84336395519963
Cotton,Karnataka,363.1066698357505,1738.4111579013936,26.339692878652453,49.395179439920824,Alluvial,Rabi,1.3685150945801796
Wheat,Haryana,9.481809982283634,610.782760516684,16.88458409787736,71.23976993593627,Sandy,Kharif,1.316974814399565
Rice,Maharashtra,296.77972479492513,1925.6961985727141,19.507544248140526,56.822517590875506,Laterite,Summer,1.187402004165813
Wheat,Haryana,308.57938401925264,940.3499487300862,36.70662679087633,50.560412929397586,Alluvial,Rabi,2.8332847920995983
Rice,Maharashtra,320.6556822134881,876.7091239955217,37.459262206401405,55.65910253518176,Alluvial,Summer,3.096905820167046
Cotton,Maharashtra,124.80092959053422,406.1332563722266,23.653964574599705,48.94205342538997,Laterite,Kharif,0.950199932772538
Cotton,Haryana,358.4560980721727,1126.495211978301,36.23557848332052,85.09580539189415,Laterite,Kharif,1.2536566488891963
Potato,Uttar Pradesh,50.238785734229324,485.3231465895788,27.53096754048893,59.85934431585645,Laterite,Kharif,5.5797487238736485
Wheat,Punjab,103.6388165510664,722.5176955766242,21.20407671509664,52.263965248718364,Sandy,Kharif,1.4641158648759367
Potato,Karnataka,439.3476730939685,838.8024570043783,31.155170584853767,62.42039205079664,Laterite,Rabi,8.211549009029348
Wheat,Maharashtra,370.6679596096503,1675.004749935863,30.154741551221715,56.02680834032478,Sandy,Summer,1.2842485023734334
Potato,Karnataka,11.8040492356159,1788.330705673024,37.74988233950087,77.2209626906663,Red,Rabi,4.705898484713914
Corn,Haryana,127.9462488830511,814.1927396844984,21.096087610413516,88.56099559427471,Alluvial,Kharif,4.837255279005473
Corn,Karnataka,111.13120908161646,1759.7868061157756,30.457368561219916,61.90168283488234,Alluvial,Summer,2.991960003604472
Corn,Haryana,139.04913237830144,1757.2925935286448,16.19654636567728,83.05166999861203,Black,Kharif,1.902695630201565
Corn,Karnataka,127.54208628854377,1599.906615654285,17.613858890024545,68.29315367798097,Red,Rabi,2.199240547223329
Rice,Punjab,35.950516392708636,549.3816938258086,15.090122623875144,47.861783254711675,Laterite,Rabi,1.6115615623535573
Corn,Punjab,232.17555571542607,1473.5488397312392,37.98759566437248,74.53113710406708,Laterite,Rabi,1.5712151137130257
Cotton,Punjab,367.70307001915177,1906.540909786967,33.45229503439199,65.67172485629101,Red,Summer,0.7325061561933275
Cotton,Punjab,305.33220373513103,1460.318813904167,33.09462933887144,72.53032616260518,Laterite,Summer,0.9132863966339769
Rice,Punjab,338.0714759560495,863.7486434833178,26.723699731628134,84.48437062858325,Black,Kharif,3.506487067265448
Corn,Punjab,45.16884337543838,1150.9848396324132,21.901542906825117,62.0217285328023,Sandy,Summer,2.1015190851102306
Corn,Haryana,475.9879015375097,1397.7325736967912,18.479078542641545,85.05888116086778,Alluvial,Summer,3.2980386285844814
Corn,Maharashtra,420.0534577522973,1167.969694838456,21.547518993468664,77.53345071408275,Red,Rabi,2.9546209493670226
Potato,Karnataka,403.51970765535305,503.9200009426487,23.6473381043702,64.43024629389924,Alluvial,Kharif,8.13436163841469
Wheat,Punjab,412.3769834956749,830.5088759084351,32.395132230546764,70.16110678289819,Sandy,Rabi,1.6023020140370838
Potato,Haryana,466.6917015257169,1664.0732519411752,27.412221144772506,56.279056625950574,Red,Kharif,6.771458118181282
Wheat,Haryana,274.40571322628034,1764.4106783623797,16.7821234107761,89.17986498693871,Sandy,Kharif,0.9101186832581796
Corn,Haryana,104.13959884447482,533.4100556164694,15.41466720605498,73.36755815251979,Laterite,Summer,2.3095226724368447
Corn,Maharashtra,310.3078858870079,1919.0574790778319,17.353640129283452,42.1923426248315,Laterite,Rabi,1.5005222482474656
Potato,Karnataka,372.7263393656298,858.9984503426359,24.441470415039724,56.33109528740044,Laterite,Summer,7.5433009598249
Potato,Maharashtra,370.26910971024256,1425.933355842224,36.46343709212742,71.16572168795287,Sandy,Summer,4.012707247871249
Wheat,Uttar Pradesh,263.11726696260564,1578.102748126358,29.660257067812097,42.81666388996199,Sandy,Summer,1.3069373240077835
Cotton,Haryana,38.887066070121136,1680.3085988844018,33.441995697136846,41.19420956595714,Sandy,Kharif,0.7051998757982464
Wheat,Uttar Pradesh,188.70090452291328,1907.7744937840812,25.726615673604616,62.501211976390124,Alluvial,Rabi,2.0528156056129583
Potato,Punjab,460.77947118936186,831.9632316489984,23.318319913485986,56.6345089846335,Sandy,Rabi,4.52307632047094
Potato,Punjab,294.30221032992586,1759.4609727376426,17.493208572482324,61.914930401658296,Laterite,Summer,4.0697869310703805
Rice,Maharashtra,271.4743119115781,523.867735841552,35.14645951028271,53.13466549400026,Black,Kharif,2.5032475145294186
Potato,Karnataka,138.0824896191858,1498.5695408011077,33.01268066764176,48.235887347149045,Sandy,Rabi,4.867162124074315
Rice,Uttar Pradesh,187.38221535870656,1561.362140173776,18.86671624474768,74.45716784901688,Black,Rabi,2.1780903498383504
Cotton,Karnataka,448.1963141308188,1452.1295100422446,26.78199296915399,65.72855581339002,Laterite,Summer,1.0301573232076398
Wheat,Maharashtra,334.8992085257837,728.93505142976,26.209620582188634,50.00771056246834,Sandy,Kharif,1.6630405879857237
Wheat,Punjab,394.75657824240477,1784.1733499258457,29.377105711790158,55.97947131299992,Alluvial,Summer,2.423135224311854
Rice,Karnataka,229.9009844184893,587.0593877296715,36.76229856179901,69.5903953831663,Alluvial,Rabi,2.5931829081658306
Wheat,Karnataka,316.9723736307982,391.1791455854124,28.33474316053703,43.61146741362389,Black,Kharif,2.976580455574917
Potato,Punjab,127.94988632788773,1519.6904840402506,27.424997135908228,47.37265046330898,Alluvial,Summer,12.008924267157843
Corn,Uttar Pradesh,354.2031109903257,1108.3087158956473,16.15742745749727,43.662280205369505,Alluvial,Rabi,3.6961052431710195
Rice,Punjab,216.66266018315196,1743.4666339297494,16.44687194841455,80.61586663570594,Alluvial,Summer,2.1201656655464305
Wheat,Karnataka,224.06002983329907,951.7751397990402,19.308976200516145,77.62046166060045,Laterite,Summer,2.329959371386929
Rice,Uttar Pradesh,326.4145506655564,586.0736004631118,15.74682774891021,77.66564659396286,Alluvial,Summer,2.541655512173532
Rice,Uttar Pradesh,468.4589076271187,1721.9517271987786,32.09711659811029,75.8162671738014,Red,Kharif,1.7305618940662313
Corn,Punjab,36.683141571267356,1233.1463737881218,31.636596991861154,73.46927118349346,Sandy,Rabi,2.29622098522642
Potato,Karnataka,413.2479024867688,621.6328470636033,18.12929339192779,63.84959576890875,Alluvial,Rabi,8.914160348880948
Rice,Maharashtra,149.7296396540356,1524.6527975969577,34.229814718291465,72.11390817535575,Alluvial,Rabi,2.499980558966997
Wheat,Karnataka,224.74012998065703,1168.8931854321509,18.560078801460577,41.91807773939873,Alluvial,Rabi,2.895904129075915
Cotton,Haryana,15.847097743629433,1327.3320698085438,21.927038500939254,71.07322113283922,Red,Kharif,1.2934404504928787
Rice,Maharashtra,154.01780852798495,1083.5271749511892,20.726468680711395,78.89388527684386,Alluvial,Summer,3.495755338021406
Rice,Uttar Pradesh,253.80246510191458,1708.8052724906108,23.563063267180098,65.01791801921951,Alluvial,Rabi,2.4468796639523025
Corn,Maharashtra,32.807158286982315,1710.2566166611848,20.857266615469122,57.87566642136184,Sandy,Kharif,1.4916595100381638
Potato,Uttar Pradesh,248.09238604466674,1505.9609971014565,26.245871308084396,53.87133674004896,Red,Summer,7.223682695783144
Cotton,Uttar Pradesh,463.91976128492155,479.18234157398587,24.370381271157765,72.14010250810412,Red,Kharif,1.2791564534431108
Wheat,Maharashtra,57.169642963363586,1726.051565236917,37.69109828792451,74.64005993149544,Alluvial,Kharif,1.9694581524779258
Cotton,Uttar Pradesh,383.3981603973746,1440.7220669059466,16.28630605294919,83.54837999312713,Red,Rabi,1.0512663741179116
Wheat,Uttar Pradesh,207.78717142111634,1484.9410822073091,18.27017165690909,57.11670412304954,Black,Rabi,2.1697713706600066
Potato,Haryana,329.31098868954734,917.0708286865818,16.214995559897858,78.48861536927927,Red,Summer,6.704804573430433
Wheat,Karnataka,133.81711600268852,1794.7752454669114,29.394347484594643,68.06779120946689,Red,Summer,1.8517380866116657
Corn,Karnataka,83.94866995797236,1533.1317203992578,16.25371338051555,84.14182453390396,Red,Rabi,1.988053411336595
Corn,Haryana,84.42899406425708,491.4037930996306,34.23811395965083,66.39060541478104,Laterite,Kharif,1.8443166556914534
Corn,Maharashtra,39.8935130933566,993.2226584904765,26.77458850568434,65.88149141989837,Laterite,Rabi,3.185500304890388
Corn,Punjab,96.8951189261153,1806.8466153322408,27.121175365375276,68.89385407204546,Laterite,Summer,2.362623437949337
Cotton,Punjab,333.78859556953927,380.2343928855443,27.916673677380466,77.46576775712171,Red,Kharif,1.269441821648033
Potato,Punjab,441.4368528625365,1934.408253391484,18.928715245042845,88.23452394142305,Black,Kharif,5.953395103649104
Wheat,Haryana,407.9922143676251,1454.5763661432568,19.546876971633214,43.67816771078828,Red,Kharif,1.595731336918304
Wheat,Haryana,344.14148338786964,1373.3391619937402,22.33279842607911,42.67173011955086,Alluvial,Rabi,3.451978381301547
Corn,Uttar Pradesh,59.66377238849582,759.9507360295854,28.650417563902582,86.87751687036692,Black,Rabi,4.057681784158668
Corn,Punjab,148.14778591649517,722.946040856601,19.832708846624932,66.49378127591031,Laterite,Summer,2.0974905569432583
Rice,Maharashtra,158.35440328462215,1901.4989731306123,17.675629724065008,70.7451507283468,Sandy,Kharif,1.155835900294397
Potato,Maharashtra,128.72868846682252,807.0631721980087,37.312688387623936,64.12118007973645,Black,Kharif,7.211308789784816
Cotton,Punjab,259.92780155631294,1618.359004422299,15.505581740621327,44.68287263037372,Laterite,Rabi,0.7563477749033687
Wheat,Punjab,270.0991383654379,968.3070569520346,33.4620403227285,78.40446892093333,Black,Summer,2.8892600517138827
Rice,Punjab,181.65855770969955,536.7319203339968,33.12480844022551,77.36123225442935,Black,Summer,2.803394122446585
Rice,Haryana,180.12563357453584,318.2160060821102,21.835924618437208,55.5851660746406,Red,Kharif,1.7840042054076322
Wheat,Haryana,415.13502096351027,1225.2374729259263,18.119412168168207,55.31196226142002,Alluvial,Rabi,2.9722703642442934
Cotton,Haryana,395.69995991824436,1958.8239915331856,18.349458874224737,81.89206904527592,Sandy,Kharif,0.5265029379092792
Rice,Karnataka,157.35893668196908,927.5315294756476,31.040927196455428,43.61786288706633,Laterite,Rabi,2.604165112912189
Rice,Maharashtra,457.32527971726336,907.2269677881762,29.784551594981995,84.0552574178283,Black,Summer,4.144499540614996
Potato,Maharashtra,476.6434334162405,884.9557503440516,33.003150507781896,52.83308449479572,Sandy,Kharif,5.370275845650174
Cotton,Uttar Pradesh,166.73755830487022,1184.9245234182595,36.56206696517941,69.64923738777469,Black,Kharif,1.4774177314403798
Rice,Haryana,180.44034965256216,1049.1303018212989,30.914329355131613,86.79970895008888,Alluvial,Kharif,4.7511435066984875
Cotton,Karnataka,255.28890594386962,1795.8548654359247,18.584585340683198,73.90612507683232,Sandy,Summer,0.5873577096462379
Wheat,Karnataka,470.8548022041684,1159.3853459299335,20.599180185604446,60.721490623351826,Laterite,Kharif,1.811795876543342
Corn,Maharashtra,438.7781194054442,1163.188324920567,34.37045581008164,74.47671044527075,Black,Summer,3.3931195620026586
Rice,Haryana,55.77114147887695,535.2317110249462,19.814039744186797,57.19898181581851,Alluvial,Rabi,2.839087130622448
Potato,Uttar Pradesh,199.40171791935103,1970.657219547656,16.668013289953073,53.862920817459305,Sandy,Summer,1.9588006403728988
Wheat,Haryana,278.91873892613705,724.9539144770105,31.17544124297176,89.83416389673398,Black,Rabi,2.5866961360693703
Cotton,Punjab,254.05057391301233,424.7189146813245,24.258106176273266,77.53951155898939,Black,Summer,1.4451088829669265
Wheat,Haryana,100.96221862876187,1427.348623257855,36.160921208555784,72.23599886909088,Laterite,Summer,1.5498673600594044
Rice,Punjab,430.11430172823657,1312.1228292666835,29.955866635154216,57.76448216096594,Alluvial,Kharif,3.074831101558434
Cotton,Punjab,340.0856875834345,1005.7476117876678,17.079636489208198,42.45804145775241,Red,Summer,1.2891578113197806
Corn,Uttar Pradesh,419.7646455516428,1017.7267975971527,36.8007010468342,41.55284380175778,Black,Kharif,4.141043274687909
Wheat,Maharashtra,430.0883182779887,1634.608665778933,20.946817063725653,67.70906277243995,Sandy,Rabi,1.2397442314688034
Rice,Haryana,375.43614756454116,632.7114881694034,22.755887279344574,78.10163605195255,Laterite,Rabi,2.2101467752410198
Potato,Punjab,222.4092476186101,1694.4306422063125,24.251989514721465,66.86895952219275,Laterite,Kharif,5.433740096738703
Cotton,Haryana,307.22064373263515,1402.870093621531,16.178158817299206,82.03925359695573,Black,Rabi,1.2608229765521557
Wheat,Maharashtra,84.38087602927286,1012.2486154251915,26.419854711303913,41.67132665466108,Black,Summer,3.584318348595759
Wheat,Maharashtra,338.4544816500793,1078.6486481925767,17.836325294731722,58.33760382129701,Black,Kharif,2.674775191634477
Corn,Karnataka,93.73036159094397,736.3002522163629,24.22231751383209,51.8535195587089,Red,Kharif,3.3779032003755165
Corn,Maharashtra,348.5050473025276,1578.594365584857,23.06632512381794,62.363648407856104,Black,Kharif,3.331184140765461
Potato,Uttar Pradesh,118.65108957321449,1171.8870619189552,32.77532191880958,43.618819659706126,Alluvial,Rabi,9.27940924599631
Potato,Punjab,63.18789357435889,845.4527226747341,33.47292176755282,87.70658207855362,Sandy,Rabi,5.058527926174308
Rice,Karnataka,86.81582262076392,1313.2851967936153,18.528496294949026,51.162770053468044,Black,Summer,2.7963411782216796
Rice,Uttar Pradesh,5.986106933439783,1992.7485684872493,23.430677309722203,86.11538877417924,Red,Summer,1.3985466059795262
Potato,Haryana,360.77611083749747,1039.9458754161415,23.587122703732128,61.294657751834094,Sandy,Kharif,5.64304920341552
Potato,Punjab,367.53851928389764,1865.1753813236533,18.482440210529955,89.2762066627609,Laterite,Summer,3.931713853784309
Cotton,Maharashtra,259.89200820706344,886.5286278717624,33.36443061617738,67.70291917301054,Black,Rabi,1.7155361650249914
Corn,Punjab,84.87458652241493,393.045601772476,31.266251551714735,86.54164320879038,Sandy,Summer,1.7164224849143352
Rice,Haryana,46.35939706779143,647.211580826329,19.3787810848318,40.26744943471114,Laterite,Rabi,1.8304408602498592
Corn,Karnataka,14.468838386457069,1011.7817436570632,23.43460389765738,77.41194030904501,Red,Summer,4.022271647027789
Corn,Karnataka,87.04534759778424,673.3793786107674,17.43351557169983,85.15253265512577,Alluvial,Rabi,3.376689270021658
Potato,Karnataka,445.97348981665766,300.3859649710344,29.44875173314001,46.986028348947706,Black,Rabi,7.663239292108384
Cotton,Maharashtra,124.56073664233247,1855.5026141707963,17.791554264618252,44.806292586607576,Alluvial,Summer,1.0181259683073984
Wheat,Uttar Pradesh,180.36430697252175,1734.5949990925794,37.676485878373114,61.22863035929778,Red,Summer,1.3886631262410438
Cotton,Uttar Pradesh,57.14601481825993,1561.8967935278101,32.95568771782084,86.68394530664676,Sandy,Rabi,0.8571210831856757
Cotton,Punjab,115.06884585034429,585.2848125982487,23.97548664043189,67.11932800952194,Sandy,Kharif,0.8459161307966309
Corn,Maharashtra,262.01616253620153,504.6180795569763,28.306970442425154,66.3728231860866,Red,Summer,2.7868186852640586
Cotton,Karnataka,305.837578132348,414.92807410305136,35.9608617729774,47.056305914966096,Red,Rabi,0.9061258188292797
Rice,Karnataka,126.44939551227448,1530.849620913966,27.744283449104003,40.03947555466094,Black,Summer,2.9560109099950918
Corn,Haryana,33.57741881643302,1878.973533169405,19.013465187152967,80.50700453727306,Laterite,Summer,1.6034582887482212
Rice,Haryana,198.56127021806233,1031.9108955521629,23.710177178366663,44.37872814931191,Alluvial,Summer,4.084907053917906
Wheat,Karnataka,120.9306686085354,502.53914239328185,34.392331895684144,71.6924909367662,Alluvial,Summer,2.5003136176494967
Corn,Karnataka,113.67919199875196,1171.0677952445812,29.81689936776121,85.73082272575957,Sandy,Summer,2.3737150270794762
Wheat,Maharashtra,480.1320873431604,893.0142426796713,29.96666083967741,50.43259565792155,Sandy,Kharif,1.7049520910267368
Corn,Uttar Pradesh,310.06874053323344,937.2023713949961,34.93689417083525,73.26364181184553,Black,Kharif,4.5941147088894265
Potato,Haryana,280.6548293701875,1356.2620610647023,35.56138032163761,43.93492883537547,Red,Kharif,6.992080758309644
Cotton,Uttar Pradesh,210.80867624404436,1521.820792545744,36.155229150927035,70.18775719188065,Alluvial,Rabi,1.2188314910578535
Potato,Maharashtra,217.3274450479214,488.0261180843735,17.18153144482259,48.19658604766013,Black,Kharif,5.873680022886414
Wheat,Karnataka,272.74797689985,360.50339237100985,27.51489804515132,76.7976780257589,Sandy,Kharif,1.2183262364041714
Cotton,Uttar Pradesh,349.7327544828731,1990.3615145657152,32.031718988021325,55.06156473969541,Sandy,Rabi,0.537664314147049
Corn,Karnataka,352.56231761000555,695.6381931564381,32.40931743792132,63.169550440232314,Alluvial,Kharif,3.650485126152636
Cotton,Karnataka,89.98848431419754,391.51189234438044,28.95447264531009,69.97152710138108,Sandy,Summer,0.7442714202615696
Rice,Punjab,252.55581227793036,622.788059463064,18.836108709224504,48.56367053331198,Sandy,Kharif,1.45681672175462
Cotton,Uttar Pradesh,208.91925704188048,366.2283387923892,33.34067274065828,77.08189093088104,Laterite,Kharif,0.8882744024545588
Rice,Uttar Pradesh,435.9108483033452,966.0785208491918,31.56256067084375,55.13201703184073,Red,Kharif,2.3374358268464377
Cotton,Karnataka,317.5523660030963,1664.0830335672513,16.981122745627836,73.11859299563767,Sandy,Summer,0.6654994391657484
Rice,Maharashtra,268.589512875911,880.115564588125,25.667625967510652,47.91415253496868,Laterite,Summer,2.9565903256642425
Wheat,Punjab,62.1203478785641,1055.111791693223,19.001480189001484,74.40588296031751,Black,Summer,2.423885706010614
Potato,Karnataka,304.79075521508867,1448.497515064646,22.761972051398352,46.40940364052309,Sandy,Summer,4.708162763479171
Corn,Haryana,63.01593331171554,1165.1199191187964,15.415865120730764,61.26782481349918,Black,Rabi,2.8659286113082514
Cotton,Haryana,171.91725490504726,1764.457666236251,24.20758697344744,52.36030368694384,Sandy,Summer,0.6475922500840818
Potato,Punjab,75.70677258309428,1772.2606475777861,27.64716918659284,77.41876247140914,Alluvial,Summer,8.549527712427667
Corn,Maharashtra,347.5764552770626,316.84818233496117,29.250399635022998,53.10175022534373,Laterite,Summer,2.4181774537496272
Corn,Karnataka,107.09479634889554,1622.6787210214386,30.260277937960332,84.08586531976981,Laterite,Summer,2.4562351405469713
Rice,Uttar Pradesh,198.97038972807286,1083.2471204108456,34.234700201356574,84.59101057033064,Alluvial,Rabi,3.619161335843981
Wheat,Punjab,448.35901492129545,1981.028920216227,19.95564686734179,49.82206576113929,Red,Kharif,1.3843696107769652
Wheat,Maharashtra,106.1366097824903,1121.4945289882398,17.771081916084764,70.69229725038622,Laterite,Kharif,1.763917236620721
Potato,Uttar Pradesh,256.36350665959566,1977.7231071601057,34.58535495365229,44.38588208599822,Black,Summer,4.926634787758862
Wheat,Haryana,212.5394722771809,1582.767914049752,18.602094742530948,59.576854980081464,Laterite,Summer,1.077921400792669
Cotton,Haryana,13.971400317636217,722.6283038426208,37.4194818707325,75.66608647506362,Red,Summer,1.1358462772557267
Wheat,Uttar Pradesh,397.41526621854234,1215.2714647878279,34.37837927616865,72.97116234249582,Black,Kharif,2.752560322262128
Potato,Punjab,39.17772362572686,1986.6305871135908,26.52016193546078,71.2350334703304,Black,Kharif,6.371724446916043
Wheat,Haryana,239.75623538359204,1757.8020331782702,37.57269277320658,54.12704318312218,Alluvial,Summer,1.6708313424342858
Cotton,Karnataka,282.53575599478023,465.52371944507587,17.239664769484097,58.9012474717201,Sandy,Kharif,0.7208943833366637
Rice,Uttar Pradesh,316.0710960242206,1500.8323945769932,21.970512507027337,45.14730723501431,Alluvial,Rabi,2.927226910727538
Potato,Uttar Pradesh,345.8726565073984,887.4852959803821,29.679161545934065,75.95114102168006,Sandy,Summer,6.399121312139249
Rice,Haryana,130.36982984374396,311.8698451965918,23.050157974883113,65.19443983956367,Alluvial,Summer,2.7895651012228506
Rice,Punjab,9.93949444593244,985.9176473458994,36.35256869555821,75.43828161728273,Sandy,Rabi,1.9556241378002714
Rice,Karnataka,363.1046128656814,699.0825169324512,16.509400028089804,52.44717623984364,Laterite,Rabi,1.9440163663255368
Corn,Punjab,270.1500166770514,1692.0777598848017,27.636472137402187,56.22191143175331,Black,Kharif,3.3799026220820125
Corn,Maharashtra,418.87826308758815,873.4620350378013,28.589924150087633,56.71076686300573,Sandy,Rabi,2.410012037936426
Rice,Maharashtra,411.5872396358437,1706.790279721489,30.012746846876155,41.28712048736081,Laterite,Summer,1.7035063985023442
Potato,Haryana,422.44645305500217,301.01649601915204,20.88032313663173,57.05239364153118,Red,Kharif,5.8524969087422525
Cotton,Haryana,245.12185668987237,823.2925550444025,23.385027832956883,80.16522867590167,Alluvial,Rabi,2.289292455453498
Cotton,Haryana,170.1460559392485,709.9808643231953,34.404652182294484,84.86492478748693,Red,Kharif,1.1768548755650214
Wheat,Maharashtra,396.8213102827281,697.0645138166387,19.483683686313675,65.91091578179638,Laterite,Kharif,1.747167761087776
Potato,Punjab,228.3905859494812,415.9172536012866,34.01796048498733,62.77508476096101,Red,Kharif,5.926199951254847
Corn,Punjab,95.80388721970009,618.1112596978529,27.941074726763077,41.54123093496851,Red,Kharif,3.4187238159557096
Rice,Haryana,428.2121396829298,1244.4342688055538,32.53031275746389,83.96021687926913,Laterite,Rabi,2.3476612228046023
Wheat,Karnataka,441.8671390023119,795.3138238241656,31.412969424059845,40.65051067129364,Black,Summer,3.115766145307609
Cotton,Punjab,235.82332928938422,1009.5711299595515,19.772764393852217,87.23750401051059,Sandy,Summer,1.17162051520244
Corn,Maharashtra,42.4713650183448,940.6736965902205,28.082692937979076,64.46081243440453,Alluvial,Rabi,4.772279786055647
Corn,Uttar Pradesh,196.97391450888097,1789.0383724998208,34.95763251451713,57.09672467873633,Sandy,Summer,1.389418399720428
Rice,Uttar Pradesh,402.75114143398866,1839.0082983178763,24.938673446444376,86.210921742133,Alluvial,Kharif,2.5570569692023835
Cotton,Uttar Pradesh,451.3781441303832,1138.0268518149621,37.231587715136286,41.219549655504835,Sandy,Kharif,0.8330028063878653
Potato,Karnataka,105.71900753630995,861.2651155365274,25.400947302339517,69.07124474345436,Red,Kharif,9.594234586986511
Corn,Haryana,38.15193795250941,481.5611968040182,18.28406964336135,67.44662622496688,Black,Rabi,2.7913452996763004
Rice,Maharashtra,439.2884743007551,1920.7848949495615,23.956997641786486,50.96602006056911,Red,Kharif,1.7369860834235318
Potato,Karnataka,197.75544479454328,402.38580633050566,36.889155346982356,61.44437156751053,Black,Kharif,5.679376320748249
Cotton,Maharashtra,273.1716773124438,806.0054718660767,22.353579534816646,72.61320029718851,Laterite,Rabi,1.2081697891047527
Corn,Maharashtra,484.1925769651257,806.712541989007,34.96625767694245,76.35655984409638,Alluvial,Kharif,4.315840026735911
Potato,Haryana,37.94954031754031,844.6821864383653,35.268765678683465,40.035842935328986,Alluvial,Kharif,10.87435350214162
Potato,Uttar Pradesh,325.9174136887873,579.2876335630958,23.054290059635104,86.84267150455076,Laterite,Summer,6.571947382804202
Potato,Haryana,41.682184174559204,1631.374432570285,16.91492613516454,48.22626861964062,Sandy,Rabi,3.29800286613514
Corn,Karnataka,190.85711959091768,508.24636534218166,31.66483191065282,51.67902171111796,Laterite,Kharif,2.5961544904583898
Corn,Karnataka,402.8881998707561,1379.3413205603767,22.164782877321677,53.173672284692415,Laterite,Kharif,2.881658962847686
Wheat,Karnataka,219.56875521403902,510.53824539988966,33.00724312792417,41.891006827601764,Black,Kharif,2.199964031344473
Cotton,Haryana,498.6052651819605,419.9105839080261,25.18106150998996,46.15260617951625,Laterite,Kharif,0.9265098846575779
Rice,Maharashtra,281.73434604856806,1846.03015626599,26.161135073880295,89.3174961472081,Alluvial,Summer,2.6561499853913837
Potato,Maharashtra,163.97526555479698,623.2189027417996,32.891916355216345,55.7608368688643,Red,Summer,7.647406648931412
Wheat,Punjab,113.9551063228528,1696.1252627514973,23.794356614417442,45.76505451695247,Black,Summer,2.2698433755215253
Rice,Karnataka,178.5076644716501,1225.8724808821307,25.191928942427033,45.349563058731164,Black,Summer,4.040536209966048
Wheat,Maharashtra,189.40397051097764,432.35608333490836,23.65238078170131,75.97299838349859,Sandy,Rabi,1.4804880928106696
Corn,Punjab,39.013270473360684,1924.2619254447147,23.448831851377438,82.72843320163204,Red,Kharif,1.9243550616702298
Potato,Maharashtra,187.93922871625273,719.8339838862173,27.096771268733566,52.8476149754235,Black,Summer,10.826975082925461
Rice,Karnataka,234.79806727091633,1761.397087099431,33.60238722352646,41.04547561676175,Laterite,Kharif,1.4742148331171037
Rice,Uttar Pradesh,362.75518735820833,586.9770098337591,23.320671174219015,51.154500922267786,Black,Rabi,2.668302028203629
Rice,Karnataka,330.0810949371959,1751.70289964115,27.057858572367945,42.82578453983787,Black,Kharif,2.3231991633645555
Rice,Haryana,355.83899933843134,322.48898193899976,30.42672848517982,45.169746831502074,Black,Kharif,2.672784441329375
Rice,Maharashtra,9.140022529044263,1170.026776168117,21.197107264984066,61.575405992382116,Sandy,Summer,1.8133665297257648
Wheat,Maharashtra,112.74536279236534,1608.0523850166467,21.38302451275503,51.49591854308163,Black,Summer,2.3290528595961915
Potato,Haryana,332.53372275792896,1889.1523797377317,36.468501921539456,65.79729392627117,Black,Rabi,6.574535728470191
Corn,Haryana,244.57473724897483,1845.643631551028,31.64129518661504,52.67468766285952,Sandy,Kharif,1.446418113333873
Corn,Uttar Pradesh,7.6301704558312435,1693.3622782309963,28.275293553136102,87.02686505514738,Red,Summer,2.3597502232565892
Corn,Maharashtra,403.2248480037521,1809.9252944242169,29.897561251674077,85.29719839631323,Alluvial,Summer,3.288953874663741
Corn,Maharashtra,387.540738778717,638.6734659230301,15.673887191378622,68.3403052505233,Sandy,Summer,1.4579179084909246
Wheat,Uttar Pradesh,276.4674856818135,783.1133027099389,29.216368207919025,57.72119959936931,Sandy,Rabi,1.9293172892554815
Cotton,Punjab,37.8993462592547,791.2464923657994,26.71870408415664,59.057344101736774,Black,Kharif,1.5707977802829685
Potato,Uttar Pradesh,384.4249495186294,940.9916827028879,27.55224263492702,60.592614157224844,Black,Summer,11.196739986940553
Rice,Karnataka,293.93822592702514,968.6451396548208,23.266748017108792,76.3789661067472,Alluvial,Kharif,4.265898629252669
Cotton,Maharashtra,392.0701886931898,1225.7440519129482,16.873899647397664,62.581949775941894,Black,Rabi,1.6292449206059418
Corn,Haryana,377.114761235941,571.7955977229503,19.4468023730772,82.83649732529487,Laterite,Kharif,2.1396215120021442
Cotton,Karnataka,402.48602561912935,1475.1193284361818,36.86712840389145,87.20473929651823,Black,Summer,1.1551490793166304
Potato,Maharashtra,261.4139928702893,584.863116817661,24.40008993223148,56.797307668946694,Black,Kharif,9.304987590991106
Rice,Uttar Pradesh,74.46063650578992,827.5244195777308,25.733712584109874,68.034724068784,Laterite,Kharif,3.1612486225035994
Rice,Karnataka,337.2229493229459,1155.6867220304619,16.212325166629096,44.75282684162822,Alluvial,Rabi,2.5643481391974734
Potato,Maharashtra,312.13452360072546,1653.9489545899114,15.864023279511553,50.02345238831795,Laterite,Rabi,4.23360171154196
Potato,Punjab,372.41532766354817,1557.0976965058364,31.495173282075427,60.673288335508005,Sandy,Kharif,4.434996713774759
Corn,Punjab,89.09109799511397,1397.4084058978879,27.37617727478556,50.31013579508894,Laterite,Kharif,2.630090820472077
Rice,Haryana,101.51272395064316,564.8145429862893,26.700237636974133,83.82802453943589,Red,Kharif,2.411329563626181
Cotton,Maharashtra,445.7527110235676,1229.9770875464822,20.59186419972138,47.9143128029549,Sandy,Rabi,0.8710599123617021
Wheat,Punjab,376.23901023377505,448.6590530598053,32.12926682748821,62.7830410776546,Black,Rabi,2.3235020065748175
Wheat,Uttar Pradesh,454.5731019066598,941.5174005543063,18.869441319495312,70.28496202299378,Sandy,Kharif,1.4787856558230574
Potato,Maharashtra,380.56408397614075,1002.9781014929306,19.36849910420346,74.59319540804222,Alluvial,Rabi,12.506755399040843
Corn,Uttar Pradesh,300.59187646519945,367.6794470577815,25.596379941010333,59.15346848632534,Alluvial,Summer,3.774308489371681
Wheat,Uttar Pradesh,328.79570482879745,765.7797690989521,21.58443682857464,83.45495343623642,Laterite,Rabi,2.060773781616602
Rice,Punjab,445.11832235030494,1924.604094353032,20.691648568362368,68.41595755389628,Sandy,Rabi,1.1237411594894033
Potato,Maharashtra,291.50934348341053,1921.1754333104723,29.84046582472663,61.97538902237759,Black,Rabi,6.449754367543209
Cotton,Karnataka,318.0337055425518,898.9559922293168,29.972350140026524,43.36203170260183,Alluvial,Summer,2.015929816621776
Potato,Punjab,82.45597442178229,373.27018521215086,33.96389260539837,63.23447342225825,Black,Summer,6.833110617219858
Cotton,Punjab,239.59100395747083,604.4613968579087,24.607297040378445,81.03679204078651,Red,Summer,1.2043012417040102
Potato,Maharashtra,359.616570419259,966.7702488370182,16.680957093601457,70.72705091106577,Alluvial,Kharif,11.825869178329059
Potato,Maharashtra,139.11663566660087,1911.2254865476907,21.294326853193525,81.60812268645591,Laterite,Kharif,4.591574958286873
Potato,Uttar Pradesh,105.11581935964479,540.0384080132144,37.540125653526786,64.70058352996529,Red,Summer,4.272330448089772
Cotton,Maharashtra,160.3442700710857,1597.9769342359607,28.713947230352147,45.92308525472409,Sandy,Kharif,0.912508296394706
Cotton,Uttar Pradesh,124.54281085645256,484.76031693697655,31.323952950423465,40.68199229179405,Black,Kharif,1.2431451499558022
Potato,Punjab,111.38175533301595,1968.1378815651706,15.169230081384534,55.16097733592956,Alluvial,Kharif,5.160404956998633
Wheat,Haryana,215.30116721970305,948.7480484855295,26.918731840197978,74.89952357488963,Red,Summer,2.2173727621859474
Corn,Karnataka,454.38006437234935,1617.8987161283953,15.863159123231473,79.51299519708469,Red,Rabi,1.9330611463114242
Corn,Punjab,255.99452513566555,882.404840778924,28.092294878103303,54.78764173101647,Alluvial,Summer,5.6066213144907335
Corn,Maharashtra,98.0205885035849,1367.0370911699747,36.17772954162973,64.78269604416235,Sandy,Summer,1.9359374506343252
Cotton,Karnataka,43.100976343532665,626.4273440580624,37.27364000150938,61.05594522170408,Sandy,Kharif,0.7474643278922403
Cotton,Haryana,349.597291843273,548.2357328048363,27.432711533945255,60.5261392175714,Laterite,Kharif,1.3216691800892906
Wheat,Haryana,194.48538839601198,1894.709037265823,25.53871052080097,51.567435660007526,Sandy,Rabi,0.8915199070489568
Corn,Uttar Pradesh,411.8063185597528,1860.000372437537,36.73539316771536,46.818555251472915,Laterite,Rabi,1.6361540380051132
Corn,Karnataka,331.45783047718123,1808.6971983619,30.493026135923987,49.83442791156065,Red,Rabi,2.3890851387739263
Potato,Uttar Pradesh,399.1395180179774,1363.236865283209,16.49268342938342,42.766619358167304,Alluvial,Rabi,10.239303163386118
Cotton,Punjab,139.61328951213213,1674.055959067673,25.711688286352445,49.90653709117885,Sandy,Summer,0.7219586531149599
Corn,Karnataka,347.71766661822375,417.36279274933736,20.52563542467899,40.46004488126897,Laterite,Rabi,2.1417955182460973
Wheat,Punjab,135.7106824233908,869.1413712141546,25.80549939331968,71.36292003179892,Red,Summer,2.6727025311499317
Wheat,Uttar Pradesh,469.83889732789436,833.2953120871656,25.475708156146318,55.81877036938414,Sandy,Kharif,1.8394583733036844
Corn,Karnataka,320.0052693590203,1380.5970473194425,28.389330464739068,88.65723557134544,Black,Rabi,4.209463530694473
Cotton,Uttar Pradesh,165.63334108679433,905.1282149000889,23.205721278032776,49.68585253881489,Red,Kharif,1.7166232492613096
Wheat,Karnataka,138.40837183467497,552.4615287942573,18.778220337486346,57.291428515479694,Sandy,Kharif,1.3213327466090534
Potato,Uttar Pradesh,99.50865961046354,1313.9940282030243,26.585546995568993,57.89205793207666,Red,Summer,7.195871371350137
Wheat,Haryana,348.84727465239524,1684.4526651374385,34.094666339952525,40.42257480312303,Alluvial,Rabi,1.5588485451050151
Rice,Uttar Pradesh,113.26422843397401,949.6099405819544,30.27228124555485,81.96039765197295,Alluvial,Summer,3.820587051062651
Rice,Haryana,299.6751166341071,524.8568156674189,22.782460916279966,41.599723007216234,Alluvial,Kharif,3.058305976236878
Cotton,Uttar Pradesh,135.9943383280519,634.3699354317991,36.517029523453715,87.00899173646206,Black,Rabi,1.2860408793563394
Corn,Karnataka,332.67462767296496,703.7216187879528,35.98077413873119,84.60371755468103,Alluvial,Kharif,3.4032627342091044
Cotton,Karnataka,408.3951656275669,809.8259080907116,19.81501318583427,66.77609580429818,Black,Kharif,1.5782935797551034
Cotton,Karnataka,390.12249535660334,1392.7516198607254,15.90660445776835,67.1797787455646,Alluvial,Rabi,1.4742866836366288
Cotton,Maharashtra,381.62140881073697,1321.6073237141222,32.050100292067526,72.68889614780781,Red,Rabi,1.183411208276633
Cotton,Punjab,97.92259081766477,1483.3357646639665,34.03503601103053,59.35250059674435,Sandy,Rabi,0.744115021457278
Potato,Karnataka,48.75054875733676,916.2533737035724,37.260885016881176,72.36111416989277,Sandy,Summer,4.774593622181778
Potato,Haryana,350.97967010125586,1700.7960081959632,35.46623706403115,42.238419434424344,Alluvial,Summer,7.296973896175127
Wheat,Karnataka,187.3318708282039,646.9490239647924,28.812299668747542,42.702381367486325,Sandy,Kharif,1.7111441744749691
Rice,Maharashtra,219.01138206965692,1097.3692707808618,27.19120380188476,62.86152098097722,Alluvial,Rabi,4.977962477214546
Cotton,Haryana,20.418800932728576,1661.5958266204316,15.640344179039484,67.48111505530174,Alluvial,Kharif,1.0641839323896618
Wheat,Maharashtra,133.49034239114934,606.2697011454527,20.67309827742989,84.39088201679095,Laterite,Kharif,1.4062944782886537
Rice,Haryana,21.66981991785969,486.767293359331,25.571139289857307,45.233031695394814,Laterite,Kharif,2.098460223115182
Corn,Uttar Pradesh,440.1969574376176,1802.2627450695825,29.455589701922058,81.13239635969447,Laterite,Kharif,1.7021066758767556
Potato,Punjab,125.48135819317258,882.9804266906331,27.816792166323445,50.50236686460348,Black,Kharif,14.534012675129121
Rice,Punjab,280.881898938639,1462.5792123453543,32.08062776267889,59.70418242550159,Laterite,Rabi,1.8374865974889927
Corn,Maharashtra,24.294763727259554,343.0926272486954,21.43463941040194,55.83012174137065,Alluvial,Summer,3.297819152703403
Rice,Punjab,335.08945869630077,1473.0797102960644,27.993909976006883,60.00776364326995,Red,Rabi,2.747351772187302
Potato,Maharashtra,164.89853614827646,837.3722296298499,17.027271597988218,47.52477490362928,Laterite,Rabi,6.418184825110967
Potato,Maharashtra,449.4699975440446,394.75945109865097,24.514307042413762,65.17850372017774,Laterite,Rabi,7.108824193278625
Wheat,Maharashtra,444.61850352234774,1336.681694631799,32.25369915795582,80.08212949156837,Red,Summer,2.070312642788901
Cotton,Punjab,166.01885608906514,709.3664873243945,30.94821962886801,62.07670051894485,Alluvial,Summer,1.6944206241370103
Rice,Maharashtra,450.9756433667816,957.572311488196,37.78478295496012,64.53067879490996,Black,Summer,2.687448534983153
Rice,Punjab,498.0980483818955,436.9873808870731,21.39149589771839,82.4383792640657,Laterite,Rabi,1.9922506754542126
Corn,Maharashtra,413.5807537413543,550.177526861407,26.45835388100152,75.30290573190155,Red,Summer,3.0378293608968954
Potato,Karnataka,423.21131713883835,806.5613003429344,22.579199516801925,64.52272042598923,Alluvial,Kharif,9.885038829352649
Rice,Maharashtra,128.2593243739995,452.5911509522671,25.133871623361017,52.884782409458985,Sandy,Summer,1.6266780877187235
Potato,Haryana,290.4676874345894,1848.4046499667359,34.70985298699593,84.24633734224832,Black,Rabi,6.160049061210459
Rice,Maharashtra,38.29167741384709,310.2799734127633,30.73680872933519,68.85102008452792,Red,Rabi,2.0589203563674845
Wheat,Uttar Pradesh,51.984378726726504,1122.5623720693293,35.29614740099438,51.05738050553467,Red,Kharif,2.372050102124961
Cotton,Maharashtra,499.45184295647886,509.5206788253374,19.680755491633388,53.45598763190052,Red,Summer,1.1197549513029992
Rice,Haryana,166.6864284658259,823.0544521125125,35.08730571035308,80.1566544468123,Laterite,Summer,2.052185682079678
Potato,Haryana,375.35103646417895,1874.3012516910512,16.374532306102843,42.207278104372776,Sandy,Kharif,3.016399555871627
Wheat,Punjab,404.29920124827413,574.8807405657776,35.43778345005451,89.60460935144101,Black,Rabi,2.0235567849809417
Rice,Karnataka,429.72151914857847,1941.9149435211655,22.56869692759674,46.51758398573959,Alluvial,Rabi,1.8779726139646178
Corn,Maharashtra,498.8260072140675,649.850440882017,22.235515568523528,79.80342626984687,Alluvial,Summer,4.377594458766015
Cotton,Punjab,124.54076020214958,1560.6623843936102,26.77803726406927,59.73876583858414,Sandy,Summer,0.8289368348330239
Rice,Karnataka,24.973659295551354,1229.3513503254298,36.63587431763433,64.61080916437334,Red,Summer,2.64598372036276
Wheat,Maharashtra,208.53980140732006,1803.6138369144905,16.098971387672325,84.0325288732289,Red,Summer,1.3819060904252076
Corn,Uttar Pradesh,69.38993156532874,1241.7885343553226,23.101312426627143,60.64555947946066,Red,Summer,3.077163601075319
Wheat,Maharashtra,16.10081513521729,1208.7506725657247,34.701155739716725,66.87468768366173,Red,Rabi,2.218185849166917
Wheat,Haryana,183.41127943503562,632.2786006262797,24.109252981015736,42.4649831204585,Red,Rabi,2.7746442587069975
Corn,Haryana,392.95043428224204,582.5899154878198,19.580608644732543,40.117373693372656,Sandy,Rabi,1.87146809274633
Wheat,Uttar Pradesh,285.2594421564101,1858.0315568963742,24.77026617062247,52.23999365008629,Laterite,Rabi,1.483347517437376
Corn,Punjab,159.82510465912526,857.3249380450579,23.867707534308394,74.02915464593836,Black,Kharif,3.9849320033653957
Rice,Karnataka,328.8992927188963,932.5398334369231,36.05457263373418,46.06324466795684,Red,Rabi,2.9883225161534663
Corn,Maharashtra,119.8489992528613,1591.7002193282603,32.52449064209124,45.68809794022747,Laterite,Kharif,2.472780779265894
Corn,Haryana,12.118815805682086,875.9999201187725,26.617657782112147,60.54803040179516,Alluvial,Rabi,4.723019980372586
Cotton,Punjab,383.35492628603157,1918.5061592863046,37.732523034596134,72.39185193041132,Sandy,Summer,0.5640688639091027
Corn,Uttar Pradesh,313.7528270076845,1554.4772072979606,25.701383219346233,75.60359961239652,Laterite,Summer,2.5589435101001725
Corn,Haryana,382.3397991279752,1315.629712374814,16.33947010886633,48.92253370491874,Red,Summer,2.2915653736668973
Rice,Uttar Pradesh,24.274318260394477,1797.5217729260792,21.03230940174465,43.979407368602125,Red,Kharif,1.623112860409686
Cotton,Maharashtra,419.37421577617283,384.33004419412066,25.029621045044188,87.0198516972772,Red,Rabi,1.2884907113464337
Potato,Karnataka,311.66546901797017,737.0065767216549,18.60876035536076,53.033319128105084,Laterite,Rabi,5.661936370806087
Rice,Haryana,283.88069860275687,1090.561768175547,36.79399790545299,82.66732488043618,Red,Kharif,2.164813868105397
Rice,Haryana,314.18395381669313,685.8635171015858,32.63752464980878,83.17457252314091,Laterite,Kharif,2.0770509077720125
Potato,Maharashtra,432.89445719984025,1564.6388184136583,21.17060560983877,78.62612958812721,Red,Kharif,6.027815054212668
Corn,Punjab,295.533570746659,1862.653652791333,28.588504270912065,48.44168033262851,Alluvial,Kharif,2.7503313130098417
Wheat,Karnataka,292.57043804464877,1020.4092038825697,31.593330613520155,81.09007296271002,Alluvial,Kharif,3.2618129961549704
Cotton,Haryana,495.3861827475541,881.6254201902215,36.64941536485635,78.46252796207933,Black,Summer,1.714484255834244
Wheat,Karnataka,379.58143269894117,1934.6362446338626,35.27761303103445,69.83614950531086,Red,Rabi,1.2673569394813509
Potato,Haryana,223.93543369831195,1056.2491358068194,26.849421201178913,56.86010175844764,Red,Kharif,9.297702757329704
Rice,Karnataka,355.16151501629923,1131.3822807637816,32.8170102552394,53.125430213327206,Laterite,Summer,2.2928273722793535
Rice,Uttar Pradesh,197.6690834874353,897.8047829812391,27.929329338034456,46.09446060401795,Laterite,Kharif,2.743961054382726
Cotton,Haryana,118.293353929332,1846.2324041206352,27.712189471047424,65.48785334504358,Red,Summer,1.0123130366584914
Rice,Karnataka,300.4416790594409,1267.2243215791464,17.639065041778412,69.26304377549232,Black,Kharif,2.718272054490064
Rice,Punjab,464.450138566406,1595.6967982087958,17.901166134371497,57.96694952578936,Red,Rabi,1.991857780179833
Cotton,Uttar Pradesh,464.92406240765405,1680.071421196507,27.17927314551652,63.76795338404342,Laterite,Kharif,1.0719231882471392
Cotton,Uttar Pradesh,174.2431126622177,881.1433712593389,21.18381553451715,58.17572286846334,Red,Kharif,1.4796199426851493
Potato,Punjab,266.200345779739,1037.2803632446462,15.483848756590778,72.05030286603505,Laterite,Rabi,7.18676643064266
Rice,Karnataka,109.7597697920813,1742.4020164906499,31.625301689704884,85.06296038982816,Red,Rabi,2.2290118522873836
Rice,Maharashtra,497.83739920194733,917.5340978488774,15.747191723873794,48.196013102347244,Sandy,Kharif,1.3595104309009611
Potato,Punjab,490.65336439462817,1649.689726868147,28.691367345393253,59.07044049515617,Laterite,Rabi,4.900621392346323
Corn,Karnataka,326.5069202051864,1899.6869483765431,27.401457264928233,47.04343019754307,Black,Rabi,2.6017449500724545
Corn,Punjab,403.1849595403493,1359.457634215612,37.2827378832895,71.2471885203916,Sandy,Summer,1.7742499670716718
Corn,Punjab,358.9745798354315,1560.766388668211,26.136902204995756,76.44352547442979,Red,Rabi,2.958776563091578
Potato,Haryana,298.61331842453677,1668.6654304699293,16.46283303668934,86.59563662987279,Laterite,Rabi,4.8779530234378115
Rice,Karnataka,31.40725850950436,1736.5674031242922,27.68882325954862,53.943596313048246,Sandy,Kharif,1.3420762800553108
Potato,Maharashtra,230.10834956356723,971.5906743565531,34.34521192417033,87.51056029327151,Black,Kharif,8.010373085767915
Potato,Haryana,339.0192195728682,387.1478805991969,37.927533538473114,43.16313359103374,Laterite,Summer,3.916786365743736
Corn,Punjab,340.3781488724239,983.1896611024572,24.897892994848668,70.15069316822941,Sandy,Kharif,2.6798572532666327
Wheat,Punjab,189.69569611907988,1445.3855906329527,22.366871077425078,42.8566359671665,Sandy,Rabi,1.482476893510681
Rice,Punjab,471.13753339572514,1065.5956558273479,35.85302582989598,84.68870938809724,Sandy,Rabi,1.3714377343088695
Corn,Karnataka,87.8417309572066,1573.2373564626776,19.39856896875079,66.4904528535027,Alluvial,Rabi,3.560344330679111
Wheat,Karnataka,252.6779258767025,906.8701300967286,29.15486504575731,73.46741753813981,Red,Kharif,2.7611566049570713
Wheat,Haryana,346.9875683926573,1379.0650398768503,24.3314317561618,81.57869629552263,Laterite,Rabi,1.9527847914727317
Cotton,Maharashtra,350.08222391644557,616.9136682517568,15.944894393977771,47.51553112419844,Laterite,Rabi,0.8773555105570331
Rice,Haryana,326.0762836005637,1573.9280422964268,22.987634909031048,41.929578096906695,Laterite,Summer,2.2307605456173074
Wheat,Uttar Pradesh,141.26766565867078,1227.683146982144,21.100256017561517,83.94405729564261,Sandy,Summer,1.605280160991147
Corn,Punjab,82.32225149987788,646.909460529221,30.7800965407002,55.746661372946626,Red,Summer,3.168047083029592
Cotton,Punjab,319.79046177922186,796.2489949462724,36.822181446914115,46.44894539635826,Black,Kharif,1.3816597232179977
Rice,Punjab,301.6545474890217,1572.634804589115,21.16508530970867,63.42306185435433,Laterite,Rabi,2.123916693885956
Potato,Haryana,93.78122509317429,1120.4221006245853,33.663716600488684,69.91530378480094,Red,Rabi,7.954240024137038
Corn,Haryana,354.04387705742886,667.2534486682227,16.27327578958342,41.548530171125506,Red,Rabi,2.544683531988078
Wheat,Punjab,230.31013590815994,1944.361023629506,27.376783230915702,53.74478291285439,Alluvial,Summer,2.0540034190520418
Wheat,Haryana,335.5414928435607,1515.7125336887095,16.622651465327575,41.6399937138448,Laterite,Rabi,1.3195818158170465
Corn,Karnataka,419.4967044862246,1927.1292153176535,36.4827587960047,61.01676945977495,Sandy,Rabi,1.140340167129069
Wheat,Karnataka,89.01557214557697,1026.0785771125834,32.62607945281998,84.75500145331222,Red,Rabi,2.653715212675807
Cotton,Haryana,14.476709658434157,1107.6705791759248,30.13284795770562,89.13262057467847,Red,Rabi,1.5003884556628773
Rice,Punjab,390.6557802659145,1826.5238675145326,33.94961677736728,71.85237767518137,Black,Rabi,2.0466019901641994
Cotton,Haryana,306.8002254505449,1192.5838784171538,29.892955298113755,48.08188468922959,Alluvial,Kharif,2.023806420065742
Wheat,Haryana,351.3215869629502,1502.3741502396342,37.2857211350087,85.29246949996528,Red,Rabi,1.775960782653979
Potato,Haryana,419.88671261937805,728.6938917424009,31.421032800889744,65.81239116000302,Red,Kharif,7.551541494804262
Rice,Uttar Pradesh,402.39141273812777,1059.434996794489,36.26714802039167,47.6874656051459,Sandy,Rabi,1.715353474735863
Rice,Karnataka,480.6554727297682,509.8647718776037,26.894033516244676,86.08633347258308,Sandy,Kharif,1.7681587884394947
Corn,Maharashtra,270.2878640317985,650.1660609908349,17.69248149858284,77.87345253615516,Black,Rabi,3.033052369673502
Corn,Maharashtra,246.80533816665314,301.60380595497287,27.148087592729393,76.58526363615758,Black,Rabi,2.9446418368368272
Potato,Uttar Pradesh,203.9341639459114,366.7505878027224,17.918075045451147,75.45903518972023,Black,Rabi,6.103551537476052
Rice,Haryana,81.07706620788124,1961.3824994007798,28.627350021057318,50.016991054822114,Sandy,Rabi,1.1667744135400113
Potato,Uttar Pradesh,288.4405802766011,712.001281732496,26.097340392136246,50.550334585376305,Sandy,Summer,5.514717565636924
Corn,Uttar Pradesh,142.1211995413595,1427.6282061568033,29.31923415015398,74.41464992136275,Alluvial,Rabi,3.899834522423079
Corn,Punjab,461.0472185454229,1726.4694879593396,15.231080564261127,50.98613750551984,Laterite,Kharif,1.7156359279098614
Rice,Karnataka,293.6794481171633,1236.1227807021592,19.481331308073372,61.93358484015244,Laterite,Summer,2.367527299535629
Cotton,Maharashtra,298.45588935151454,560.3456501427255,26.300599933979008,79.10009127969707,Alluvial,Summer,2.0589126666361137
Wheat,Haryana,180.68770713411996,1537.7979434714828,36.8615819165501,79.19762590489205,Laterite,Rabi,1.344500911432322
Corn,Maharashtra,30.734729228965207,1320.4273971692912,23.823007928168643,62.66308862629298,Sandy,Kharif,2.279941164454101
Corn,Maharashtra,20.71316385962937,1543.1260018905377,24.760556599233595,79.60949691376226,Laterite,Kharif,2.9917061928412343
Cotton,Karnataka,214.55089635583278,1608.5692588570482,31.43801004715231,81.93108980990283,Sandy,Summer,0.7515880076820651
Cotton,Maharashtra,46.859862158132735,1958.1976250640666,28.887233417580717,72.73878756421301,Alluvial,Kharif,1.1824465650629923
Potato,Maharashtra,305.38924299236885,1275.057576045407,21.875301452261663,51.42129261542101,Black,Rabi,9.043475648773516
Potato,Uttar Pradesh,441.08163779163044,880.789891574023,24.44877709805084,53.70058901927737,Alluvial,Rabi,10.621275272539227
Wheat,Karnataka,442.0428341767675,1402.389746730403,20.007095373716346,55.742057770436766,Laterite,Rabi,1.858151264441189
Wheat,Punjab,331.227478015455,416.3492057124644,37.2184935599948,45.8402053866976,Sandy,Rabi,1.0210821388846747
Rice,Haryana,109.55975657910085,1825.5754411466967,18.004590775819274,53.65798101849725,Laterite,Rabi,1.3450282936403433
Potato,Maharashtra,432.1834315226417,502.94771927493457,23.552246045027648,50.475961215626604,Laterite,Summer,6.605112671077255
Corn,Haryana,443.61625048003805,857.3328244058911,15.594296361060257,62.76643749043011,Black,Rabi,3.5422751626713413
Potato,Punjab,102.34352455171455,1686.7671470644054,20.100928314471567,85.42187739361324,Laterite,Rabi,4.596458322381192
Corn,Haryana,370.02591245648523,1315.4310431622102,32.95083618274356,45.224015837697905,Black,Summer,3.34426968029668
Cotton,Punjab,146.82717671892587,969.1803844716516,19.627030342644225,76.01339619736979,Sandy,Summer,0.9038458629127264
Potato,Uttar Pradesh,402.3069546147002,1104.8406209375364,16.84145825816621,74.36415022065638,Sandy,Summer,5.780291272168695
Cotton,Maharashtra,498.6327604522833,1752.7305684437065,25.912423136424035,44.78770993316788,Black,Kharif,1.5318461666718417
Wheat,Punjab,19.862872638049442,878.0074563018167,15.229292398893925,86.12862024529,Alluvial,Kharif,2.7672052101790006
Wheat,Haryana,449.1961035665113,1778.4044641806913,16.949621551805663,68.42361010784097,Sandy,Rabi,0.8583127865419283
Rice,Maharashtra,313.20211413133575,449.8285326603756,33.57539499994843,58.18627605678421,Alluvial,Rabi,2.655836399149646
Potato,Uttar Pradesh,486.82439648658647,1620.5573432546723,32.743886931770945,77.82692917476533,Sandy,Rabi,4.131990801747575
Cotton,Maharashtra,235.17971117558167,1740.8309761930518,36.04819286931261,52.8682729200817,Sandy,Kharif,0.7137498453814102
Corn,Punjab,424.45702563283,609.0900098234758,34.65385502594724,74.67549185231601,Red,Rabi,2.7110397511113065
Wheat,Uttar Pradesh,35.88506395614723,1031.589105032741,30.713037954515816,41.98556037861236,Laterite,Rabi,2.439517373388587
Wheat,Haryana,170.9631297887564,581.3496169282146,16.203655717915247,81.9704018804636,Laterite,Kharif,1.1183149881743337
Corn,Uttar Pradesh,38.17318618684894,1501.2270192901701,33.00551821369312,62.408542351065925,Alluvial,Summer,3.527710360234026
Cotton,Uttar Pradesh,487.7948510721399,1210.0912057048165,34.44674864933289,71.83464571789709,Laterite,Kharif,1.0029137871987457
Cotton,Karnataka,409.4020840995592,1380.0496894041457,33.37888935275495,51.061890990334184,Alluvial,Rabi,1.5543640132210002
Potato,Uttar Pradesh,427.01097351675537,634.0278438255589,26.6950178120846,73.8536856329224,Sandy,Kharif,5.498455450681776
Potato,Uttar Pradesh,469.29278955977765,659.9679654891131,20.35674228893808,78.61201379466382,Red,Summer,6.79619774147643
Rice,Maharashtra,47.12622562929375,370.54545336684083,34.44258944084071,63.66065934421994,Red,Summer,1.7627484985667563
Wheat,Haryana,195.87080829410002,847.5148098327405,31.724744624023185,70.88634620308972,Sandy,Summer,1.4889467391105888
Potato,Maharashtra,40.16227007678105,1251.5659242672473,37.55750701094358,62.81629619111993,Black,Summer,7.794984395108404
Cotton,Maharashtra,109.34258526726417,1758.489353795459,18.580929748386456,84.70456846289227,Black,Summer,1.0507584502673164
Corn,Punjab,118.53605963364782,1433.7766606797572,20.190285410197266,64.89345902571596,Laterite,Summer,2.3439952506827644
Cotton,Maharashtra,237.20806946855146,1040.1737497795775,19.871357447274562,82.09043545144095,Alluvial,Rabi,1.9221356452046439
Wheat,Karnataka,137.93827288955308,1920.3041944700342,33.22841465529075,80.06760291351243,Red,Rabi,1.5036770326060889
Cotton,Karnataka,54.98416287479174,1522.7168409789142,19.29886781835272,60.525241067417824,Laterite,Kharif,0.7586998285959106
Rice,Punjab,87.90808910158331,1881.280844866335,16.53317608593604,51.504224592873754,Sandy,Rabi,0.9519948225488948
Wheat,Haryana,77.901403958285,1196.8995545626817,37.966898551469455,60.304106627988546,Red,Summer,1.927623650443928
Corn,Haryana,486.67301496658763,740.1372671483373,15.57079586323843,81.31086878876101,Alluvial,Rabi,3.310871695796984
Rice,Maharashtra,380.8497909246444,389.80536682002736,34.21061338365391,51.38162679096962,Alluvial,Kharif,2.3824364793119477
Wheat,Maharashtra,484.0419253084332,1534.3442475225459,23.403437355665012,66.22181729288747,Black,Summer,2.348602467685861
Corn,Maharashtra,222.67154082141474,506.215096609408,34.357155574429754,80.30483739803736,Laterite,Rabi,1.8511044642833878
Rice,Haryana,142.79239842301502,814.7177180623441,27.756271297856337,57.67387375641894,Sandy,Rabi,2.044362879291436
Rice,Uttar Pradesh,400.1551326185474,1205.2005434026255,35.737518278186286,72.11048185013487,Red,Kharif,2.4589946564519396
Wheat,Karnataka,166.49568943036766,1259.508199225571,36.30243868753641,52.281578702440726,Alluvial,Summer,2.421270954984479
Potato,Uttar Pradesh,153.1947699841474,1320.9914348781313,15.209258169457847,45.463972268408,Red,Kharif,7.15779215507074
Rice,Uttar Pradesh,120.09046614287644,582.6340615944911,16.73448004783413,79.71921125464281,Sandy,Summer,1.3075876168933789
Rice,Haryana,69.1910942209965,945.5535881968028,20.758250780129675,44.94843117043534,Red,Summer,2.7830228723584294
Corn,Uttar Pradesh,131.94921520329916,1349.2301860988434,30.394254576360538,53.56906975397923,Laterite,Rabi,3.0824763987590953
Cotton,Punjab,180.8832754945744,1948.692069877434,35.43026051976464,82.75547109987201,Black,Kharif,1.108225852237428
Wheat,Maharashtra,338.62713303213656,1536.9729340894708,25.578664879761142,57.32346435393336,Red,Kharif,1.8318295135873082
Wheat,Punjab,35.96959689862853,1868.4263870597283,28.960381674308103,88.65226747570806,Black,Kharif,1.8125363463336865
Potato,Karnataka,109.20093513434476,1595.7604991341009,19.335496614297906,88.98671673869299,Sandy,Summer,3.7918595514546487
Potato,Maharashtra,405.4667019443798,1305.9188471170808,33.514237179278766,53.41380102267783,Black,Kharif,8.123176033865107
Wheat,Uttar Pradesh,77.72635217396653,626.4397275317857,37.2485465611298,42.04891111249452,Red,Summer,1.918916821594061
Potato,Karnataka,174.60934752864816,1433.3656082172722,21.177775457035743,75.25316421026895,Red,Kharif,6.198633903903229
Corn,Maharashtra,433.00616631977937,1359.745262131842,26.380996886812568,62.54932513241719,Alluvial,Kharif,4.912411926144123
Wheat,Uttar Pradesh,81.68802901600411,1324.197589777353,16.980670541646596,45.03764219797881,Red,Rabi,1.9515230171833051
Potato,Punjab,45.954733631004,1132.6359755800092,27.860143098648273,75.37614094890213,Black,Kharif,12.6219062358333
Wheat,Maharashtra,244.84630756460535,1198.7162267817685,26.564019162473652,41.55874545559606,Alluvial,Rabi,3.179429926143026
Cotton,Uttar Pradesh,154.6976580828755,868.552296100777,18.322039135566783,83.5098345246121,Red,Rabi,1.2663538972610098
Rice,Punjab,283.8871404195078,1182.8315774919154,25.167522901715728,46.932626455665186,Red,Summer,3.188740472464939
Wheat,Karnataka,402.8834207893202,635.8450396534131,22.684406997990955,46.36559393733625,Sandy,Kharif,1.524832060621913
Rice,Karnataka,72.88850163560787,1668.7964755126404,27.002110132019354,48.78361489842923,Alluvial,Kharif,2.909134292002405
Potato,Karnataka,292.44604685437105,615.8208229878032,28.470049714862384,88.01331792460333,Sandy,Kharif,5.177053663389195
Rice,Karnataka,255.22683639298265,444.4426928120929,15.195398307965819,74.65846801269231,Sandy,Rabi,1.0956848606477503
Wheat,Haryana,76.31899907653379,1041.6182448071677,32.503137607839776,80.06857677318183,Sandy,Kharif,1.6184947334218658
Cotton,Maharashtra,313.87925033684627,1419.1226471603052,31.39932871282004,59.88174928663765,Laterite,Summer,1.0169465990271083
Potato,Maharashtra,140.45200684108195,1044.1186023870205,23.424586882750013,56.81563637524778,Sandy,Summer,5.329874641433073
Wheat,Haryana,246.47798767928617,770.4820243172246,16.21752651808282,51.7242003391585,Black,Kharif,2.54406418410391
Potato,Uttar Pradesh,45.72480051714563,1248.8910126137494,32.363448415056155,64.03240141562046,Red,Rabi,7.518641495012323
Corn,Uttar Pradesh,232.4941083207434,889.9039702007399,36.96902869099705,67.59143667670843,Laterite,Summer,2.8480539399735947
Rice,Karnataka,156.69941668119606,1885.8750732152762,20.523486708506326,71.58874218263777,Sandy,Summer,1.1130557849915903
Corn,Punjab,412.0786995367504,1868.4967373260724,22.44106611595187,52.855925199934724,Red,Rabi,2.093490389199471
Wheat,Uttar Pradesh,33.2044698636973,1154.0320939525623,19.227696458081745,87.43270404514953,Alluvial,Summer,2.6942220024251666
Cotton,Punjab,212.2106010845733,857.4027898310395,28.269530836931313,48.487924910356796,Alluvial,Rabi,1.896838922158199
Potato,Maharashtra,231.92355494506182,1553.1251037262864,18.561352076891463,88.2826587383206,Red,Summer,5.5154468566601516
Rice,Punjab,363.87800776806375,362.4120039212133,23.19246069961173,40.74280612537519,Black,Rabi,2.9319871466585563
Potato,Maharashtra,289.27234966965443,1107.107310274207,31.03129932048805,64.05628459084228,Red,Summer,9.3830075555285
Wheat,Haryana,335.2701069111196,871.749770259567,27.882667609215012,56.66839190582814,Red,Kharif,2.529680568367361
Potato,Haryana,389.6393963976193,1864.911004674343,23.888638979542513,62.456170696512544,Laterite,Summer,4.500702376121304
Rice,Karnataka,431.7904719608034,320.40514636356033,24.665740841573463,68.53322894903945,Alluvial,Summer,2.5376231751168445
Wheat,Uttar Pradesh,160.3683708776229,1239.7852887211934,27.92855030033428,61.77945790063545,Alluvial,Kharif,2.834041870532354
Potato,Karnataka,271.32123915513193,1559.1280878132643,15.13488874140471,60.74234251507975,Sandy,Kharif,3.4552106640006244
Cotton,Maharashtra,420.85349882740394,1124.53057879087,16.80572697443303,76.63617077066533,Red,Kharif,1.4747144754923884
Wheat,Karnataka,494.7783098277029,445.1851512766268,35.268935558549266,74.29381375432322,Red,Kharif,1.9679974457672684
Wheat,Punjab,445.31205896666273,1953.1843630474339,16.79121674909969,81.66356410179239,Black,Rabi,1.478339159084886
Cotton,Maharashtra,188.87629499906652,1180.6177333393666,31.256482712841617,52.49794906197478,Alluvial,Rabi,1.833356250910763
Corn,Haryana,101.60742602323195,1344.1166153423194,36.16087777450821,70.47642548770318,Black,Summer,2.7017146957778255
Rice,Uttar Pradesh,247.24930601626141,702.2366306027625,21.225722898939814,69.2597392696427,Laterite,Summer,2.4135184784189403
Corn,Maharashtra,372.1125186588409,1121.9467446815665,23.52130305236883,58.48689054363444,Sandy,Summer,2.4184023276389572
Potato,Maharashtra,248.8216900228823,1029.5541363291472,28.085192334428477,64.30287709513405,Black,Rabi,11.486273796306314
Cotton,Punjab,244.1745273402659,427.32293140337237,35.27930630168745,55.68910716528644,Alluvial,Summer,1.2926260791578086
Corn,Uttar Pradesh,419.9240584354913,480.47260103069425,36.66382850698966,47.09221988084926,Laterite,Summer,2.142384466963201
Wheat,Haryana,183.89487063825723,1723.7032833519168,32.009954706559164,50.690060533136645,Red,Rabi,1.4978259565134728
Potato,Maharashtra,430.59836403176456,707.6939187512035,16.992254499657964,45.275682320060056,Laterite,Summer,5.899824015459244
Potato,Maharashtra,206.36837647110315,631.429061547672,30.390545577301566,74.15347875950621,Black,Rabi,8.111851744618463
Corn,Punjab,167.47538731077802,1158.3494671252367,24.43698560307123,73.03636965545758,Alluvial,Rabi,5.690959142330722
Corn,Karnataka,229.725006043851,1606.870123316272,25.826122988294415,87.53031857899364,Black,Kharif,3.1168667579683675
Cotton,Haryana,382.41124454405985,405.30908158427945,16.130412977939073,76.48392068236205,Red,Kharif,0.9808109973468515
Rice,Uttar Pradesh,67.37100379267717,1280.573463385035,19.394429204966237,42.60229193780657,Red,Rabi,2.0683214859259484
Corn,Maharashtra,102.2275118566486,502.6577528289747,33.1818129732739,84.21225869644772,Alluvial,Rabi,3.3741599433723235
Corn,Maharashtra,475.9651887032305,361.9837864035514,25.441053160100775,83.13375814728629,Sandy,Kharif,1.9233317738547249
Wheat,Haryana,91.8683555537719,389.66471867576956,21.938231557516424,62.166016038634936,Laterite,Summer,1.751679584960485
Potato,Karnataka,286.025022375872,1718.0789839543502,23.832438701194036,69.29315252639609,Laterite,Summer,5.717277030149347
Rice,Maharashtra,291.7606609976592,500.5532221677047,34.651188806490644,88.80391662362595,Red,Summer,2.0195181355945064
Wheat,Haryana,247.36410871487118,376.7573195008963,32.22697740031401,66.61521819240832,Black,Rabi,1.9968984166889616
Cotton,Punjab,324.1488980455252,1044.4298081429508,21.263254135164903,85.26609141880448,Black,Kharif,1.6440410060235986
Cotton,Karnataka,118.76422926982112,1734.7889023014422,17.702542324884586,44.15193789050932,Sandy,Summer,0.6703009883653281
Corn,Uttar Pradesh,278.56782254949036,746.0942400318133,20.79595909781365,49.55259343543414,Black,Kharif,3.6890452177888435
Corn,Maharashtra,189.2257613472141,1016.9114497940578,36.17739837425887,62.03774717206589,Laterite,Kharif,2.8298601150789806
Cotton,Haryana,332.5252935164486,367.8683053583771,28.376543270544374,69.23784041686524,Black,Rabi,1.6221881850921465
Corn,Punjab,74.90565396970898,1063.4334740292888,27.270044801130005,80.81139259314001,Sandy,Summer,2.7490723072004823
Rice,Uttar Pradesh,287.5843213355407,1281.942237083127,28.717052792926616,89.41310575715934,Laterite,Kharif,2.435034820138661
Corn,Haryana,96.70882591474523,1270.5419913786461,23.41865011216985,59.442574823705826,Black,Rabi,4.187274048910748
Potato,Haryana,142.928316241943,865.1253766964207,33.563461467348795,42.37078180700425,Laterite,Rabi,6.579104600542515
Corn,Uttar Pradesh,113.2613511601737,836.4064071273303,27.035583733905746,80.05857516476624,Red,Rabi,3.1391014193794615
Wheat,Punjab,95.50470103506447,481.2601521922164,17.685201763682297,70.21903595414041,Red,Summer,1.8964961521462318
Rice,Punjab,413.7269210225302,923.5571450986563,17.968497871068447,49.92714294341008,Red,Summer,2.3775886854497195
Wheat,Karnataka,146.42524599214073,469.14093708403993,27.34776036956022,64.741422831071,Black,Rabi,2.5240436458812794
Wheat,Maharashtra,463.9262720229024,1603.2131060104878,36.5411150156293,77.11551227668622,Sandy,Summer,1.014615558495893
Potato,Uttar Pradesh,485.11363004586946,1942.666306171916,22.09209879855257,78.52058935343219,Laterite,Summer,3.922833618051366
Rice,Uttar Pradesh,287.77393261886317,1949.1265763334018,34.99944688376202,64.9809205999381,Alluvial,Kharif,2.099933706495568
Rice,Uttar Pradesh,75.78555571953457,1770.6208689381695,32.57419849131422,55.26072650644296,Red,Rabi,1.8523328484549122
Rice,Punjab,190.40138047289273,1321.3466538773525,20.699686186858855,88.68712910192468,Red,Rabi,2.314050429015859
Rice,Maharashtra,399.87747035736595,1491.4716853145958,15.835837211273576,73.16813054782465,Alluvial,Summer,2.1347189152784267
Rice,Karnataka,186.85841070504986,784.8498645567039,17.342487098274802,60.411875967314934,Alluvial,Rabi,3.1388656080325017
Potato,Haryana,48.07352305988043,1372.309714293455,31.755360478491124,54.02316121023262,Black,Rabi,6.699338856942745
Corn,Haryana,280.608530909453,1074.6042340477916,19.592403974934875,76.55514915017811,Laterite,Rabi,2.889622539303404
Wheat,Uttar Pradesh,423.3348214905372,1119.4294776207853,23.539231171624056,52.10917227968839,Red,Summer,2.849835247324351
Rice,Maharashtra,398.9835616360337,1588.2201526377685,26.539080818147774,48.58549944868441,Sandy,Summer,1.5800862826951911
Corn,Punjab,91.68595436452485,779.2612045153278,31.685767874353743,66.49169444810352,Black,Summer,4.356803686479443
Corn,Maharashtra,338.01848413417105,840.6673398806838,17.604318134959883,54.49936963220709,Black,Kharif,3.0571274505019463
Wheat,Maharashtra,114.14961040064532,1871.8910449186824,24.346427321381615,71.44525724618074,Sandy,Rabi,1.236285010696595
Potato,Punjab,113.01272960332525,395.5813012466528,26.156676910281995,45.89693374371167,Sandy,Kharif,5.116718354612554
Cotton,Uttar Pradesh,437.66552778606666,1125.5783073026787,27.43902247134541,72.74705522836608,Sandy,Summer,1.1652514432659102
Cotton,Maharashtra,128.58613160641391,1851.7613606933648,33.82229475208999,54.164826399885115,Alluvial,Kharif,1.0744885264120285
Corn,Haryana,135.30743652641553,1337.6171132908669,18.94859848599399,40.012146721725635,Red,Rabi,2.483174731456924
Wheat,Punjab,5.32342842684328,1228.8920261606245,33.58012339201231,46.34680288370882,Alluvial,Rabi,2.8650622351550457
Cotton,Karnataka,435.9811718921312,724.5651046899038,30.936203837023,86.6807688917547,Red,Summer,1.5676867609799787
Corn,Uttar Pradesh,397.3344325385217,883.568331409562,27.785028726576066,83.3677319557679,Alluvial,Summer,4.3299295659353385
Potato,Punjab,315.5278228698856,1748.482306867978,31.089141019259156,51.68045160181184,Laterite,Kharif,5.0613596351192145
Cotton,Karnataka,376.3815531497269,1250.6708240063788,24.476407995888096,78.91859522727455,Red,Summer,1.5833703895625622
Corn,Karnataka,80.26404087512344,1175.0617293865257,18.183144477266865,70.42857965869871,Black,Kharif,3.8483767715956034
Corn,Maharashtra,231.87017932084984,469.2855130180492,30.31260052610345,88.54523557249348,Red,Rabi,2.9284507701123017
Rice,Maharashtra,178.85359673764654,327.2478659737093,27.067463053769313,58.680282976702955,Red,Rabi,1.9189860051084286
Potato,Maharashtra,51.419380497223166,1938.2648207679836,29.70562041248384,74.07303062585856,Red,Rabi,5.578650722815288
Rice,Punjab,245.6345901813874,940.8764843876307,22.77397196365527,43.17678612119593,Laterite,Rabi,2.6212277143259137
Wheat,Punjab,460.7661269196045,1325.4622055691573,35.857931278816224,59.8123673408203,Alluvial,Rabi,2.2662581884747706
Rice,Uttar Pradesh,24.829263930093767,435.5156244183845,28.509506977238267,88.19088305940903,Black,Kharif,2.8421335505051033
Rice,Maharashtra,149.27315217942797,1461.2942857291791,16.964257138690098,66.94904372250602,Alluvial,Rabi,2.085497896202294
Cotton,Karnataka,107.73276342182321,1885.3634048001336,25.345491786201862,54.39397516674223,Alluvial,Kharif,1.3563902599331152
Corn,Haryana,122.88259356451968,1278.6309300956134,32.39618925910359,46.013548156430346,Sandy,Rabi,1.9846760468190232
Potato,Uttar Pradesh,454.67510318029076,514.3960480381979,33.26509491984227,75.17641700907652,Laterite,Kharif,5.017414408758585
Rice,Punjab,236.69418184597362,1288.9265967049105,26.37573221356645,72.24280217148635,Sandy,Kharif,1.8399482920348702
Potato,Uttar Pradesh,235.8182094052103,1602.790262277909,35.57919412911993,58.69693568018873,Laterite,Kharif,4.589502819333058
Rice,Uttar Pradesh,381.48494301536476,990.9081121758318,21.156374055468845,87.54706759329171,Alluvial,Summer,3.5789450901375757
Wheat,Uttar Pradesh,81.47364098243827,1795.7241715004955,24.44377003648013,41.11014064939251,Alluvial,Kharif,1.7012304927943844
Rice,Uttar Pradesh,246.19635027952515,1402.7610207075197,35.66772894308631,55.18619258159129,Laterite,Kharif,1.5628785736552775
Cotton,Haryana,217.84268098992456,1828.7231610916442,35.613904478846315,86.05347431497907,Alluvial,Rabi,1.0775217526395509
Corn,Maharashtra,300.4707918205948,1359.9590291204734,30.771393682967663,56.046771915972016,Alluvial,Kharif,3.8494805394762532
Wheat,Karnataka,499.7810631089671,523.1895524082012,34.756552583811064,52.612641692758515,Black,Kharif,2.4084940216083464
Rice,Uttar Pradesh,385.8772025706133,826.4759088788215,17.04178513999335,66.71102049656237,Sandy,Summer,1.4457365411626946
Potato,Uttar Pradesh,201.94352299362646,643.0514120291768,34.894884452778854,81.1900874960269,Sandy,Rabi,4.216261801617645
Wheat,Uttar Pradesh,414.63876087565325,1845.0050461186659,22.374257850655216,45.15733804391805,Sandy,Summer,0.9480648645355302
Wheat,Maharashtra,89.50063983967769,1592.6801143887205,19.101624785848976,87.1510354822868,Red,Summer,1.619248143335142
Rice,Punjab,20.07952472293526,1449.8772271470102,20.505506235867067,79.7536440590582,Black,Summer,2.702529384126154
Wheat,Punjab,106.20194436981517,811.6427433737568,24.613275684319404,49.062512777577595,Sandy,Kharif,1.5934675511518313
Potato,Haryana,173.50372027655854,612.8761124853629,20.777416105902745,75.60039805990813,Sandy,Summer,4.859218095715535
Wheat,Punjab,257.73747494248215,1585.96684958115,22.37305447837948,59.24793613187786,Black,Summer,2.7493569419145376
Potato,Uttar Pradesh,309.4889245678939,1106.0685079944355,18.104505179647767,60.11473390381593,Alluvial,Rabi,9.12045289560551
Rice,Uttar Pradesh,455.74983002113873,683.8422386560695,21.812065607856965,79.16450462194332,Sandy,Rabi,1.7132303440345287
Corn,Uttar Pradesh,257.37773472747654,1348.2573628809675,28.162527734466025,88.13924039903661,Alluvial,Rabi,4.34287698380886
Wheat,Haryana,253.13144408973605,368.5675486353683,25.16263528609447,46.3327936423597,Sandy,Rabi,1.4063548999417206
Corn,Uttar Pradesh,29.870289862376154,854.4894320180309,22.974531508425958,61.03151184394097,Laterite,Summer,3.0630910474373563
Potato,Punjab,22.281218564830787,1096.5468908049288,32.16839896371362,64.04708040421518,Red,Rabi,7.7815592203066615
Wheat,Maharashtra,277.82418114860417,551.52916798599,35.55072934204631,58.81559084774988,Sandy,Kharif,1.0507975677335861
Cotton,Maharashtra,221.89841355793052,1973.9126119044272,32.40615212675513,58.15945618581125,Laterite,Summer,0.7532664778772121
Corn,Karnataka,420.3942955152478,655.4655198023443,22.63601614870662,42.613433378079826,Black,Rabi,3.254649333221099
Wheat,Punjab,84.53639443236337,521.6003210735514,32.12216986026374,74.27693102813117,Laterite,Summer,1.9289478719104594
Corn,Uttar Pradesh,17.36097274793955,646.0092856077239,18.49554419690318,61.81072085600227,Black,Rabi,3.385169953042673
Wheat,Maharashtra,227.2741901254123,1607.4039263715313,17.99731372609969,49.73969013219634,Sandy,Summer,1.0613126671714435
Rice,Punjab,122.55188559236746,1023.3596207621327,22.949421851831655,80.80167511510342,Black,Rabi,3.183175640862058
Corn,Maharashtra,29.559114802724537,1261.2070975793144,33.577154488013306,80.12803740758139,Laterite,Kharif,2.7918033505533706
Cotton,Uttar Pradesh,363.67615198957634,335.7155668768133,20.66600968657294,64.31958140444469,Red,Rabi,1.1753667308194828
Cotton,Maharashtra,60.2385349788375,358.53322457463474,16.45482840466963,54.92253305738802,Alluvial,Summer,1.1494299211786558
Potato,Karnataka,306.118152503847,1057.9034347059273,18.029319309746167,71.90463628982262,Alluvial,Summer,9.414740923004969
Wheat,Karnataka,144.11962633261012,1688.31391344276,34.751134276180345,54.407606788870154,Red,Kharif,1.532375171461135
Corn,Maharashtra,90.8805449257359,1804.9060938028608,29.577015549187614,51.8003965161856,Alluvial,Summer,3.159832435866838
Potato,Punjab,192.97700384506214,447.40116491258834,20.823626757509462,76.52573270131633,Sandy,Kharif,3.9112622751570068
Corn,Punjab,401.71565923036206,1215.2172735717386,27.77180398254817,42.01626198604754,Sandy,Summer,2.5754434364275554
Wheat,Punjab,199.0863205677635,1852.4904666747598,27.134331315783058,44.738423551729696,Laterite,Summer,1.770829131148405
Cotton,Maharashtra,376.6309763594726,959.5536824764068,30.075027504135207,40.33940870117949,Laterite,Kharif,1.4949201665645087
Rice,Punjab,67.11571691557958,1710.2619134282265,20.363313751697177,47.647159323771305,Black,Summer,2.1466254203696016
Cotton,Uttar Pradesh,387.5218527342142,527.2826124790415,34.88126870547114,43.44950043552297,Laterite,Summer,1.0242558214262503
Potato,Karnataka,122.28199582879108,1890.1706324352579,22.115476927840295,89.79011838899592,Sandy,Kharif,3.675407188033661
Rice,Uttar Pradesh,340.30959929499204,1577.4196398032145,30.96502804145345,54.44049849770448,Laterite,Rabi,1.953036860422132
Potato,Punjab,285.0618696462932,1900.2684677377329,15.370866866560942,47.46340063346236,Alluvial,Kharif,5.520462141974251
Wheat,Uttar Pradesh,464.92663501978524,1450.249297039261,23.571113987565386,52.049812899795896,Black,Summer,2.7112107427121237
Rice,Punjab,196.72464639778045,917.786684399026,23.08932581305259,86.80627857700674,Black,Rabi,3.2563020785151076
Potato,Maharashtra,37.751768473048024,1894.907993292028,27.500141857409332,66.00801115121979,Sandy,Rabi,3.8521479684782034
Wheat,Uttar Pradesh,14.481965347870188,768.4635197256034,16.67293402087552,58.240904815392845,Laterite,Rabi,1.4765906256427384
Cotton,Maharashtra,414.2949876815128,864.6932875049453,33.17302159570049,83.66957289546096,Alluvial,Kharif,1.7677127236916732
Wheat,Maharashtra,264.7441406424089,1491.3743106029585,20.008958440654077,59.749513527451626,Laterite,Rabi,1.8038589058037595
Corn,Haryana,388.7458056582999,1601.0377091931566,30.571869742286236,56.75042849788479,Red,Rabi,2.804651010426727
Wheat,Punjab,121.04067200569978,1879.9859225435616,33.47387883461414,50.36412612748678,Laterite,Rabi,1.1873942953337704
Wheat,Karnataka,175.8164540290507,648.1640953955562,27.9231699935548,58.889841195470574,Sandy,Summer,1.8376603925860953
Corn,Punjab,19.901416744602876,1656.5966598726807,32.04031375460566,55.834217800846304,Laterite,Kharif,1.836524560294195
Potato,Karnataka,480.9387006641855,1555.5282907748378,30.222787180945126,73.86519796490705,Black,Kharif,8.049031481914046
Potato,Punjab,335.59461381690267,408.4507456311164,23.177185334496173,54.479135233536354,Alluvial,Summer,8.83499806743875
Wheat,Maharashtra,466.93651844085656,958.2793400573519,33.603746397772,68.85998732112807,Sandy,Rabi,1.1464411506465453
Corn,Uttar Pradesh,136.4207216773908,780.7012770021677,21.778131507367142,43.29460825159863,Red,Summer,3.0857490334152398
Corn,Uttar Pradesh,307.6744875567021,817.6337214018516,28.137897108284896,49.56445783482572,Alluvial,Summer,4.231841139347492
Cotton,Haryana,340.8574843048557,1971.0096952429915,32.14414800025541,60.37026358056744,Alluvial,Rabi,0.9574442054770808
Potato,Karnataka,162.18710162750628,1392.7216029158774,23.715985925687676,86.84746269543477,Black,Rabi,8.880037949220087
Rice,Karnataka,424.8140713327369,1520.0494682489493,21.963654975200775,58.86259928578477,Black,Kharif,2.180975440418846
Potato,Karnataka,473.84492413562265,1960.2499834355156,25.56495823397492,73.2037060599917,Black,Rabi,5.7014974931607405
Potato,Maharashtra,443.00328325952216,941.2430301779858,33.81316037003053,52.754361121069905,Sandy,Summer,4.456075573356543
Cotton,Karnataka,370.8381530899894,1663.12828636977,36.38820055235029,46.35167879866159,Laterite,Summer,0.828612709980272
Rice,Uttar Pradesh,142.34501646385223,1038.7026376176423,27.536918495777474,42.926830004002504,Alluvial,Rabi,4.399114112505914
Cotton,Maharashtra,144.39994084228772,1778.2072420854656,30.213722722443993,55.27067492713757,Laterite,Kharif,0.8675730217963756
Rice,Punjab,481.86335862078874,607.1178202292153,35.77529331149503,47.883051339845395,Laterite,Summer,2.0693295751560514
Wheat,Karnataka,10.090825488167553,1911.0665010092753,17.266577582497675,48.70052240080621,Black,Rabi,1.4292040703083877
Rice,Karnataka,359.44473675486154,671.9119042984955,20.337807290921795,78.0379654193475,Laterite,Kharif,2.0853461637827424
Cotton,Punjab,354.59185046485476,854.5748618675835,31.304700143786395,40.79190354724371,Alluvial,Kharif,1.806057495879027
Potato,Karnataka,313.23132277014975,1585.526797981527,33.94612262398289,67.89050628677172,Alluvial,Summer,6.072491501250843
Rice,Punjab,495.1038788129986,969.3837406611914,34.71166765160329,58.97306902967324,Red,Summer,2.643634499563596
Rice,Maharashtra,159.380320703044,1333.9593405029593,24.54746506766345,65.32749999542736,Sandy,Kharif,1.7108266631807307
Corn,Uttar Pradesh,173.28607257765785,1055.7749518180285,17.054817752712935,68.14151186073015,Laterite,Kharif,3.079120285430797
Potato,Punjab,44.075004458544996,1562.0288930526292,25.068973977891257,55.668384722863905,Sandy,Kharif,4.927147593118412
Wheat,Haryana,224.18507758915004,688.1631290266384,20.306895574762237,54.75544300921426,Sandy,Rabi,1.3139245613912884
Cotton,Punjab,134.2190204862498,399.3785783026909,21.697518464922354,76.67009246674529,Sandy,Summer,0.7386421255134016
Wheat,Karnataka,174.9764175779339,809.8799757042126,32.762153807262635,83.56384940605786,Sandy,Kharif,1.6474295985618344
Potato,Maharashtra,418.1130361765357,1106.3247302763316,16.737122978595398,49.62908162292639,Alluvial,Summer,9.993784854171059
Rice,Maharashtra,468.0648341961104,585.6340887275535,34.03436800205615,44.88093802675745,Laterite,Summer,2.2873139729000167
Rice,Punjab,96.93787064256689,903.1553924158608,24.836388973955888,84.8897903196013,Red,Summer,2.7980522007020543
Potato,Uttar Pradesh,189.3919211189656,979.9711310990665,28.70947041531369,57.49477318236993,Sandy,Kharif,7.020529998908861
Rice,Haryana,464.67212824712004,397.56613427006505,17.062001318420617,67.5658695331407,Red,Rabi,1.6974982087340744
Rice,Maharashtra,35.5951880411652,1291.6223219131477,22.75925880221743,57.97715722600017,Alluvial,Kharif,3.5028634992556453
Rice,Karnataka,50.71846141513237,1803.3838275511887,17.063121137341454,46.29011681730257,Alluvial,Summer,1.9106903689383052
Cotton,Karnataka,85.58153965708354,557.962952020189,37.11550562626552,69.4665822473864,Black,Kharif,1.262188403943496
Cotton,Uttar Pradesh,299.630352892803,1316.273622782574,33.56701793450376,66.25704258848148,Sandy,Kharif,0.8622437818603453
Corn,Maharashtra,79.48377414796875,1430.0566483484386,25.571553350198585,50.14967795955986,Black,Summer,3.969133357889703
Wheat,Punjab,484.19780881811306,1012.8689567127902,20.142858611444435,62.59345223261389,Red,Summer,2.4227517766109274
Potato,Karnataka,226.12369099296757,1491.865898519259,36.4694674207466,79.8473752007823,Laterite,Kharif,3.8921485049998528
Potato,Uttar Pradesh,253.25139037333236,998.2436239347205,22.92572170172035,69.52130515539457,Black,Kharif,11.019309767311011
Potato,Maharashtra,127.09601482367621,1157.8833895616394,18.70264192880962,44.84586635334974,Alluvial,Kharif,11.30407284592443
Corn,Maharashtra,238.1253249551931,312.50017574252587,27.952780934440963,67.40107486145675,Sandy,Kharif,1.714989993510122
Cotton,Maharashtra,332.6472481553207,1475.924194028971,36.70680476793077,75.13691496447935,Red,Rabi,1.1944684264078846
Corn,Maharashtra,376.83268279225115,1424.2825542060316,15.08809668150742,79.63517028903757,Alluvial,Kharif,2.951567528227758
Potato,Maharashtra,378.1647009414069,365.28149145478574,20.47687139484197,71.45587893171334,Laterite,Rabi,4.333562589045453
Wheat,Karnataka,291.0561007835737,926.0251825717262,36.584295729439376,47.63290822703919,Sandy,Summer,1.3660993547474949
Rice,Uttar Pradesh,452.65808862195934,1964.3541293458345,18.934977237714726,75.50866332950804,Laterite,Rabi,1.1709900487516145
Cotton,Maharashtra,409.61688441652416,1015.2521563666486,17.604599387715858,73.86709230407581,Laterite,Summer,1.186963468826889
Cotton,Haryana,379.7388167758196,1153.3071887241308,28.114305963395502,41.22134414703166,Sandy,Rabi,0.9494725201042591
Corn,Haryana,32.52473323182801,1846.8812688715216,34.82240793578109,60.58738337951216,Sandy,Summer,1.2511750200448877
Cotton,Uttar Pradesh,8.40459129872641,1519.3451889717858,25.973525806960303,56.64751234811867,Laterite,Kharif,1.1162414228205555
Potato,Punjab,110.16140221175911,1289.51922291118,37.87497790374407,73.47060321268216,Red,Rabi,7.117069257440293
Potato,Punjab,333.44417898715886,1656.2679582798232,30.620949089373838,50.806790615546035,Sandy,Rabi,3.625392090151546
Corn,Punjab,208.5427569968602,1769.4226529751545,16.703722865840298,69.54359614871292,Alluvial,Summer,2.527923232860154
Potato,Haryana,204.1910983531593,1076.7097219533537,37.83513902868543,85.66029809070861,Black,Summer,9.033448792357225
Wheat,Punjab,442.8705096736588,1107.6842203841202,24.38156744594438,79.89011861043039,Red,Rabi,2.786785297796822
Corn,Karnataka,448.3036098252602,956.2865906081208,21.610258278446096,86.07288681082652,Sandy,Summer,2.2020463740512444
Wheat,Maharashtra,455.04175570652495,1943.400438031383,27.83122122229137,88.92529834663449,Sandy,Kharif,1.0310506827979562
Rice,Haryana,160.36964787493852,1485.1826322935956,21.99907461187988,40.53350635030814,Red,Rabi,2.315679805980471
Wheat,Uttar Pradesh,347.0726273059346,441.4792125537229,16.988522663763504,71.13706381887388,Black,Kharif,1.6133220981098222
Rice,Uttar Pradesh,139.45842473081296,1767.0313596321314,15.032851890821064,60.64196988794532,Laterite,Rabi,1.2536615689185533
Rice,Maharashtra,99.35186737185265,1116.9518994216558,25.340417117166034,82.99272451675608,Alluvial,Kharif,4.047807271356674
Wheat,Haryana,96.39306638694777,416.8816409182287,34.24785871121162,52.590735100456584,Sandy,Rabi,1.1407110146348407
Corn,Punjab,174.34327232747904,1234.5193337776286,28.16324926949176,89.0514744557538,Black,Summer,4.273182088728481
Potato,Punjab,217.82902179101174,1009.1792742586936,37.98176787569914,70.68539847718736,Alluvial,Rabi,10.175230585360893
Potato,Karnataka,416.31983967225887,1792.1739882664622,21.597472849885598,79.67687011144154,Red,Kharif,6.31351188444947
Rice,Karnataka,64.3460912689925,646.7908261359585,21.450466489481272,44.279977641138416,Sandy,Rabi,1.500600498235784
Rice,Punjab,368.7882944604726,1704.989836136711,18.674237585380716,49.172894237943254,Laterite,Kharif,1.5968237812957133
Corn,Uttar Pradesh,268.07018252370614,1248.0707750152696,18.77346253010271,77.92018365171016,Red,Kharif,3.1847450014165726
Cotton,Uttar Pradesh,147.53294462461628,392.8375154628974,21.5592917082311,41.09932610196618,Sandy,Kharif,0.59216467540667
Wheat,Karnataka,248.9456943437482,1952.137012253324,33.23532104129112,80.84389929468914,Black,Summer,1.623471199427566
Rice,Maharashtra,153.4713245396262,1171.4459149754398,35.8324061846383,40.69745093459557,Alluvial,Rabi,2.6670867331128045
Potato,Punjab,300.06056784296146,794.4906521936903,37.42700490327667,72.85594195306366,Alluvial,Kharif,10.912554302668852
Corn,Karnataka,219.7527418133459,1097.991631381739,20.34266204421841,58.2546960115903,Sandy,Summer,2.2520958102426696
Wheat,Karnataka,86.38073689404497,1758.3582319797313,35.269843549124104,70.57474263595995,Red,Kharif,1.4962299114476174
Corn,Punjab,62.708621905069876,818.335311454608,22.54986705337875,74.80157034945569,Laterite,Rabi,2.3639306908301836
Wheat,Punjab,275.6143626257044,627.5498740273906,17.59533252388834,57.123760959315206,Black,Summer,2.112972062423459
Wheat,Uttar Pradesh,451.6944514766212,519.4211197824984,35.010573286963805,45.39812240554178,Sandy,Kharif,1.1255432003233232
Rice,Maharashtra,175.25905484605434,806.3609772633591,29.630429596803225,43.48229338741328,Black,Kharif,4.095456076068871
Corn,Maharashtra,367.8350530751985,1626.0817479680738,18.78881060986442,69.44680112812739,Alluvial,Kharif,3.163052029720767
Corn,Punjab,331.0373706951846,1101.764820831945,24.886118922799056,66.03276768670557,Laterite,Rabi,2.7013252438533564
Potato,Haryana,466.1196825831931,686.718726279018,21.606926982172556,77.11005045605663,Black,Summer,9.45337657805034
Potato,Karnataka,411.3856035630747,582.5144993365736,31.94627508033453,65.48677550019686,Sandy,Summer,3.977096862058504
Rice,Karnataka,285.46960315820417,865.6401100676445,25.428573304358167,61.12228950154396,Laterite,Summer,2.2504711696140265
Rice,Punjab,330.2300966258831,1897.871433905705,37.75343873744686,59.90435891181154,Red,Kharif,1.421508123385835
Cotton,Haryana,449.70130095909724,883.1454114030414,16.25913459197069,41.322345129883374,Sandy,Summer,0.8880423563204196
Potato,Uttar Pradesh,202.76179837053272,1979.8109291228802,23.165351121133675,56.77786008483285,Black,Kharif,5.9690951843891
Wheat,Punjab,166.76337939959978,1124.8917748011054,26.08370384352948,88.8010078762247,Laterite,Rabi,2.829479778679582
Corn,Punjab,10.351486399422189,604.5786610932564,26.572071759211354,83.67777881135444,Sandy,Summer,2.2220308642447697
Rice,Karnataka,414.1427817247748,1814.938156048966,22.266523914869644,56.468903351710885,Laterite,Kharif,1.5938957545785288
Corn,Punjab,401.4854466996656,1082.6041343292059,31.772525729244066,69.3897702533186,Laterite,Summer,2.6699164257990304
Corn,Punjab,56.70498645957493,1506.4412839576914,35.11918269024642,82.3648372767747,Laterite,Summer,2.3264763718961423
Cotton,Punjab,290.5444036606866,1972.3096914555579,36.59054394549085,62.063716837503435,Black,Rabi,0.7174885227234861
Potato,Karnataka,234.67094059260927,385.2980955439558,33.51714766638911,40.89789318750755,Sandy,Summer,4.704324518018454
Rice,Uttar Pradesh,63.76100227701017,464.3807516388641,34.56334453805179,43.725523090932,Alluvial,Rabi,2.9045177162307323
Corn,Uttar Pradesh,490.38127239505815,1524.7764604866854,27.662541914259897,65.51963606743533,Alluvial,Summer,5.009928906229765
Rice,Punjab,111.27446429436094,779.1025056023025,33.995429207816734,88.47196878379393,Black,Summer,3.1455492448447298
Wheat,Karnataka,38.28091914482777,613.3123748151684,21.9805899104029,74.66047711094339,Black,Summer,2.7539807227812965
Cotton,Uttar Pradesh,299.4494528534452,366.9151956935401,24.165011528511933,43.54580957192847,Laterite,Summer,0.987867008739547
Wheat,Uttar Pradesh,370.73900518085117,337.1394103765431,22.28899931782652,49.46804378959314,Sandy,Summer,1.1451884761201776
Rice,Uttar Pradesh,21.05950579335755,1616.6255253036445,25.749908715302283,78.5661571608425,Sandy,Summer,1.3491230727247774
Rice,Karnataka,331.065231169876,528.536826528235,21.568331173488637,82.07198799781224,Red,Rabi,1.9064288353879242
Potato,Karnataka,268.48447859596996,1095.1250471509566,37.11706317185228,70.88472930942955,Red,Rabi,7.340870674847757
Corn,Punjab,56.11617939314897,1330.0245858051212,22.19542644413037,72.22115848149083,Alluvial,Kharif,3.947833635532681
Corn,Maharashtra,90.39931908844922,1028.1980609670386,17.255024376551617,41.41687251916923,Red,Summer,2.695173162757564
Wheat,Uttar Pradesh,286.14727717145985,346.0813089715963,27.11679481915951,81.42651297907543,Red,Rabi,1.786484059258818
Cotton,Maharashtra,151.69701868907774,1631.952554399445,16.313278804239058,79.41376040854149,Alluvial,Summer,1.2069650161440977
Corn,Karnataka,469.46628568240146,317.8724817208109,17.54249282509735,52.951757205167354,Alluvial,Summer,2.4199542685318214
Potato,Karnataka,410.2764135946051,1595.212820441723,20.045955951513665,75.43383599827536,Red,Rabi,6.0848936607788096
Wheat,Karnataka,491.8657672242632,1818.6176394398085,25.68005574728926,50.74273032124991,Sandy,Summer,0.9955388564256521
Wheat,Maharashtra,133.53706528045493,1035.8278657971928,24.964771443107644,42.01650805257565,Red,Rabi,2.796198951403146
Potato,Karnataka,485.01319823499864,1210.422204266257,33.3929128260642,50.056827129518865,Laterite,Rabi,5.9874555389240305
Cotton,Punjab,218.46076554682114,1110.8717674500112,32.00791703933461,48.93144383771497,Laterite,Kharif,1.1705108858353988
Potato,Karnataka,177.02180368030855,961.654651659846,24.80532076178613,56.88739983674236,Laterite,Kharif,6.372275035863844
Cotton,Haryana,29.923015849829856,1808.6217101296124,22.675196774239488,60.9224748587729,Black,Kharif,1.1500892332435522
Potato,Maharashtra,31.118802640503297,1819.6869681389837,22.278782033414466,65.4269445748854,Laterite,Kharif,5.365657436873674
Potato,Haryana,347.54557169359407,870.8878198906087,32.801887007762204,63.83769377541641,Sandy,Summer,6.152715451177562
Rice,Karnataka,231.6748522448438,1345.6185818249867,16.197665343089206,53.533730298264466,Black,Summer,2.5713936753062603
Wheat,Punjab,117.12820488787233,1875.742855647969,15.294897938743935,41.458533428703724,Black,Kharif,1.137089783355985
Potato,Uttar Pradesh,308.91530163099014,1935.4994482002976,33.297521014312906,70.25508111185754,Laterite,Rabi,4.376679757624448
Potato,Karnataka,130.16476853380505,1165.2303687174808,25.974366647748134,59.78724149236772,Red,Rabi,9.254591835860763
Corn,Punjab,290.9277184004892,1069.8021689833554,18.010266186732245,54.93360786937748,Alluvial,Rabi,3.876038008586028
Wheat,Maharashtra,182.80832975643173,773.7803370784939,20.418016495673527,83.34705214152561,Red,Rabi,2.4289576832936293
Corn,Haryana,412.6583521728504,1930.082184423697,36.447590921239794,77.337165389908,Red,Summer,1.7567060923697337
Wheat,Haryana,411.24459957955577,542.7843176038746,34.76856843937266,82.88827741862211,Black,Rabi,2.6580203104436273
Corn,Haryana,241.28844707058866,1285.7102792811324,31.32505615515137,64.74913973562305,Black,Rabi,3.252193155581341
Potato,Maharashtra,178.65545912083272,780.3354547816862,26.091180297758513,46.546562606338874,Black,Kharif,9.336490150079255
Potato,Punjab,184.4670992967518,774.3140935912543,26.96744340240187,74.81107180606362,Sandy,Rabi,5.289968143437022
Rice,Maharashtra,403.8286902057678,988.4465985395204,37.43062431153105,50.30368899685876,Sandy,Summer,1.606535999535852
Corn,Haryana,167.44884398481793,1997.9479908866126,37.2127202093386,62.06148345458584,Alluvial,Rabi,2.334746983411654
Cotton,Karnataka,108.48438998488878,393.4427216276975,19.95118805307419,43.25003944744442,Black,Rabi,1.1839391050374126
Rice,Uttar Pradesh,46.920729228276876,1283.5210909460034,33.65540502502232,81.26542012114912,Laterite,Summer,2.0170710252351776
Corn,Maharashtra,236.01309483778215,440.37266865997117,19.536581321841386,46.29703205237503,Black,Kharif,3.0207642839031457
Corn,Maharashtra,243.65538896532172,562.6854109838823,19.91136199133088,85.15487535246548,Sandy,Summer,1.882118112101728
Rice,Punjab,421.24981164943904,1047.2570010139277,30.550139785785266,83.21153011307786,Black,Kharif,2.8491555979136662
Potato,Punjab,114.51315474080167,1167.7822232889503,24.31502526751361,63.2291382219623,Sandy,Rabi,6.368431404706418
Corn,Maharashtra,193.59068046585796,739.9470942196908,36.42552136344996,77.21841021519953,Black,Kharif,3.0759521003626062
Potato,Haryana,405.160840752377,837.9771224865075,17.047223902608202,70.97225369090766,Laterite,Kharif,6.149301555817406
Rice,Uttar Pradesh,412.6936873207419,447.8439344350862,26.76508973861834,80.15378211688724,Alluvial,Kharif,3.6978247915399716
Potato,Punjab,195.38248260949027,815.4736325352259,36.12599520019179,61.5902550392956,Laterite,Rabi,6.169247425065704
Wheat,Haryana,232.26639152690703,1943.1493469469249,35.794614191028614,79.2904242122175,Sandy,Kharif,0.6807306272526571
Cotton,Karnataka,155.12651597039505,1906.0025488432188,18.600171908562046,63.1228408532574,Red,Kharif,0.6631906971267245
Corn,Punjab,466.61466481755946,869.2930932328745,23.4326671022185,87.0482893921397,Laterite,Rabi,3.055728211596019
Cotton,Haryana,63.72866404208225,1270.4516916738946,29.239792201074014,64.31860504125737,Black,Summer,1.7359218482895955
Potato,Haryana,467.20596438572767,1846.3121648886054,18.66608234974225,63.13096359668648,Alluvial,Summer,6.201570261755593
Corn,Uttar Pradesh,343.5138936584949,310.5124984895243,37.26450995705199,79.25359307817564,Black,Summer,2.3144344966495276
Potato,Uttar Pradesh,268.1282155799319,1678.1620695739061,36.03923456073619,81.07888458804189,Black,Rabi,7.1165017167262885
Wheat,Karnataka,21.166235088325458,1912.2282397411623,18.83985411779279,67.72445571605854,Laterite,Rabi,1.1284089128770165
Rice,Haryana,240.4201149518941,455.253748367047,17.786575609002664,48.98989067475377,Alluvial,Summer,2.0758352495942707
Corn,Haryana,206.83531197635247,574.4610662559658,16.964395104590103,63.38791154787897,Red,Kharif,2.5833934623416557
Wheat,Uttar Pradesh,84.80331192768567,1933.2687147113043,35.91720427284251,88.40362514548391,Black,Summer,1.7641557603755844
Wheat,Punjab,329.9227537328252,1213.8182441885888,19.4533476252956,77.64930965195926,Alluvial,Rabi,2.8697016469069667
Corn,Punjab,485.71969914730147,324.1342786019303,24.57455335652016,80.5581301939566,Red,Kharif,2.5773582102856123
Potato,Maharashtra,283.2834614769399,737.9743978979996,25.32358140999607,41.641274940962006,Black,Kharif,9.499505979872858
Wheat,Uttar Pradesh,358.80287183975315,1064.9042462570615,28.777254016912053,63.39297313170799,Alluvial,Rabi,3.5183554804683137
Cotton,Maharashtra,38.88297402017831,1477.9451487421052,16.649912906190774,72.33105668287777,Laterite,Kharif,0.9479637094762017
Wheat,Uttar Pradesh,211.7451629294124,1546.3726428325592,20.215448200211867,81.50163418140374,Black,Summer,2.4018410957647434
Potato,Karnataka,62.59745015642546,1992.2165719732754,36.4242788991353,42.46368267913857,Black,Rabi,4.979080805898385
Potato,Haryana,308.33393859057264,788.7690389523904,35.8934324671771,82.62194428209366,Alluvial,Rabi,11.096745607661322
Cotton,Karnataka,469.5486683160065,1214.974173176408,32.969684890330925,67.42004683709558,Black,Rabi,1.6869366030931028
Wheat,Uttar Pradesh,332.57997757346106,1206.6500313613285,15.446228649218956,49.865698528802994,Red,Rabi,1.6559822039345946
Potato,Haryana,43.01750891563866,989.5969410603037,22.52115567541035,55.862760822485,Black,Kharif,9.73724648524933
Corn,Punjab,180.559771467616,587.5752195321143,29.443050912886882,54.096477587578036,Sandy,Rabi,2.260730171115943
Rice,Punjab,277.5783728232215,1961.6761574125323,21.32937487078994,66.5429517144238,Red,Rabi,1.6552191487612855
Rice,Maharashtra,204.58783928595986,1750.6392173331963,35.92049398623688,42.58428399555659,Alluvial,Kharif,1.8249523856192504
Rice,Uttar Pradesh,417.6537851852103,1147.1661481002034,29.579457622146165,47.926807924996176,Red,Rabi,2.8637483591710406
Wheat,Uttar Pradesh,408.2621473314447,1325.5172185628508,16.65385449827825,80.63465216878912,Sandy,Kharif,1.1893751311864351
Cotton,Punjab,307.8563549510946,686.3437910514259,35.90712854322117,46.63019953734055,Sandy,Kharif,0.7273910721773228
Potato,Karnataka,189.8616828406891,1224.4380196659697,37.02863313805312,51.66981347290635,Black,Rabi,7.070854647983634
Corn,Haryana,131.39150501280585,1481.449226306509,16.787385623009687,62.66853028020786,Black,Summer,2.5823137043527953
Corn,Karnataka,57.40778751549901,1175.7839482572008,27.244285401810245,65.85604440566652,Laterite,Rabi,2.9524068780651103
Wheat,Karnataka,180.67435332584424,1983.4847899944002,21.977378490925922,78.18052398070793,Red,Summer,1.1197427762904248
Rice,Punjab,209.52039601782116,1339.2808156211345,24.035298759072255,62.36662133330939,Laterite,Kharif,2.497665621141953
Wheat,Punjab,339.5323479265164,930.6553114066874,19.131978012972866,79.49323105177695,Sandy,Summer,1.5549069648666443
Cotton,Punjab,330.78911302729887,1612.6584469469249,28.29565834628549,70.91731535227288,Black,Rabi,1.4081095009183238
Cotton,Maharashtra,39.70352912242219,589.7862696887914,37.033525124724484,45.65498697119112,Black,Rabi,1.0388411496961305
Potato,Karnataka,200.6533611384231,953.6768833006531,26.570669806247007,47.81657191964193,Black,Summer,11.60097410176145
Potato,Uttar Pradesh,94.98053927259414,889.830215641896,16.907035372073068,61.851686272488536,Alluvial,Rabi,10.034581186290007
Cotton,Haryana,82.62228913181882,1034.0720616832214,29.260030669980395,59.844469654451984,Sandy,Summer,1.030995764664214
Cotton,Maharashtra,414.5145641199367,1629.0257040788347,22.82512887237891,77.17721348186473,Black,Kharif,1.1953489860415014
