N,P,K,Temperature,Humidity,Rainfall,pH,Label
102.32535894521125,42.412624430382465,41.77656807274609,27.115939451333023,81.13510846549258,2154.38857662811,5.986816302057227,Rice
85.63051021203536,44.95855053220662,45.88177234383895,23.162561001966846,90.050673367337,1857.8797550398415,6.6534020992040634,Rice
75.65378370104334,52.35469892266314,48.358005441726704,30.112081733483308,84.05162481638739,2095.118447205078,5.5608613484781095,Rice
81.14861871501743,39.35117633362098,38.18200692425587,21.92856218505831,88.32349434147383,1643.4205648864406,6.242561304033848,Rice
89.70132563592998,43.06180539108591,35.89808411578677,25.100462671272332,86.06599331758947,2179.851040762835,5.588423622451579,Rice
80.04397578776647,54.9136067815341,52.72049829227572,27.474895767108116,80.36742021466503,2303.162153451358,6.093976937255303,Rice
100.57177637169481,55.338982674900436,41.51182243843927,20.227279020449963,83.30992887008463,1795.6285773726227,5.483145039683817,Rice
75.27114146085728,44.32087875337493,37.6414177884752,27.52779144646946,82.83655340967299,1629.898221526478,5.795252638961948,Rice
92.09872842493216,41.365329270575536,27.658087292344227,24.047837508827453,86.83493040868821,2086.6090428471834,6.420077288063565,Rice
70.37490598305097,45.86339799744851,52.99006806992654,25.86162354894594,89.76438471210737,1645.0867686883744,5.874910677376466,Rice
93.14934799210522,52.824773135173785,40.351587246133235,27.853877568034996,82.34193471574065,2209.0310666712962,5.498864135874574,Rice
79.63675399747699,44.10623137533437,47.844938089949224,21.05270402196375,86.21190285823477,1982.8815420731053,5.799345615093318,Rice
75.03149641555329,47.782043170264714,44.49696944622021,28.423941518923094,86.14618809423825,2208.857753296739,5.483972559825994,Rice
71.02139774814077,53.37858100730497,52.43939128346531,30.929280540246516,90.47959411973525,1659.701596043533,5.940567883556217,Rice
81.7855272569476,46.54254861024889,35.597466151683975,28.21775395381035,89.74969483462638,2204.4320173247256,6.204766228591361,Rice
91.30866094676686,55.78171531640298,32.28724359369014,21.890777842273266,87.2431203529944,2145.176997378145,5.925558406023474,Rice
78.99491938844248,49.803953584627905,37.8532699958088,26.7025796029545,90.51262974645265,1988.5255900798047,6.544594583146385,Rice
79.06525739960557,41.3617891232316,45.41668538915956,23.331643220626443,81.65730879741037,2214.0816375411064,6.186365104452796,Rice
96.54547648392155,52.05664367405446,43.07377124139869,24.22360948185762,87.52575125201466,1888.9746471635979,5.975871053349931,Rice
90.89282817943989,57.39928970680251,44.67018032911303,26.207878466679766,82.87060891660875,2090.2978258805438,6.25436796532758,Rice
75.72589567276506,58.262321129774676,50.660001416667015,31.030305927249668,86.9687991881178,1914.2679294654993,6.140704039352284,Rice
82.23880507156765,41.57606105304296,39.489521593924806,28.060428470263,83.98676866993875,2294.787717498219,6.033827430232823,Rice
75.29146703684876,52.65351826009651,41.22737741833495,23.893309501606762,85.63501610699385,2481.996784752259,5.500190194666139,Rice
91.5431915328875,43.236647937986305,36.63112718033186,24.44449492980981,83.31365601495143,2290.1373914946407,5.632916788252758,Rice
74.58949902214586,59.4701002702788,55.759075481023544,24.119270248564195,84.23867494829534,2184.811355440501,5.665366853026692,Rice
91.32730680148505,62.127348979518416,52.496195962924524,29.814482196880576,81.1907651690917,1493.4180776674157,5.907100812235645,Rice
97.74919696185019,45.75114857194924,46.095059978120844,19.158496850082877,85.88729378264841,2325.6750532988285,6.1311701829969,Rice
93.93361377946087,50.009177268895506,45.62078035307469,19.956529198933872,82.99188956152707,1638.484785409795,5.949117846518739,Rice
88.07788502824967,40.87229908424748,33.14809394030033,26.26386746845972,88.46992385178417,1703.0189795645913,6.112715066363512,Rice
96.55536413066787,43.15501115181562,44.162212063775065,21.524585788119275,80.63382591263046,1822.2835053256651,6.631688045844743,Rice
73.29682030841127,52.286729726107495,47.177295092759636,22.484950009455176,82.64918371234533,2125.95808681187,6.324746185318281,Rice
98.91580524971755,48.128427192034756,45.73366736071144,28.66466562235875,83.98044638574572,2331.149018688579,6.451519072991102,Rice
69.32351439632458,56.375403670732645,30.962882486940053,25.614364643116865,80.67658741606957,2210.0525025652382,5.798669967172741,Rice
95.05400974308313,50.68944875141332,39.167047127820766,29.4958750465288,80.76717329754773,2064.9505460875243,5.783149694847918,Rice
76.8846355710336,49.467248184205076,37.726209661467976,21.24800029695755,86.72872655252789,1887.3034784636905,6.05101642716887,Rice
87.81413461521389,58.029563802597,47.17993352822338,21.62545120482225,85.24999034121282,1735.215696547057,5.747941568839051,Rice
75.67309528971025,49.826571687797625,37.41331908304503,27.78201339374978,80.31084670912774,2229.160182087456,6.475152945130597,Rice
85.1083559224463,38.36714668845249,40.933850363414614,25.940590162872326,87.14159392981315,2212.944387395306,6.054090626742267,Rice
81.74469170855036,47.40519847405861,47.03042062400138,26.77814081111488,82.06680292230298,2127.3775082836055,5.73482705880447,Rice
87.30027815299864,50.543302881253794,44.81265724377915,24.15465153336063,83.79824475917384,2143.536962940466,5.229460479912475,Rice
84.25441598691035,38.66692039543486,39.38727917579563,28.648201194298636,84.81611235808131,2047.0439349651735,6.433363935576759,Rice
83.67801809714057,54.77248239421172,50.70571482099064,24.444048038668125,82.77321947584848,2435.144628151762,5.854104035195816,Rice
95.00326308057353,42.9693155710265,41.96905570856052,24.282606479326045,80.52843999063015,2238.970268438831,5.674554767415788,Rice
77.34797038679916,50.74244871939083,39.43334257853112,20.82634203546065,86.9464372057501,2424.0485150491077,5.784955898157365,Rice
81.54574592750424,57.0507845231158,41.20642971342363,21.969945633851864,89.76213187022026,1667.2582741317926,5.87467456047899,Rice
79.75302337549783,53.57249596290097,37.7348522697479,24.163407577706128,87.94957247662431,1946.0529468675304,5.726531538788444,Rice
87.1708160674562,48.3441586391644,39.60734150120529,28.878842750342287,88.7959472414426,1671.6409857084464,5.486458585893851,Rice
86.37483900256805,44.65385384409544,41.621405555253524,27.53750790320766,88.80299647847325,2077.3592310743074,5.664168410127539,Rice
86.45272698278526,56.14132034554264,43.250182896785645,24.861181309684138,90.37911889528606,1616.9048303655093,6.108301000670834,Rice
98.90329378432834,51.98901647231567,49.67723623754245,28.0486236610613,85.30524600103455,1657.7206681196844,5.635180858606374,Rice
87.85577255272587,45.52283941311165,31.32029161657215,24.189048654320167,85.02696092792314,2221.6693571275027,6.163983737733077,Rice
81.26009112847018,47.96964300605463,44.21611561034021,26.471403807948988,82.04728673454751,2382.055081030964,5.847453153749009,Rice
72.58230273185768,45.39549564216773,37.36564772695382,31.293130103440312,86.32041664398493,2327.389453529241,6.066739568003525,Rice
74.38056677885756,61.28657657322395,39.118956417447976,27.278263932752957,92.59563198570962,2035.6288196950195,6.414124868304834,Rice
77.25341067111135,46.984880827944714,24.905110076762522,28.628711941807897,90.78373576676249,2298.7007834371425,6.107610203636726,Rice
87.4013903347397,59.03638313606948,41.99527948820176,25.706617758044843,84.8015640999787,2303.000631332192,5.90540018577393,Rice
91.60471786091048,61.35732783204004,47.961946806864226,23.035826548739124,80.88800716240908,2291.080171138968,5.751274018226976,Rice
86.9906663027035,43.11921707139388,54.01410286779977,22.068186783263428,83.57082255578399,1690.0162611099759,6.020761199770475,Rice
75.15945004821663,38.592531880936605,54.0322118063102,21.37789103598829,86.06358043010897,1978.3188805782231,6.291397494356223,Rice
80.1505543325075,42.47341980569196,52.00637696880062,22.544218304881845,80.79801049151645,2177.214691306169,5.444629765155218,Rice
82.80409936732354,49.782370109137176,42.370767154116656,19.46564096253776,86.12751285015023,2308.9067384108453,5.345901400104934,Rice
77.42334634285237,45.542101862165005,41.057940663154874,25.71233663841365,90.89294368053312,1601.4878133642856,6.223924209719523,Rice
92.69679969769628,52.55938394649818,39.21951437296037,28.689460578000116,87.05918376589521,1757.2044350480912,6.264552535990769,Rice
74.16404931572923,53.83088537676906,42.00716108462899,28.575482419209166,89.10221748574156,1907.3230442987244,6.081185476483293,Rice
81.75713891622735,55.31864325684802,33.00450084080745,26.731431677109512,87.86008654289508,2066.5740990074196,5.82469393992806,Rice
83.22549282633848,50.40351506894856,48.95985727207711,23.8415474951217,84.65590997845591,1850.322925274666,6.348049023805501,Rice
77.18891498028562,49.36870290809181,46.255796800475686,24.288886163832863,90.91062887783251,1939.5664347900072,5.750975397757475,Rice
83.02473820250385,60.08607194561764,44.34495658797315,24.98218133956421,86.7007149305097,1729.7964440843818,5.475617598307868,Rice
75.59528856793048,60.74573976879616,51.86643493073132,22.08064685225724,91.69377573376288,1419.8854220736218,6.455685084356363,Rice
91.88192831714116,51.52278535448842,41.475279856839926,20.56440240996463,77.72404543900544,1617.1440512016575,5.75655978503059,Rice
88.30985170046311,53.829485683204226,51.727919309908565,24.251691887114966,82.38728273901893,1705.574197564613,5.534470740910947,Rice
78.79013249753116,45.44853147495895,45.320245890376945,30.461290016955708,83.77908449783429,2218.074279239375,5.516981967171296,Rice
80.65538494436835,44.81413523334846,28.94562067756523,25.62136807816673,82.51663121197143,2123.9102290210158,6.0869649331665485,Rice
84.69071137372585,40.84651344989606,49.06601023404794,28.101227565852902,89.16113919818152,1978.437453267818,5.943664858887492,Rice
71.60810046137925,56.11151578427303,47.04893478175048,22.721807910080106,82.3027730898852,2199.9523418317544,5.813136312945493,Rice
78.05051677452121,39.52623399071545,40.136929951663845,22.63596212492572,86.75770251520632,2188.7827783297375,5.974737319686359,Rice
87.46526051756783,48.141804133957486,42.20488040292338,29.112302433643332,80.74084495907212,2273.1624622725817,5.985911818325979,Rice
91.71055867106259,51.72394739256809,36.75221989752003,21.76741792887516,81.62625520180005,1558.3993036122786,6.5581318212160635,Rice
72.16708207173617,52.26228571428257,44.040496654084365,29.8837680621254,88.1385440936421,1652.1096186575105,5.980821641289658,Rice
71.74319777127872,35.73071568890627,55.60963261652077,24.072157070903753,77.60625096194887,2287.40026758921,6.1232476304291925,Rice
78.47816229937682,44.1001346103153,47.481983178376915,27.472468761476115,87.14343589191705,1693.3110634679274,6.947913550807429,Rice
94.12937524618744,46.27871898178835,38.99304545781975,29.749939060238145,80.61949661819558,2238.206144500738,6.372393703432916,Rice
91.77594656186619,48.06634626362879,33.990830526545345,24.18512281445346,86.26969706106804,2449.811262014383,6.170418394611962,Rice
79.0864926159531,42.42465536988175,33.61593832377044,24.993902227710205,82.32573146863643,2362.124525920812,5.718444876751694,Rice
84.6967282682701,55.99800585747966,44.9480319851675,19.224841989640446,76.98049660037718,2163.9881856900215,6.2755169124186345,Rice
73.3917167768898,45.21790947059372,30.04388366302129,22.774166853531053,87.36135095393408,2051.54344371434,6.740602048369731,Rice
74.69253489115478,48.9487296931748,36.0459986959776,26.600730443878124,84.58864325755432,1704.367578408052,5.851557230553071,Rice
84.83755400112283,48.39107220351037,37.760598748679634,27.714918091152054,82.60368388725307,2142.2291648026035,6.234749466790051,Rice
76.55747667607034,54.43533734781435,40.74094279148025,27.96533166227449,86.24708027636633,2427.068109100458,6.005750662794424,Rice
78.11972223347564,43.12681759152812,49.02524028259873,27.669464936254613,82.54484696435944,2460.0583084067384,6.098192567999359,Rice
97.37093511315318,36.232745320258445,45.3402663482708,20.192178692137528,92.09899298837517,2207.1350365353364,6.416663348539876,Rice
82.93758102730929,38.672185319511485,31.922486682628765,23.59701514916545,81.22926877686376,1787.3079015114806,5.946673586015899,Rice
92.25260655249653,61.54978165943682,53.41079758318889,24.45211229965709,84.6210995461654,2538.7893044896673,6.0806907809470765,Rice
84.09103003379914,50.41326836960574,58.36902730244374,23.95341315984116,83.29500550328649,1948.9754969379555,5.741350493380618,Rice
85.23116669569995,46.25197169312751,54.66648329252529,27.917785640583762,83.77921384894734,1601.5014480869504,5.247914801987644,Rice
101.89028862884398,42.362059272109526,49.28877383258871,25.434202570309957,83.23497961991923,1603.0310114009358,5.9609580511884115,Rice
79.73772707661867,43.02056927981384,40.981677053958215,22.67843282026013,90.40505771887881,1600.5858658097586,6.286782805308038,Rice
95.93914647081199,45.82659666854215,39.56335066944842,26.72193165260487,90.1700717022371,1848.5278170517365,6.077202703882655,Rice
81.06268849220169,37.65913501925177,33.774254255761946,23.528532057996216,83.02369979806662,2429.1469229182285,5.513452018639811,Rice
84.46816545491853,46.349460964041874,22.562595899556815,29.51156731102316,78.83875410058953,2000.6263721946984,6.110976147464747,Rice
75.10264151485414,48.35537634780578,33.92478952300748,28.401197590687907,84.36544069649837,2026.5522320823434,5.892461682633603,Rice
99.84657677955387,48.042135657259685,45.198493481624276,23.512221709859826,87.31506002499685,2218.0067051790716,6.127541174106763,Rice
88.99143902183175,61.024625522669226,30.77607593525438,20.902943885940008,88.28633243880206,2271.7680286483724,5.532288149301286,Rice
84.4108349469119,53.09643753568132,52.51173659187311,25.49948228021381,86.44921163945911,1652.0226887700653,6.043875838258314,Rice
83.700885896346,50.24904831825383,46.22062353532691,21.314083817984,85.90775220353707,1500.321593715614,6.469151406828812,Rice
78.95211190030699,54.25817449453673,45.03436623506041,24.980473662136735,86.66435210115114,2246.1850818489497,6.028293762072339,Rice
78.91250559848328,49.549568802601875,40.86488725642066,28.639020023622237,85.92703335689795,2439.161603198714,6.311248269816522,Rice
82.09732471146533,53.688165811710114,34.82045140524155,30.083819732972422,84.63864773353343,1845.2679297698392,5.64913922909771,Rice
95.42476199671708,57.1421400056497,40.053846237868285,23.252559939258553,84.38979427850204,2253.837724508265,6.535298638158451,Rice
90.72082441801176,48.18517481697083,42.60372096964224,31.105152295678828,86.32870547861489,1823.5704038013084,5.418216222066384,Rice
73.12041204779489,49.33746001928674,46.17696914323065,20.672037603646082,84.15791528028518,2250.607672388562,6.474125436242238,Rice
91.85311637510581,59.48667202647987,58.96858396154853,20.616910261705883,87.50746908780226,1596.1461703606262,6.364962249490347,Rice
81.46697585773384,42.66946830892367,52.185723017411874,23.69356635404465,85.8300159777327,2469.713467566572,6.266557765024235,Rice
78.46565489467606,52.84144703415844,49.72016510778327,28.35296972773447,86.44495317575623,2297.776125826682,5.632285903065581,Rice
73.31915624620517,66.08925299560839,41.89294497069313,26.942338918807934,83.0005315361559,1646.3979035758957,6.183186096432,Rice
60.35895905982278,48.96279827948402,41.343846136017355,26.97218838100875,85.94877895898136,2298.490927560365,6.267650872358548,Rice
74.4714539599569,56.89875480856392,31.84893248328619,29.99561531929578,84.59436136185072,1891.2588085283821,5.668532819547394,Rice
79.49582752663646,55.2709042438431,37.2343864555617,19.747350483833667,88.45602837402913,2077.962318245442,5.8210255746205455,Rice
79.1423414310861,41.60216742032853,33.40811873911619,24.848234577863956,79.27784076325389,2098.2389226514865,5.492386787011602,Rice
74.50939873676099,48.45209563234669,39.54179774377474,26.629567214138667,89.22256212152332,2325.3541410561115,5.90569396156781,Rice
75.63491050705147,51.61744493557308,41.93646681586313,30.12256113407085,84.36634256650328,2473.1196374317196,5.681463544600712,Rice
77.17969969852825,56.729341137691605,36.92959707044888,27.81094036328065,86.6684414446663,2035.5083357395267,6.1455976075218794,Rice
100.84218516692079,43.522381473806114,36.037791303697794,21.24857588714876,79.36004029083128,2226.8101099603773,6.708799256108961,Rice
96.13664937167886,49.53084032042589,43.01063876183985,30.49076369050862,80.86845546276936,1612.755669554033,5.653235562464024,Rice
69.75787874181009,44.94099066502111,54.55498095372105,25.13421593710677,86.07899236994224,1728.2901809631512,6.2672224182198635,Rice
93.89606606847022,40.50306549496521,54.777159563744036,26.319756992219833,84.9026079004038,1935.1453903085733,6.3109873568044765,Rice
79.41623892337154,59.76545684441908,45.05992752555036,24.72383126097998,85.0389632006447,1911.7873466893127,6.460568753827774,Rice
87.55485093541743,47.712938823488926,33.3402530795733,25.63223030716522,87.67537749543989,2159.2091132901724,5.262550137714353,Rice
74.74040604001141,43.42667559329951,39.5288406827493,29.08015795579232,88.60122055034192,2331.162642662299,5.693795866720646,Rice
103.48183797947472,60.96891560464557,44.64391739856699,19.898577358121898,80.33906912111307,1771.2370761017569,5.671030111579519,Rice
75.85769178288832,51.891378549628286,41.38488657927911,22.143544606715928,85.10703541110098,2094.1484197967693,5.259518532060953,Rice
68.6263000287604,57.05137560675081,37.79447237529477,22.738277598672695,86.81531735530679,2041.3658621147688,5.7345420774160285,Rice
73.56564164743652,53.412216427494094,48.94128315269333,28.234362289886715,84.55624387176562,1610.7453645871196,5.904764088417012,Rice
73.48293877566833,33.18656472555927,54.360064775683014,20.46514975906366,81.16667576288631,1717.8355027199661,5.660423785542097,Rice
89.1833060366012,53.69918765314076,34.230992389105765,26.722360039322414,84.53138401560277,1810.85728583558,5.763432146138135,Rice
102.0240846395165,46.428550530271636,45.393615534455826,25.321811270045064,79.26194422462828,2435.613898522429,5.837363038326043,Rice
87.83265586418644,44.22589689633124,45.09077266066784,29.25404609873371,86.70719790925568,2199.526699293609,6.344108450992012,Rice
98.19917367982355,56.55851151686306,39.93805774940094,22.227724682575136,88.43822435099224,1657.187455841416,5.860522255290071,Rice
73.58807563670219,44.496796558769745,40.220990489960904,23.301402609912166,77.27513158681882,2115.964718883286,6.546250845715868,Rice
95.46558423020709,53.20430393747193,50.732780379839866,27.88446113180489,80.42705703205527,2326.2696516792475,6.096898868927327,Rice
90.71299027765514,46.407412845277925,64.50638840101323,27.552888291964134,85.25648372896163,2368.332656086703,6.006816884748132,Rice
97.10576817175705,54.52223905527092,44.63940822365532,26.48338790160254,86.4493748724352,1918.5843190067546,6.003810991328014,Rice
90.14569507588982,43.88150584623335,44.370097620271046,26.214281986877836,82.5131869955452,1610.016838786011,5.710671112720786,Rice
75.26616163619893,40.40061442513701,49.026446668059116,23.505110737579948,88.14977670895219,2269.1758161822413,6.0948892661267955,Rice
82.89875291797668,60.530315294932144,35.7532577988483,24.985820468292467,88.64000684370006,2238.265881588983,6.129863580145717,Rice
93.24182480759805,49.757448115514926,43.75937255768126,23.6032588642491,77.95251547749497,2166.1089448351504,6.664022627023436,Rice
79.19836911494723,50.11364367576327,45.45036255815576,21.876493703268483,79.55927950833448,2385.1962974060757,6.45924780864915,Rice
66.85533182162389,49.06539846651146,46.67568177687905,21.66304737604885,82.59756896051054,2147.31281021663,5.9923366590241205,Rice
72.16266017929483,43.82741648129007,43.628737971320675,22.15251515620269,85.5773813242906,2355.856961599813,5.486525760955148,Rice
79.39430210449319,56.36824132228134,39.396473373112045,21.702507790080393,83.04720066090236,2064.932305193861,5.269613077948508,Rice
100.44183203264659,45.876775926737544,50.63180291996339,22.06976891326885,86.85771721450415,2162.6242634506716,5.654448420616657,Rice
62.79824123070871,42.76556501194886,38.97909340031237,25.602520675275823,90.82387065949928,2099.2786369218043,6.015785726061085,Rice
79.62287897424822,59.417205516811606,36.86806675402175,26.029261189528,84.10394271003136,1886.5101640987311,6.204042763078143,Rice
92.42806476004445,54.15577612632534,33.03806681948095,28.286114997527786,85.71427176706878,2408.723467113314,5.842878520753759,Rice
100.74402400556296,49.673357931561384,53.240269803850964,23.99602906467223,80.3957029621843,1934.012531169916,6.252478796087725,Rice
75.91733400874121,46.77296203983369,48.592380621843425,23.396632313424288,85.91766540388768,2468.7303827992623,6.31292892309009,Rice
89.99813327874637,49.77428725862128,40.257374108797,27.80158197679858,87.70612432641988,2161.672303481376,6.215938408772741,Rice
82.69003082452538,58.800700277712714,34.98042255300063,21.481444554668194,90.50141992076507,1964.517590094968,6.365098078014556,Rice
96.15019191020042,40.73837556359925,51.08947970235626,19.69755600138471,87.03106465634916,1989.6687800700083,6.000189276819949,Rice
92.57164611901685,43.29437893739081,45.54191030072423,22.5958989412247,78.23094431897616,2342.8018287187547,6.198720949928604,Rice
81.24746679395258,34.47278650805377,39.205945361851334,22.132781620897383,82.17318963476725,2416.5132818920815,5.7648727201273955,Rice
84.18105488907413,46.51180074612003,42.54489314916424,25.423587078321024,89.28678248834586,2462.3476166974624,5.626376733089,Rice
94.1053661998493,55.231187796458435,32.98371439147553,24.822485005939278,84.08688897821948,1980.2459079278235,6.031081353449468,Rice
81.65541937711525,56.30388343433934,34.130608930712505,23.936641975517137,81.5961938067039,1745.8726882609362,5.7355645750611695,Rice
91.28774453504475,63.05874322662703,56.483424650509896,25.34748929314564,84.9394561150302,2280.4450449924743,5.662463266999881,Rice
74.13694176300639,40.2141053315882,33.322722591775054,24.698645425719363,90.37953228460407,1893.4283841104084,5.64121188018484,Rice
93.24817918276152,58.08668347598225,39.60183667695661,26.44030802578825,83.1811050387831,1898.4560690737146,6.778331930822931,Rice
93.74752543251775,57.85780788320498,44.49138068529609,24.398978524679322,83.24983486044746,1976.960799117724,5.45124783443247,Rice
78.49192802170157,43.733526420576695,28.672369280570543,28.87169810975047,88.15538500521677,1899.5984720655686,6.096319835530467,Rice
75.5698840934258,43.70710499501315,30.312868918956543,30.012986470806187,82.09252025082608,2272.3467996376608,5.503382696169165,Rice
80.10153228096294,51.258915335799124,52.00725262678749,21.929449605699652,89.10353096106645,1907.7204473787262,5.598518238832415,Rice
105.08205758535543,58.9405624038484,51.357825851739534,28.51259980570411,84.00639068593036,2302.871004292607,5.741784360400958,Rice
71.09047228376461,54.56948677271715,43.809704314762826,30.772995714799833,85.65037834660176,2099.165367550136,6.301972371032028,Rice
76.83372358426169,43.92920347063412,44.441627188820355,24.692103201408294,84.83476373525335,1600.2755437625929,5.69932779625602,Rice
81.61771647472227,45.95995655619742,33.21442242635131,26.30731994634896,92.2778151889017,1825.9639669035544,6.303218189890209,Rice
93.80772764916118,41.003707347030925,49.0099004559174,21.14013475767775,85.62517362679176,1861.3010819833162,5.289230094916094,Rice
81.2765135184864,51.72973911168847,28.727238542005708,23.121490994606575,84.21526535383731,2356.7666437241737,6.488370832359498,Rice
78.35759736093169,49.09694073651163,30.84717536995828,27.13163623100887,86.87940368877452,1419.7608462292176,5.656255229120974,Rice
80.4597897845765,49.784513321066235,31.902810821927112,27.112699859094917,86.83643759199332,2133.545783235534,5.66204106913981,Rice
103.49101947186999,54.15470266589681,33.49680419562937,27.73531940512197,85.55669179515162,1802.010527649013,6.1023683758926595,Rice
88.21107984003372,61.53201247273658,50.02265475701442,28.47284438907213,86.98073555563934,2114.609927698332,5.852713795906478,Rice
84.43619668689838,44.128550142011754,39.78070977429124,24.526509042398843,84.46884456986324,2233.9843832519973,6.074506423562006,Rice
96.3093759988989,43.191066674666274,37.24734934846972,19.587741008142864,80.29290263751251,1894.2543717927147,5.861553017419024,Rice
85.8108183518038,49.584829030907926,33.59145317708985,21.409363975213335,85.11814885784665,1526.423943560762,6.063411171421827,Rice
95.79846621468837,50.74363443764779,46.64307336133468,29.399200491649058,85.62976339539671,1652.8377079021113,6.2600693880656,Rice
73.93712696402311,61.40450596982949,44.4467905438236,29.76829225731686,91.27199612209293,1905.198400434601,6.333122003387759,Rice
87.99643636414427,48.70791488732083,36.10537128902818,24.68311286616989,84.95232100125473,1886.2336618762201,5.4872314741581,Rice
81.10766406062062,63.87665041178148,42.160189574358576,26.775100800470593,86.37942916285803,1744.978600845433,6.772536669688362,Rice
77.80219424351775,55.550788158833306,34.34179684930618,26.2588874573183,90.53472147729197,1466.1521999826057,5.82460670961409,Rice
95.65285521810912,44.86968230428452,49.30061745460169,27.357907569562702,79.95701925291766,2473.4564569451254,5.995442590821016,Rice
77.03064184163446,54.86802293134651,54.894411885808125,24.889244702315974,82.60423269465163,2518.103310969818,6.043576621256204,Rice
79.05121316110244,52.25379707131513,40.12686982835762,23.760352008214745,83.32513155014013,1736.8606415848838,6.424281664418134,Rice
86.99484622408481,58.55110360953243,44.680063444153966,29.105690076508182,85.05904356912909,1605.4124772680223,5.982145951067175,Rice
74.33514121553118,63.21425444975034,41.5945555110806,26.736400268796398,81.29272252881344,1480.5766138525635,5.912591058321053,Rice
63.930003965757074,48.26729461952199,48.89797491099722,25.46370194703488,88.13341077723916,2176.3953894594943,5.556830928388053,Rice
110.72443060638116,56.8770482588188,59.37680055757927,27.575911524120418,88.41199124059192,1840.7100395167345,6.475398611183797,Rice
84.26458103568713,58.041106355608676,39.8995261003448,26.027002765984182,88.74741669374144,1643.9132790453552,6.505888748889396,Rice
68.27690966465849,44.80624911794528,44.266486624311106,27.268043375174404,89.20948844133983,1748.7593980825689,6.249136863145295,Rice
92.24800409733183,39.109031123508274,46.9646248213515,25.961910293114716,86.0647634162308,1982.5536555372792,6.140881557346414,Rice
88.94717906048207,48.77008884133392,44.23028105277645,24.228004092680052,90.87777165562711,1836.1018797885981,5.420553583349121,Rice
70.2563286714316,60.64553577118455,36.2981550202175,23.21857659522388,89.06708104412327,1781.9578172852007,6.290059144382031,Rice
79.92772018703303,41.60893173091268,42.65564711448152,27.684920604958336,80.94045237931955,2445.0833592611502,6.242338501380996,Rice
78.82185713903098,48.293305943122185,50.499171832364205,23.348605476074333,91.09639329985544,1776.9939749028736,6.138119731468488,Rice
82.64466975244137,39.83959244853276,34.40016171984443,25.48187149869681,87.66733038288551,2396.097007852018,5.93966794853824,Rice
96.07779655948498,47.64542414256901,40.383101127853486,20.479767963856318,87.25764196847324,2517.851639538282,5.85025651847903,Rice
90.2533790573079,47.98042815116345,49.34797219868467,30.963514697368474,86.13210287171772,1958.0432289061519,5.522629666047458,Rice
90.27239637768827,44.07914354158781,41.80703792886279,25.216084465249207,83.91643588589251,1931.548977288372,6.435560019294821,Rice
76.98958045728136,45.51637262219591,44.41710208024267,28.31865749648427,87.5570862090603,2317.742900089549,6.310590154631622,Rice
86.38629615297745,55.3016079074308,32.7379015918926,24.90635428450709,89.90944572186122,2338.0375380327837,6.0601230626513365,Rice
104.78207159527203,43.895683691266555,38.7803057217922,28.85403154906486,87.57189663649406,2052.7288796331286,5.781640532818491,Rice
87.65621782636877,53.73862961145896,41.18475751705826,26.079432800383806,92.14484729110369,1797.6880812972186,5.8474186761988,Rice
77.79940333747743,45.36907663033816,38.274868925975206,21.039442533295663,88.6143655048063,1818.6817094979244,6.065651109109912,Rice
93.94081230111048,42.27596112931174,29.531818912688273,28.150195062462824,86.74965197676816,1814.545226749503,6.168804663626787,Rice
82.74831626387804,42.98156855766676,35.84575865332145,24.0792009721322,83.24004514877102,2043.0115941649026,6.750771462378402,Rice
87.03449135328839,50.01578368238352,47.72353130335633,23.451491004423932,81.73487079592971,1719.935596395526,5.733847760850755,Rice
73.81346796234749,41.51909147417908,39.73807268737005,24.698250995105052,84.50825128831707,1503.8314049148291,5.7211290218244315,Rice
78.7263589573429,49.67440790527297,35.14720218416586,29.135009957464327,87.30097455715413,2270.4865013601207,6.035236441791558,Rice
76.84707140516055,42.921177263006584,34.53275664508301,29.68263783137421,85.12541658427864,1675.1215542350953,5.973741405541283,Rice
82.24477242736907,39.86701770868798,41.755867349071835,23.92969356462728,87.16752792707173,1506.7438110279286,6.0333087253472195,Rice
82.0596896929795,60.43693087672535,47.51744671311486,22.39166750914297,88.84359318786271,1639.7713233101397,6.456783480823983,Rice
78.30049119763288,63.678718087020016,49.98338576717367,24.400859415749242,80.89576119650393,2409.606746327148,5.867985586053654,Rice
88.72651054933903,50.14306687968773,41.81846050155687,21.796274781661147,76.23297350362134,2215.343423577829,5.924959961934551,Rice
77.08211642072297,55.27656300860052,38.77244229382892,19.386238726030935,79.12991555978087,2247.0393904657867,5.711699026796611,Rice
72.29790725800825,56.73107516437718,34.34903888739358,26.808367538742175,90.68518558293158,2554.824096679679,5.740289601650533,Rice
101.33445660275885,42.178861771371494,39.31932654624293,28.08820103824826,87.61155612664179,1952.6101907628633,6.225227169911774,Rice
72.69082077790843,57.643445535990715,39.842231879802085,26.246451005746962,85.44089988781474,2114.8457087855722,5.55246751864878,Rice
92.94734415007879,48.17737196442284,45.981286535609726,23.308899677303444,89.94239158974975,2245.8319623837815,6.096142662697386,Rice
81.49168874216498,51.34720859553686,37.82254871093241,23.906898870769265,83.56366098177992,1991.8100430031052,5.792990159851674,Rice
84.64743781854119,53.34852965787743,38.36183681770291,28.521594414533954,82.66541040778142,1412.461146002002,5.658375092751081,Rice
92.9050048501955,40.75038252444545,43.24791591627454,22.015750540784367,84.83564587515079,2100.873406725717,5.417845952877732,Rice
88.3261559046776,50.281048401336335,37.71467526121169,23.0323149416708,82.79919457660914,2270.7563717174357,6.3286700208801046,Rice
64.44995857607795,56.87818398226643,42.60857519191658,22.341606664071143,82.69332699796084,1567.532452773611,6.333531508348753,Rice
84.14357084291052,48.8232027961224,45.11325424817963,25.22845776176841,78.84217015323603,1765.0644071821644,6.118630522327135,Rice
88.62400625594928,54.942128454616316,43.88253527471001,30.41317076708973,88.77583162413094,1584.3726522284314,6.2902645612570955,Rice
80.86892673087246,55.643197822625396,41.41323649143374,29.31640891865099,83.93992666320366,2097.299274480663,6.413958439249165,Rice
91.20121626574277,56.33040236856523,45.70059560793316,21.52568287827612,86.96469234752033,2302.5431697110275,5.313212078035216,Rice
85.37504943431739,43.83216515761338,49.91416837805433,27.321517382596262,86.17316149694352,1463.803498572817,6.277827788255553,Rice
92.1925827299727,61.42844791338709,31.870831198898674,25.368530734831932,88.16459018442217,2457.1239808393348,6.3040196248442415,Rice
92.27177351616143,45.513171736161695,51.594249947143034,23.068089118158174,88.53432925331512,2142.5879119374117,6.400814843202755,Rice
76.37862316842178,38.92563779846341,43.94605271500915,24.807528879646704,89.11710715767973,1922.5860571800147,5.838173291763402,Rice
69.62271980911699,59.004314301198804,43.89288463284956,28.941836650104783,83.18925641533704,2436.9448384104267,6.3575579773182564,Rice
73.58412656964909,53.9911992933592,44.8109706713014,22.364786166306775,86.58571647994192,2567.498824454654,5.6329642031487674,Rice
79.32965312495404,47.46694602231192,39.325024494625026,28.529475805991723,83.11385796517676,2279.652512245302,6.306746343665088,Rice
90.98206650213773,61.745556340645145,39.363472846329834,22.341762943266183,81.76212130071978,1875.0338749600494,5.974577680610783,Rice
68.19390043191538,50.080634984722764,38.11146378025328,23.869090132833723,84.29474094242148,2357.866897446301,5.939061501691979,Rice
85.7048804085419,56.2615962188222,40.932545922456306,24.245142607645274,78.41824600857584,1786.7041558136493,5.563416672297121,Rice
87.07104791747838,55.672134834656504,27.9631021807109,20.76203206341562,91.31890082374099,1913.075484579423,6.24963536874903,Rice
93.89493663681414,50.98669633254139,49.88137429124773,21.738699705596026,84.59097199271172,2333.5591047052117,5.493235891849498,Rice
81.13521245992848,53.40021327655558,41.00265771752432,29.646652323341424,82.00606123703845,1803.4757071918084,5.704704864447557,Rice
85.11995531736676,50.27945100733352,46.03575135187305,27.156841616992786,87.70187041597453,1905.0611460334703,5.639261427638726,Rice
71.807373346164,61.29750086992078,41.226110475461056,27.854275369587082,81.65778188441165,2027.766388091761,5.749946123223011,Rice
95.15239956439028,47.903890331993125,45.25796579274574,26.700511891702718,81.01016576497906,1961.800359327063,5.843201366718642,Rice
101.12129338339197,51.697621890255405,46.70068212011927,23.631097397284332,89.12648343210144,1723.1721007362148,6.017131471909362,Rice
65.86725399685558,37.26035464924265,36.480461182934455,32.33208530705248,91.68360503839789,2478.921689835705,6.436308197333534,Rice
75.43110795037633,46.03234132368107,37.51878952353245,28.705788489977955,86.07007218204818,2032.0094125432097,5.6220147378251335,Rice
74.21168481319673,54.53423015602862,38.1295657435971,24.032098528309852,81.65307271342832,2308.545659569808,6.20418457626294,Rice
97.04341067770227,58.47646055230845,43.29836691412326,22.589147932341795,87.4258198766988,1706.3100252568183,6.164073187640566,Rice
85.06660917292108,49.80687319142818,49.66856141326168,31.92846017582761,84.80723760963113,2435.230971140184,5.76269865841838,Rice
68.13648423251446,46.17619696745077,32.075215272280936,22.436189994445638,84.55028326868066,1963.5403075887373,5.922425822542898,Rice
69.96830617484214,54.613905035786644,44.840731836519204,27.142162625310775,82.58479304002654,2117.0502949643756,6.176378244216285,Rice
71.21698367991512,46.39201305475071,34.81365323621171,28.445359382890537,82.08611204169136,2229.780556816097,6.385273793184004,Rice
82.25854978729339,50.845637975968934,39.916696744854214,22.589101759916815,91.66876774422525,2142.2462455638556,5.7688460860348325,Rice
87.47583205109854,58.268106519090814,35.711151671048434,29.51943830783034,86.72310304756347,2278.018043988496,6.558448625532237,Rice
85.19511390556336,57.07518682985425,50.07849834727729,25.32362221585191,83.65137113076203,2299.452146217849,6.4312418848497535,Rice
85.60275422250454,45.37999889183327,36.00045046049317,23.586207503870206,85.45559598078799,1561.7347966132809,5.947519910063876,Rice
94.68035959387565,51.92647598502328,42.87342604353219,27.009863834641934,84.12286206936857,1849.2593024953164,6.186588432551271,Rice
83.79577762680104,54.49460309814344,37.20631660554761,29.402094721553997,88.0309630885673,2354.2442915684233,5.512714527287313,Rice
74.38703661209765,57.322124082836034,38.437392398205375,29.33923511622082,85.21589903815527,2184.3582076235307,5.735346969378596,Rice
101.5121941149313,47.398184745741084,42.5821842100433,25.47081032591545,89.6778741829441,2147.0508594634052,5.835901621106932,Rice
88.62374328634273,43.24698804131417,40.559163437515075,22.754472353344518,84.75302823624301,1734.6253086252034,6.116962174331513,Rice
105.69391407762988,41.966805891580776,42.75003227705228,21.983767760923733,82.42420338566112,1981.6720519702483,6.123244118166807,Rice
81.90648925642569,49.31703094304347,42.60682020999715,25.54539413372835,89.6784910340363,2366.316948915442,5.960986202661262,Rice
95.24668517635196,48.394624604616425,39.809116185172265,30.535983080468473,83.76072772967943,2423.4604087904863,6.21131399724292,Rice
89.88909642430491,39.96838052981299,41.143873464895805,19.541580994930023,87.27362798509557,1645.2995714020328,6.651384909326982,Rice
88.04043358730924,55.32175975565631,36.53622190625952,22.328729084060008,85.67707822615525,1997.098100969912,6.231792239516398,Rice
69.17434547771285,49.366506226158265,44.86141748729111,28.950963343137577,84.63156670387123,2189.4594888036695,6.555925969951083,Rice
82.81294675680434,53.55386954210585,55.09932468299371,27.92119005231246,88.63189480818862,2007.6564285784766,6.316912329869814,Rice
76.90983521599861,42.47435793804861,52.89497686243323,23.682933352185778,80.63139398288385,2297.639276775205,6.416895459466346,Rice
67.97396391508606,41.48883105710968,44.81923682105263,26.816719046618594,87.78586475494383,2446.956412958801,5.880621280567734,Rice
77.72687762961148,46.232170149097556,37.80412236237405,22.576683797705922,83.46529240858219,2156.312255287059,5.618615875557987,Rice
98.82321025872217,53.29410048406414,55.72235567683121,29.33596933600861,83.62587892862528,2363.880638580104,5.8403724532114225,Rice
85.92606849376573,49.97233148851674,49.22111000640069,22.096341738603623,87.67259514098062,2090.5036190092605,5.8297350859545904,Rice
71.09190490735166,50.85776943294695,38.233757623413155,21.973381196817197,84.47927813084681,1854.576346607574,5.776825405059511,Rice
71.07594505748628,58.6340294566854,40.643770507821756,23.574182278446873,90.65288349812892,1862.3146995996055,6.737467910946135,Rice
77.49907953182195,45.778177342344065,61.225112762957224,26.921037085874403,84.75508686162969,1906.088614081788,6.013764497664617,Rice
82.94920925692676,46.00022001345341,46.32734767641693,23.036911517402405,83.37032408581504,2345.6454195767415,5.90226451150337,Rice
89.9645871633982,48.2551819202677,49.68117581275027,20.8276808399379,79.21826321383419,2098.2475684870883,5.679788277704476,Rice
88.46905802034019,47.5616760483982,50.11446706453051,25.664058428146998,83.45319256860738,1549.2698627107127,5.75462407644606,Rice
80.17485002356871,49.327078386039254,37.93039873013109,24.754412486584872,80.95413747272381,2258.916628131677,6.440447074148204,Rice
71.85579766870585,54.05738547405946,39.92961808045496,30.190516488453852,84.24117308429972,2110.2845925610923,5.611022754526226,Rice
85.70648184023578,40.539573079844374,25.069636089099745,25.456977148407038,85.89216097183335,1754.1597906920465,5.569192264846412,Rice
74.13046959741423,61.2916720733266,42.88079103479913,23.93036119586616,84.74688203596352,1877.879912122921,5.59120281888698,Rice
96.9134899008751,46.19252296923441,35.003540574974785,28.34521440759961,79.40179773684558,1475.5605108951281,5.554573136781468,Rice
82.11327729720125,44.95953592562023,45.42842375822732,20.22066043689136,81.83989431243481,1875.408914137253,5.7480236043716815,Rice
93.23176535000015,48.99046458845324,40.98729714020734,24.440579838000787,87.61639510949055,2257.3766392619223,5.591099632622851,Rice
89.9305700120367,41.532855953787994,35.93565584920078,22.537511859036275,80.43606824487763,1759.5836100063593,5.833584932787916,Rice
77.41205169792097,44.1405153814421,45.34832779339326,23.89573479777567,85.9090496100542,1673.9110704236107,5.714235088595773,Rice
73.98416464668632,52.804383074620645,37.275697599538624,22.846979792883737,80.9127307899778,2103.3496134026154,5.940412582703852,Rice
96.56797500829505,44.20914007813762,37.390676469613126,26.95729783619175,81.71696416392798,1876.3925146699755,6.410708509264548,Rice
79.47493584616527,56.86053542309718,28.766198766524184,25.099193981854107,82.08410267199113,1650.097372408815,6.286550693363517,Rice
95.98077305859054,44.81232441070402,39.181689402494115,17.919742879241632,70.531771724696,871.9628872319515,6.741531817879656,Wheat
69.79783924553826,36.51540247101284,39.54028484544357,17.039775329243497,55.80422365159345,789.5684345283937,6.446995064817323,Wheat
77.43775882991133,33.22527234050342,37.156042044708656,18.15070728261228,62.868217671933394,813.8418447202343,6.602770720915535,Wheat
70.3407987045946,46.29182485695054,38.75634189807969,21.830999728012294,55.284145112478676,835.2205155263421,7.213183720757035,Wheat
86.7777423348053,43.52611168473167,28.368057227311425,17.746842545514895,62.94003135674448,857.2554607210329,6.4241933398417785,Wheat
88.17756697598084,40.76602400783503,43.758326432305935,18.225220726853944,68.45393622026425,561.5654012136479,7.054498724604888,Wheat
74.57580696313704,44.79865805595314,30.7444236422212,15.966346188710219,50.10999728868374,862.3338695292766,6.258720760903345,Wheat
75.47579025049563,35.96854949908417,28.799703945001905,17.266316573796615,51.732636902775496,935.0299541851352,6.162486063237345,Wheat
86.06780962409536,30.245852317302905,37.197759910600965,14.944884260497487,58.2654415895564,821.4739773128539,7.840651434536204,Wheat
73.63306635425626,41.80471322502653,43.98109399335825,17.795220144082034,58.0201386846024,606.2866049235976,7.051000963599677,Wheat
65.92185490315002,37.087970748887564,38.55515251492021,20.179036158242507,51.93303349422848,912.2372307011058,6.958223958168816,Wheat
87.47832461310203,40.653824738709595,44.95909333351456,24.702850770613626,66.16328078007233,691.8885442038835,7.130310972906151,Wheat
69.53911596428678,32.074041933221004,17.634066095756218,22.241233089739637,60.91141600543081,855.8797631319087,6.291529864037463,Wheat
67.76547254074993,48.91270279730909,34.06213141329029,20.964731453602287,54.18431898455065,637.9549592041448,7.306807568551531,Wheat
78.50268193471902,43.203301450475095,40.22573444215219,19.5649054112154,50.26941289764107,645.42516358359,6.079052373733171,Wheat
85.4516893396439,43.1481986346669,43.24978817270058,21.861645350891,59.178759931817595,767.0284024236759,6.144997147731896,Wheat
80.20449290632227,41.445269766412764,32.590661760703156,13.403535395443686,55.91554289136152,577.274325899166,6.6995262936158,Wheat
69.00773331485165,48.01600080620496,38.169261575034355,18.941482150653613,63.33455694771682,874.0478336524569,6.401027689242737,Wheat
79.20630094078449,33.24051779195051,34.117339647552356,16.837212626296857,59.61450430150055,757.3813973742394,6.515226723463918,Wheat
82.96907035279712,36.089619338812525,44.27056225682979,19.46090196048314,67.86454554029552,645.7279148665589,7.5578185398281965,Wheat
87.61036388417001,35.18844858713971,26.643090406376043,20.70666497936467,66.37680531435485,957.0015996391062,7.423180425958569,Wheat
93.28862843625127,36.34037918603586,45.63023199391054,20.115152622233378,51.22380690438844,769.1953630762971,7.369637222135903,Wheat
61.20536729341029,48.129257492901765,32.09331841112032,24.563951976190214,58.80055280473988,964.135220497807,6.751977199274097,Wheat
83.84315312153679,40.114296871051145,35.59951600228986,16.352486932533225,62.37790235699763,957.4938793732118,6.606979286171652,Wheat
65.73573698032604,45.72129570075953,27.583324263589965,15.290598432475226,67.84077212758379,591.3160105904578,6.200717463105963,Wheat
59.50053831435494,46.28599615407693,45.20724444626197,16.585632976858122,66.77050278652565,604.092812291247,6.276827233635042,Wheat
88.55119006576814,42.361221477427044,45.40067279872357,19.853415315209357,61.911838473638056,1005.9695435765785,6.773906944946333,Wheat
67.67166502739695,42.18896692795851,36.61855904255153,17.910561588845106,60.653369616359356,687.5719518933754,7.762345621646928,Wheat
86.20896648985627,43.54182588688565,36.08297927265765,21.428338497408138,57.3759569146409,784.4394074483267,6.41952615969573,Wheat
71.66506228936186,44.48373968967596,39.51726173869639,16.78274968366562,55.433138889860714,795.2288927187285,6.972176100014454,Wheat
63.80934821497749,32.69030084423146,32.89656352986451,18.013542663990762,66.87247702804844,867.185935556425,6.992689606394933,Wheat
64.60475906778066,45.692620539537316,42.783470810724005,22.49938627901712,57.617803918694385,707.7183456153582,6.686603399487058,Wheat
64.26567514090196,50.03563696847453,49.852433285552564,19.282009395924153,68.10848670037649,761.6300324502619,6.985238182706747,Wheat
76.65985641906528,33.42638869444479,42.47022345282879,21.597266251142774,64.99878061593155,915.6193350979997,6.611180243316875,Wheat
84.86099962209259,37.021045697776366,37.87937133769113,19.73485411153319,51.7201971173947,812.14618012089,6.767046013003596,Wheat
66.02661974558545,39.915424993863084,25.75346394753309,19.676660798260567,56.383333802858374,836.9566308405094,6.806866529645426,Wheat
83.20671135052201,42.01996703279639,38.821603159257194,22.31584726745268,59.13960221265599,617.7036271764001,5.866049658624466,Wheat
81.83798171118846,50.34965668018681,36.69044450309458,20.739405590646374,60.58950946648586,920.2417006267556,6.83095913734252,Wheat
60.310339707870575,49.1063441819946,42.40863392629624,21.168198485222806,59.211996550025844,957.1594970537018,6.402399252683481,Wheat
59.95315001114064,35.24855208401566,23.48088908720939,16.945686813113813,67.29367459803878,999.6034466540367,7.113520889735923,Wheat
70.79085816430434,36.5834275386588,38.50622185346612,23.04644966667579,59.487216664233095,848.960702480994,7.047814544383499,Wheat
64.42104046024367,42.44534804137222,43.344353062662705,14.948952779143294,49.10813949565288,676.7288783789594,7.126015992922861,Wheat
89.58861881248276,40.54610258176571,40.121224451542616,14.139969145868395,60.230012200772634,739.6125976573932,7.015492334547253,Wheat
84.97798652090775,46.99667383707848,29.519467838347857,16.22255498098165,64.91327182139086,926.9409134911106,7.306505381501998,Wheat
88.184479945081,41.595126315499584,42.14748202927159,14.52347639600272,49.026939828194756,589.1375519832482,6.484096632823189,Wheat
66.98138729458256,43.19543704685733,36.83364672722621,15.566166279612617,60.63905186627024,630.574021085109,6.537682970295849,Wheat
85.04558283491097,43.365450049956465,42.60140688817168,18.54057246358546,60.2244380759764,968.0783846643444,6.484430366002788,Wheat
65.61858762400055,47.942258525959915,37.08991592237166,19.893731221825302,55.476154871778064,596.8284992152313,7.282436727163297,Wheat
89.15175044408646,46.77181572244412,36.98708757036692,18.201240659280728,53.00725553803578,794.2168586502082,6.946696573472887,Wheat
67.77339418214733,48.60283043045545,41.083104012058804,21.583808765186735,61.2802976166859,667.2552303345623,6.22489312605772,Wheat
75.59757692377744,38.80108930206581,30.771081405126907,21.729728211948235,65.96548109154865,775.878953389386,7.47807375872535,Wheat
83.87556151618726,37.975220229665396,43.21970011175208,17.434692847624788,58.31358229571172,960.9815697706691,7.143223673103558,Wheat
67.65621250859922,51.16609021542092,50.09945990337126,22.557281694203635,68.48790539464517,583.136707878489,6.1848348593966085,Wheat
81.15381649626478,43.24410000551587,31.089954975356655,16.46418827291546,67.8492902662404,757.5780022525427,6.172073101338119,Wheat
77.1920994483669,43.64143084054831,38.996450789387985,20.12095689912795,63.965439120907206,813.8631244855416,6.167741055191168,Wheat
60.04122842565102,54.65033401609762,37.73543644579963,19.861106859998998,49.533224526787066,764.579544380861,6.40868402380768,Wheat
89.60813265958322,43.401010740253376,46.85462251777274,24.10383502062482,71.92025379026977,568.5464094349929,6.459222095028275,Wheat
73.85083876365445,42.9850669373119,43.75265548868656,15.476941464383648,68.51870417267257,773.6138429574779,6.859355850098478,Wheat
72.65839101287919,34.25150342163356,40.81366764517732,20.514447806408757,62.7093394329012,715.6966420772326,6.193464716556158,Wheat
71.38138167132637,40.78099367931982,32.570072830324875,20.796569415759507,49.410626166953094,703.6718610425073,6.354980849741641,Wheat
56.2136470437701,43.839644470954646,33.449365141381925,15.848202617426859,63.71060862522879,670.939953500615,5.956898656751412,Wheat
94.0414232838473,43.325193883492084,40.72324644362514,20.71475367939283,53.69348089002328,709.4657047533575,7.070781673063067,Wheat
89.5650056901417,44.50806852202871,45.57730810363368,18.94335524314465,67.37505923246047,774.3960307933245,6.145203714289671,Wheat
89.3488621138864,46.96765156219273,36.05750471841213,23.06127348175468,55.780052892285696,861.2231829536987,6.313444286697894,Wheat
68.75995678743212,42.56809469436492,33.65866410888191,15.51136364258739,58.70249404980069,633.895535685053,7.270156838325168,Wheat
77.05385762065788,39.49628692088413,37.199464673960755,23.818917738166224,56.179885040653595,743.3588465523143,6.561033880731425,Wheat
91.13867692332026,42.934302106655636,31.86543330320882,18.148085129377414,55.73262122311124,914.3886369886403,6.295451565446463,Wheat
76.92252515439185,45.43613810883641,37.773856281686186,22.765441502023165,64.66226898383175,853.9162199178618,7.611133115526123,Wheat
66.65988777193918,44.7148026886452,32.97929712842465,18.21120444562618,64.67726160189396,647.800363407357,6.91567989075895,Wheat
73.7541891018313,47.315208494451625,32.24629742326751,20.263343873679474,52.13052123932215,784.5653749380771,6.780284748504398,Wheat
69.85038749130575,40.38583232911263,39.17778300481697,18.80764748736185,51.46756926240334,676.6590362065817,6.852261205579109,Wheat
74.94511047746875,42.84162800072142,34.84677880664259,21.043207778859273,50.84593245166319,635.5605530753575,7.199046962260342,Wheat
65.7033277930726,47.20840400973854,46.5461258987628,14.778025622148538,49.61551444784392,878.2707936881793,7.238924013211831,Wheat
68.7634101091604,48.15475933229542,35.68566070869264,21.911805876977045,52.05813454903239,768.5159988497937,6.548820313567388,Wheat
68.60900930833637,38.678802374394664,44.2174514777087,21.324108471538633,56.504076089426164,773.8370894013833,7.604152027229491,Wheat
84.72791457712715,36.464797302843046,45.24464243798211,18.422601775305054,58.460412306103166,941.6398530959697,7.154623977980812,Wheat
85.551910711875,45.131819247635754,52.303935943079814,22.35520821885174,52.92645196068708,863.0957086076588,7.075823975427474,Wheat
88.37678138926876,43.096910710271985,36.527890842627954,14.697003498167234,55.75801526959754,802.7943140599539,6.868201556676408,Wheat
82.29329356651272,46.25800556217912,39.34770263311173,18.696428209681283,70.55884716655153,648.6135631791213,6.739413448253763,Wheat
91.28958282278327,40.48425937514244,35.71529226755231,24.10250999630553,64.93920992345963,978.3277070922678,6.969825924198915,Wheat
58.69905734661548,45.79395250453514,34.65870673337373,23.265057887927743,56.89646871755638,679.1599313548566,6.616002186019912,Wheat
92.83003593289978,43.19040799782132,37.33289671699608,16.39739941368647,60.63513361697588,719.5512332914786,7.206616151082797,Wheat
89.75225069107937,47.628149656430985,39.94908110185286,18.964982389795008,69.89151595281591,698.8531384749555,6.945055946700096,Wheat
79.22422283197358,48.58422721963125,36.554214487217195,20.103717969974447,54.053696186586244,726.0191396657124,6.665138599701952,Wheat
95.10057218415908,40.52881765882679,34.64473759240736,21.18733744230457,54.74227405874586,789.4385136965982,7.0471630839559,Wheat
61.44129048047475,39.52609625476774,29.79928308232659,19.79055760845563,56.95650510308219,763.435741755601,7.473471280457656,Wheat
81.78174675539813,32.37518424750235,31.021303314438647,21.647263331772855,65.14581880709797,589.7783725823817,7.143987208478216,Wheat
60.331998373102536,42.18630518863966,41.988840706992804,19.7770495692277,51.344072358126176,769.4923468672897,6.083233502750245,Wheat
74.20040891883815,46.02829730046627,38.153531585685954,17.336599373058533,58.09493707917283,765.5120035917861,6.473857158553867,Wheat
76.480014386895,35.7909942918204,33.052968969639664,20.05309310754572,66.06809943742805,1007.9754662366227,6.163635136845265,Wheat
84.49263418244293,40.2009299540065,39.21794253297073,23.627413227691196,57.544831524045115,924.9252400286529,6.127545482675935,Wheat
72.99424794440466,30.38773548656897,42.7994304108989,19.43691683058034,61.593349462197125,696.3335160539253,7.511983918573595,Wheat
61.34324261411591,47.79098249706181,42.569201259893795,17.453406791239928,56.07076944806201,989.7102681963461,7.362515266095523,Wheat
67.27501030156479,34.949940951537954,34.09695627504421,21.359436940062572,68.69541749765284,794.7477264333181,6.828559631807923,Wheat
83.29038785307779,40.31378259050707,37.89701299727539,21.3118240078137,59.56635693646651,667.2520506319416,7.5963571087871085,Wheat
64.4498505550369,53.207626063499376,33.386426173295874,18.107519977156155,49.076748428663706,734.3966444184196,7.06368673219815,Wheat
87.64613452891636,51.765886702954056,29.505587407570104,18.018522520162954,50.278048235297156,875.5265141649984,7.044107174474457,Wheat
69.46646049963091,48.52681665384708,26.924125988116383,18.156721212608463,53.99694591928157,871.4412627887416,6.898282501531048,Wheat
75.71125918260948,33.887851994826285,41.869400962682434,22.226685754543848,56.13898639384371,689.7039613705638,6.767574314136109,Wheat
66.93426947238525,38.37419289788418,30.57906536439021,13.564787966657608,64.56374079237813,950.5011100844611,6.145418132499559,Wheat
85.76141155557954,33.78358972353294,34.58097278538101,23.740622108027704,52.48649330883564,823.9459499114096,6.628479729698115,Wheat
63.15041854768893,44.2309070492236,36.26080953307275,21.80921422626268,63.6328230186035,731.082273263488,6.5162531300043804,Wheat
73.36914890624749,37.0842496393899,45.328737853766604,17.97031832018363,61.38261720934849,720.4914173297827,7.047746134451,Wheat
59.39525201797326,37.011324086154076,42.387545265214776,17.328126082635656,65.83523121731373,806.3725460545733,7.11724129994515,Wheat
74.58704310520893,41.207740827707376,28.872438911909427,19.162834403033674,64.0814825790452,840.6464428329884,6.627940507499663,Wheat
73.8585145736422,38.16224998573036,37.127159556064896,19.618215907771322,62.53575538546415,915.1932831525098,6.773581867262777,Wheat
47.89855994480788,40.837793253402396,42.731276411334825,22.12779225645205,69.79621327577675,680.2580863653185,6.756828674797572,Wheat
69.31155822196511,42.972817172217695,30.894365896398877,19.206263642350155,48.75726711291634,998.407547146954,6.971907712144079,Wheat
77.64641716810074,38.91911273668554,29.38111902416132,23.63656366909603,65.69689241344591,677.703164861327,6.431576573935802,Wheat
74.03404312097454,45.60825468048877,26.24632116139485,17.036081663032228,60.23612776851567,645.8243869693139,6.025795458005137,Wheat
90.64102116221066,50.817722044600906,46.9291114658985,18.540670214344317,60.88767756276091,946.2425607690716,6.153579138671088,Wheat
73.74837297632043,40.44134334075317,40.739467744630275,23.042922095193088,58.3171021253013,723.6026147498934,7.23024001944998,Wheat
63.25603159603028,41.696375735605685,36.12287191084716,18.761130829101692,64.18575751550185,728.2479294069435,6.862876116747573,Wheat
85.34895786815902,47.685491296290984,50.34891009666507,23.505371287922152,67.53246262777336,697.1260173185815,6.472850226749674,Wheat
67.11139164717929,41.90805515405956,45.60716666879723,19.32495541103324,65.97699852459455,825.8211980217081,6.133428661695704,Wheat
76.2554203482329,54.42871061831195,37.45435406301844,16.302937405373097,58.38640397190434,1060.7758419352178,7.322366376855671,Wheat
66.63742556650048,39.95620111986808,39.59505557575122,21.398551018694985,59.41512074939562,748.8712970704563,6.953040171156999,Wheat
89.37755345120749,39.458778957051784,42.247595272933985,22.224971003135877,60.263829393296675,770.0840592865001,6.921006567400592,Wheat
64.01113816114893,50.47776667329637,37.13157460486471,15.091213496410564,64.16448713556707,1017.0089332256058,7.266124964724674,Wheat
70.80751129848015,42.78044765137156,40.047923882230414,18.389081082017313,60.96373350744038,792.6537465716011,7.283002353115786,Wheat
80.51867706684513,39.216352824717724,36.64314801339387,19.971214910672906,52.913695816711154,679.808003641184,7.325835196887131,Wheat
62.18719579027218,43.71030618890965,45.34446874168537,22.64006903363094,58.069347857593286,782.1928386941551,6.560601704598238,Wheat
79.2124203821169,47.84506057515252,27.813652323041847,21.07523527125176,62.74395317409715,884.9170578200147,6.6513171749378746,Wheat
87.06194839786586,46.623911376114066,33.090303742595786,22.46532194049692,51.79308862938882,814.3413709246071,6.946813285648865,Wheat
61.264383775149255,52.713407656151055,31.7783621418083,20.96540459922165,58.07731599012949,740.7109988725318,7.122936903178597,Wheat
75.93366042628826,38.291524162445185,43.96041758096061,20.407995339021763,68.65641137498501,862.9340881429002,7.105867163955039,Wheat
61.603484779195576,52.2255217484486,42.04728199348179,16.967035168628403,51.73045833167245,1040.5058784797018,6.492091209124564,Wheat
78.68142712678116,44.07291019932235,50.281676842166306,14.125707767260609,50.87084628196915,645.6249510462204,7.099942740007861,Wheat
65.09558363713187,35.00148040270813,38.083332215703145,15.937350524060523,49.86558530632434,811.6829745650386,7.226912154386702,Wheat
67.64145249490954,46.496101937051186,35.285006269680515,21.02580529207545,65.77427613502283,662.7325787394456,6.945199287555028,Wheat
61.02503745438587,51.43663479147264,44.26221391424745,20.544680316144717,70.34431231579002,680.4919039276706,7.281524788071789,Wheat
69.56980136562578,41.494781989252274,30.749615635180334,21.844210476473013,46.789669243258786,768.385237047141,6.538254225939211,Wheat
72.91344119803783,40.49864127575841,42.23717533952755,20.991781548458334,58.423082492367506,652.2249838064615,6.4790630024769875,Wheat
85.9093518671593,35.48382760478986,38.05241278797959,22.198145515980716,60.951854338563294,939.9323286906817,6.213562499468276,Wheat
63.395326740671,39.94670148898046,31.683532473862655,15.818339038595731,57.66817397491145,874.9969955671174,6.282145311708226,Wheat
91.84423475017205,35.34992905740718,35.833234200475744,17.62323061649822,66.5440642692479,773.266789329048,7.188946845248778,Wheat
60.700559202860106,44.08460336646014,37.91014826376401,19.081588240631884,65.84596659337458,580.2161562382613,6.784001023193995,Wheat
59.552039226667056,38.629428118477165,43.781715471408646,21.40898919805883,55.659890116827206,1004.3099571918725,6.32000608948635,Wheat
72.26209677198995,36.572946405972765,36.26904818399824,18.820730881763218,60.523516493989334,667.2765137044969,7.20056313482682,Wheat
75.6021128453406,46.34705800661367,35.745236791694836,20.81710862234998,67.43318926617023,579.0443537051808,7.2705917267985285,Wheat
84.41775111608149,45.66094653067853,38.807915823581155,18.671204937090344,68.65646187981905,773.7367386819918,6.943873609164259,Wheat
93.15248612690252,49.64341369836796,33.1918480185925,22.69097136316114,52.423987306514206,854.5479222881709,7.028707833111045,Wheat
77.19455656233598,43.9149700029513,35.127049928962386,14.139766987243902,59.29124625309905,916.5422579310889,6.874975661191095,Wheat
79.27599553495249,38.64035290971508,32.91530347335069,18.396739960561142,56.855142798821845,959.2230083343618,6.315756203983862,Wheat
82.607331439223,53.51917545273683,48.30853639546856,16.675640295705616,50.89061518631106,585.0805926280666,6.613124904972231,Wheat
57.24365641017017,35.83332120102325,33.29592831017246,16.719446802089877,63.91146371209282,714.6886193598756,7.323620085441407,Wheat
96.57885560536545,44.030648812106854,33.92150634803575,15.94951804901102,59.10137685831615,908.0421706294443,6.658684255590512,Wheat
74.3981765204346,37.99721007712012,41.953662339653945,18.275193944355394,54.632265101972656,689.393750630564,7.514317999605044,Wheat
68.34255291213196,48.346588413904755,36.54578105229007,18.266221833434923,65.94737787774037,826.2722354413233,6.127070430717383,Wheat
62.66207063376741,40.91886078969084,34.97446035633622,18.283280029076476,58.30554391537059,681.4193102835741,6.954231775903071,Wheat
81.18871344366363,42.6650429546683,33.48550321114481,21.61941872196146,62.717758514796294,770.8728744114812,6.267759442887823,Wheat
85.21569600178186,44.606114869355636,26.13204726304846,23.105525117771258,64.16036886315736,748.1656149398389,7.316833094110427,Wheat
65.09244676608245,42.85421891672554,26.125304111539258,23.0149317343895,59.82497082541995,766.8890347921908,7.034821710467451,Wheat
79.58970415730326,32.01031172628514,36.54774434364222,15.10272992681089,47.61315580638391,566.5380409113037,6.033404236480174,Wheat
67.10819365652193,44.98897969368117,43.330332680837024,21.403345284352017,62.263584281687876,1019.7839038406984,5.805680136920394,Wheat
68.147267115935,46.870877524659754,31.893625661601124,18.526084118438572,64.16257588610664,853.0606647253791,7.070070270607623,Wheat
66.66890296974164,35.61133558803503,49.58522318515442,17.27894895382012,57.41928577965766,1027.9851257117407,6.213834973983439,Wheat
75.93472390789707,44.38406803264378,35.353671284394245,16.89898894531118,56.52735983900888,683.3248444987897,5.895947759086054,Wheat
72.58908439259278,42.97602992764076,28.93233531350092,17.884037975443412,52.69228959652532,826.8202913400796,6.275293659745974,Wheat
50.38972735889618,41.590591001050065,39.4412723052791,21.884428614381232,54.327327072248025,866.4823776588831,6.968061221646983,Wheat
66.79979305074905,46.32543526534905,42.80141303979958,22.964219660352104,57.82289878800077,686.9274786291969,7.128918879263266,Wheat
88.58933234259713,35.89153656839473,35.59958693306229,15.585989072085228,58.12050374020911,873.4584641862426,6.70410565341925,Wheat
58.020897649586644,44.12421367787679,36.50911396118207,18.751531498579528,51.95603968297697,868.8216826065737,6.682826291861447,Wheat
66.5617883732709,44.65518379778509,38.72138023490041,21.34753154747432,57.71915313040951,821.3939683462263,6.937552086139959,Wheat
80.06742275592553,41.80133118328179,35.800560489213545,21.54131992086705,60.823343628614886,714.3107052279892,7.166545762869105,Wheat
72.2189261337397,46.56274979218337,42.724590055681425,20.487055318109228,52.38840987740217,863.1696357613463,6.832540542959653,Wheat
76.07524500874116,33.38655337297633,43.897682313881766,20.691396687683767,52.07578499344795,907.4850069417599,6.2641199663818,Wheat
72.72567850519144,48.92184065337483,28.76525933420413,21.18180791982481,59.69567883673205,724.5701092745746,6.7095768634848,Wheat
73.9740511176724,34.71502958289249,31.525840821099408,15.285519597901695,55.5094593311807,730.1722716667172,6.347867824084373,Wheat
66.01844799239812,35.33204223177316,42.62994923550837,23.292713900362617,67.55699992932375,711.6368685931184,7.228424258268952,Wheat
80.80489337094649,40.69452749013683,32.86277946891388,17.825100344703557,65.33307892704237,617.2749005360812,6.511763566835609,Wheat
80.00148400843257,47.90179743503439,55.319844326480144,23.4439283111389,49.74590903226438,532.9724432889244,6.274709093614878,Wheat
80.57289722206875,44.86508175903867,37.637567800058946,21.219712404312965,67.73117061407459,648.211351476186,6.633287715325347,Wheat
87.85767163843316,39.47925203982723,35.827055206996285,21.867762747264475,50.43227352230058,571.5489370528242,7.502209719253967,Wheat
80.10477642010567,38.166076079035506,40.90097750818983,21.302753895104242,66.51608086704428,698.7835770150507,6.223145058795122,Wheat
83.87621433798292,39.65365435173852,46.02479407285486,21.132757987694053,59.34020009955679,589.0691640248783,6.884704585457652,Wheat
78.21416441044686,31.537396757827192,36.6302582095779,20.554985610159388,59.83750397607102,988.4817931271605,6.388733229340351,Wheat
69.12941227607466,37.92531551287734,43.06059106160123,21.49053588723626,70.10302232670841,993.3564858695095,5.932047006204208,Wheat
75.85027006050808,40.705959232697346,41.25777464784157,22.787028787443948,53.485065228322206,558.3925880494951,6.439090486601507,Wheat
63.02287488580443,42.97657279534498,22.744518671344604,14.241047882493428,58.438130283537674,954.2499354895609,6.9955461152881755,Wheat
63.14247487098555,50.88219970636466,41.63536570905073,20.023379865417574,67.19164375669249,962.6145901521126,6.037595453195715,Wheat
82.75979992655947,41.38640475735671,43.47044605051373,15.82495116983439,62.94618804541174,840.2938477134186,7.457095904454468,Wheat
82.10371029180648,39.17054956949103,45.7064954179796,22.889299002070082,62.81585099662496,985.0894213825604,5.877521555963186,Wheat
66.41231377214588,44.5286490902022,39.30884698070759,22.748696150372282,64.18219375955344,929.3405946584702,6.321277694599238,Wheat
65.1128191408803,45.330221901542416,40.146841307192226,19.021696958138296,69.80538555717435,802.1812351873214,6.10092546034686,Wheat
75.54621533980335,44.35764778941402,34.48521985413311,22.190874440121373,49.029967995048644,940.9149339280866,6.3808296341488475,Wheat
72.20568412141243,43.59797336271317,41.871135644603946,20.161109787877947,69.19631088616646,1008.2934556733178,6.370010546165438,Wheat
83.33371166470039,34.310357692026116,27.373705948109183,20.383791732486813,60.498554114689064,835.0960513338462,7.151858698645296,Wheat
63.41561956681712,42.10593180251752,34.47992968626251,18.147565470932822,56.99440150803984,864.9089626824767,7.180466894661062,Wheat
63.62007606621084,41.669391884699756,32.86852990245842,19.002349799636978,55.46708031087377,897.9893160909639,6.580462834258889,Wheat
73.92308751499702,44.69889801327104,44.28209533910618,20.192621064552906,64.07904639994989,857.4976776480654,6.277344388025219,Wheat
76.09839457983504,34.15716197456294,41.87328668974146,17.001731073973534,62.70851749886576,774.7963138864069,7.062702565972789,Wheat
79.10938003034875,37.772302229959905,45.36977975926595,20.75743257690076,58.711152644302175,908.6945742562089,6.4400734741721175,Wheat
56.088395093270165,43.55734917400549,41.3364851460793,23.751199211379433,65.02709566648696,611.4581319796068,6.217140902256646,Wheat
72.19590120287008,40.54285401214192,28.98888329670101,20.83759038087817,61.22022146159698,800.9620225303021,6.335365096886362,Wheat
67.11906729673645,50.896236099212494,43.10345561253049,16.07291278517706,56.68586264247767,807.7871971336651,6.9352700314373745,Wheat
66.22064938470832,36.296895991045595,26.127595751482076,18.136491899723865,58.793741740881025,745.3622125140962,6.450262088355264,Wheat
62.325589552377465,33.3575137800301,28.46824082113753,20.42103568749603,53.891109060709816,940.7873644656257,6.008420974489856,Wheat
70.44292690605147,44.51374922542255,42.734046486157666,18.731427104316374,52.15108649451419,915.2184256191392,6.272165769851318,Wheat
70.92671899053211,44.50616256023784,41.334763019943466,17.306180713814612,54.169473988498915,903.727121056208,6.350057312835075,Wheat
81.93186158724421,39.14366259530992,27.934960459904467,20.868542522454565,54.451021761965556,841.6947194644328,6.928309621922306,Wheat
91.76797769296287,32.47217608722602,41.818751882991975,17.212075626936596,55.365970163088726,745.4108503992393,6.320314897744597,Wheat
80.24177562318503,40.80479987467297,34.97357986928782,15.985586131484258,66.20546734670782,802.7898365529257,7.064176697667811,Wheat
78.8529894001461,49.05314945809554,44.49455562473056,16.917486269020742,52.18206193072762,959.7944750775732,7.056993671090821,Wheat
89.88142555413005,37.68888495155256,36.770192262997675,17.923316202700587,55.426813199508196,984.7478575218402,7.408830971595951,Wheat
67.21372749623565,47.69994815065585,39.8830371377151,24.182501101521765,65.21138339500676,702.9263568316927,6.60972837213071,Wheat
71.01891808874024,49.5022902718814,26.709716874066675,23.355646116334004,60.12758342287442,877.0796368107136,7.004349629111893,Wheat
65.20348207983275,43.486688915793266,28.016745455440876,15.029159229184323,58.084921869842084,866.4010871827194,6.9154716953336886,Wheat
66.69588155535978,49.94533071831746,40.19726665839755,15.675407048898661,62.74097026909524,730.0286553015077,6.998386535765444,Wheat
71.8468312652082,36.24400553165275,39.702123913469535,16.115151512254485,65.13723900870077,871.0355474393099,6.5470396527831065,Wheat
69.57995328697125,47.58823231251585,43.761989376248444,14.95792918141317,58.11025015801744,938.9931513454467,6.220780469312655,Wheat
87.62851105325859,44.47012587834619,40.554914098119795,16.956161966810726,63.89997451099481,655.2090803290713,6.457603953956326,Wheat
61.988720763087564,52.52352504671772,41.29981167669717,20.12201391582234,57.711757360052694,854.4117576563087,5.966028202702333,Wheat
80.63553414225771,48.39249577592652,40.193090385067734,17.198938166949794,59.482244654104,760.928976754473,6.59341563457539,Wheat
74.2684965907294,47.924453097751055,38.15548602541371,15.187288630752036,53.21226197970423,764.2604055959902,6.740149280539973,Wheat
86.94570439854435,44.4924282407948,48.7090740972,16.643146293561756,66.81023220967141,937.4127901487205,6.164104391049489,Wheat
79.23020292355312,45.86259705250648,38.40861540317511,17.92794485205745,55.76339984288828,712.1505265730547,7.025010181414703,Wheat
79.1735874304321,44.509079338233654,36.83025451941048,21.666914751301864,51.600104530092345,815.3767046108013,6.320029552776771,Wheat
65.41465535659447,42.37574740673845,53.56526813602215,15.679467875519192,60.627748006060685,736.2730845028982,6.70512797113061,Wheat
78.49086264848337,52.652807731923275,22.93420251631974,21.275575969698377,55.84246570370611,686.3140564686815,6.707682751388372,Wheat
90.3436301550259,32.348848073015716,39.57846724719751,23.323612762236277,71.75528289829947,632.8769947714244,7.447916729693189,Wheat
65.91133134315706,36.782039824963405,23.772306645322992,17.963250614343842,56.22245742678453,733.228059589225,7.428114030148431,Wheat
77.09270816494083,52.71880869624165,34.293851274814344,22.305353872250883,53.14807464071668,649.5156429308319,6.992651716794002,Wheat
70.78855684077864,42.37957594070463,31.388447889222384,18.725055209256457,68.49617969497287,721.9698605987771,6.023952316810169,Wheat
75.41242177868695,48.611548254606745,29.316408262176374,16.86812672343834,63.67771564895673,807.7320102331589,6.959524329379384,Wheat
59.9739927058138,40.21924668769473,39.15394456682182,16.52242826108093,57.960656895903064,590.2356856166837,7.126754602015228,Wheat
77.85084290352664,35.31158415874732,22.471532181531973,18.742374360976093,62.85375902155919,773.831619072057,6.575169474476848,Wheat
90.28848465275573,47.15794970024207,44.81751492191059,16.504779394098453,67.99842469329442,951.9033159173795,6.178300170159578,Wheat
93.55822086050982,41.1153041313563,49.80912243947788,21.86547142174696,61.55696970649216,804.9202744826135,7.480230122204871,Wheat
76.89979451955352,36.667232845085024,23.49334306021466,21.546720837814703,58.68846740162356,802.7473004358824,6.563378988919539,Wheat
85.20188157285884,47.59269277778646,28.864873853198628,17.36355387202533,50.47011006143698,917.4696980433367,7.461333828853798,Wheat
60.527331255971184,39.86096990953749,39.880774483800245,21.498446048740544,51.43068543259757,734.6595787745308,6.0545122249709715,Wheat
72.36832109255623,42.8164438146033,40.163569503598026,18.464900720775017,61.38523991158572,605.0669877228613,7.018027059359324,Wheat
95.30784849509872,46.56168708543267,31.95053978361679,22.941224816367722,70.94193073896717,787.3934541887637,6.96519568119715,Wheat
75.45265377689113,48.203741031318984,36.0362497536381,21.07861291189848,51.174280446006726,701.7147151742131,6.115842285676544,Wheat
88.89723252994568,49.27905973387598,46.056047836437706,15.397107506390752,56.392746934462075,976.0186960312918,6.730582876790038,Wheat
56.29794459474449,31.715376565185714,36.18578384864618,19.09387445745211,58.09980818078422,866.8922638380953,6.601954291726283,Wheat
70.00748941404693,43.39729045296892,37.014921007958435,20.12919241555806,69.22016085494363,681.010185189364,7.031536053516399,Wheat
71.58596757658049,40.33773128581465,27.56462743645384,21.057111197594015,67.94101929190494,894.3571585859747,6.371429911896227,Wheat
83.71903649091935,44.971115508814194,45.75414672116292,15.895114168860248,63.2625575353191,881.1417266482838,5.974116115871876,Wheat
87.21964961079365,41.536392722303674,34.46709290430731,24.684129102010502,53.84382736784476,979.662365388956,7.144049443117432,Wheat
67.88844256159575,49.095504721767604,42.86890138151081,16.989093095749542,69.82783484372575,876.9362845571992,6.143675704578587,Wheat
61.45225656942077,38.590622003073804,40.09654600749232,20.65482274518382,63.440676307811195,722.034539230042,6.746201776388321,Wheat
83.49196722744635,55.8157128599005,30.242093518860056,17.823784861096676,56.148832422466654,576.6964173156229,6.757863610576307,Wheat
59.21243038758999,39.22122776182567,33.79578091192891,15.65984781281486,54.32151315433756,701.5311733211596,6.456552998355928,Wheat
75.0401671403475,40.430787399143384,44.22021617827695,16.520525405029183,56.22830253349361,886.1823201274965,6.367582211601081,Wheat
85.43267912261226,44.15351598939985,27.582940485183016,17.756719525225012,60.664644832107484,769.0389661809301,6.569727335005696,Wheat
63.91560303362031,46.023125098589134,35.166443195881946,18.476815706366242,55.749676361635096,997.9848970597003,7.055736654338434,Wheat
87.43292777116525,39.021233824802216,39.121747028975534,24.860816460806376,65.73607255003974,1034.7396556341967,7.259643721122948,Wheat
65.77071530059416,35.11400247839269,40.432012025591426,16.697391123593253,57.39495044488037,663.3380955851071,7.035676669854831,Wheat
86.50985977193461,36.17316093055172,34.662656934772116,18.483509248444797,54.08212000615216,856.1190382036268,6.830272843233345,Wheat
57.858865874843865,42.14261233993453,33.90689267278338,19.15968145755328,49.39622852640323,909.8189321071943,6.7144884814132135,Wheat
72.66019238027448,45.757529479477185,40.97719273111701,23.426932494490515,66.29236200136803,750.9090159558378,6.202647353933479,Wheat
81.21634111188949,40.25228004253867,45.13180892402895,17.155206311838636,54.240180186623185,1088.9863025776597,6.919314637656009,Wheat
77.24823817559846,41.93549876517223,37.113232673710556,20.44165421885714,50.90928540912692,783.6415775503676,7.490165206928938,Wheat
86.79947813478545,37.12938591046439,26.166546331692665,18.29511187671773,61.51554690794734,849.8306464214094,6.680336520905912,Wheat
70.4709494408917,34.06848274152343,32.85537128380276,15.025263927198754,65.67311738501472,965.5375278040548,7.1874700933525615,Wheat
69.70318001466066,42.17129155032454,46.136940951489116,21.726270187628998,65.31375049704785,763.9117859915132,6.373551294131356,Wheat
61.411918617638065,39.75863783234906,37.909957588322776,17.022934663459715,58.73314559661368,869.9441736386384,6.107879267313081,Wheat
83.96514271718735,42.323091762428874,34.84042481991648,19.228868684853257,55.00511405218727,698.9091619598307,6.948267633163566,Wheat
84.50402533119899,39.260234067643296,45.21039530836798,18.466514534433777,61.53468910819581,923.6967564277512,6.2490612491662425,Wheat
93.007606304138,47.47001753343827,21.87102113377416,18.660515447648077,50.54652995942588,1025.6073136470477,6.043244017866001,Wheat
75.98309844268005,42.75018746240987,46.058736512716585,19.612521534733098,67.05654607211598,789.0998999224157,7.364842401299676,Wheat
75.85252823845403,39.137593087612096,28.135339700820936,16.04545594727052,53.993543764682414,673.3304184922927,7.474176523136485,Wheat
89.84335585461542,44.31095261928576,44.7109780065622,21.430251399549466,55.14669399877668,925.9479642684389,7.317197460349357,Wheat
68.79776342227568,40.93792465879457,21.3547821191679,17.432768596911124,55.89742186481836,649.8215127621006,7.3877077482579345,Wheat
68.80277364053384,50.79715992122974,35.295221202917006,16.407993089320655,67.40358037042186,924.2398954833097,7.204328059142086,Wheat
82.3479419923698,48.19619431392435,29.897845308606684,23.133340066777315,61.09860444540417,951.9515233048311,6.983906676300583,Wheat
93.04362891965377,49.65501315092469,30.342252843917883,19.196362668344932,67.6920498373423,691.7772839512809,6.397208238996258,Wheat
67.6574608128601,38.97822152723935,41.465853523722004,17.231105034387838,57.496227871458565,646.6756495141798,6.255290540868632,Wheat
91.26430206164498,33.8431330478606,32.21176762515156,20.374096575089414,62.97582859982362,816.6382393618893,7.021636481807219,Wheat
74.48081474523653,43.11654459791487,38.97452460388413,18.03010627574642,67.82919798917015,903.9616171572585,6.913023402312436,Wheat
79.61087543826832,43.310744330735865,43.37101469699064,15.520501621208021,62.77443094298005,928.7135673921031,6.197549230857985,Wheat
65.45390693533835,36.00401479468097,37.857840272293956,20.545181409113443,66.96956592374777,839.7055463160788,7.079110878017986,Wheat
82.33253945080278,51.54383495222958,30.444373518016373,22.054410379134797,65.96173061004679,759.1953025371248,6.854320013100384,Wheat
82.51996779664873,42.53137254752173,42.66818793838593,19.63831539776271,58.293903565718445,789.3910927200477,6.026965602826589,Wheat
76.5648683951375,33.17384050339508,37.44329357345759,21.144919968021604,61.97186288385671,914.7990781535726,7.085534690428507,Wheat
79.07907563493575,48.315826155189896,50.9985210534576,15.253630404872652,55.12669376990625,864.6488809857289,6.618250785053383,Wheat
71.6163120656086,46.684018425948544,43.32815983040139,19.816519908311573,65.51483400461883,758.799981393079,7.236828766218141,Wheat
68.59172058484664,44.46538327124884,36.20121527923615,21.37061477183191,66.39903844410017,689.0214757675468,6.351757158700426,Wheat
73.45169057387558,46.683555161298045,37.64758274860228,14.491673998033434,63.47153829470073,642.7986616439335,7.3973539008289215,Wheat
77.96193158049364,37.09680562529167,48.01297827681813,14.79829803633242,50.29501616669269,802.9826591301683,6.863711502506547,Wheat
70.1705508393069,40.12941006852182,36.3326919620221,22.017542683183187,54.11932780469761,609.7938221136309,7.4707332957988895,Wheat
75.9716610153744,52.58781954128476,30.053476921809985,19.471878656465158,47.94804717708389,733.535789304228,7.040728418130899,Wheat
78.99689380045886,41.39304259064998,42.163246152380445,16.250477199710154,60.97388192876802,842.0171190210331,7.115390240071233,Wheat
83.59715827616232,35.364731658815444,32.79116391301234,22.238581080871988,63.41207581816667,811.2660333937306,7.183065676550829,Wheat
65.15466369019708,40.345726933081345,38.17194983047761,20.073328090271204,57.66823644869616,860.3107619781936,6.390716005323795,Wheat
90.5032869941374,38.82432011681355,42.213607551145245,16.83284942979948,50.14509357455237,955.5231963982586,6.637698984086148,Wheat
69.74869737955565,42.00165293569156,46.14605280323321,17.069780716027005,59.897073391684415,891.1649061763503,7.023612161077898,Wheat
60.30685726221021,46.163846603508375,37.180057647406066,18.2253195118159,60.512572459147826,944.8446288092273,6.8033252870092475,Wheat
79.57599777905553,41.30681803564366,39.172767483695026,20.756112034736386,65.34858339533179,674.4781095304726,6.447590837245206,Wheat
74.21387396848912,38.73575850241458,40.75407723565163,23.789967946099665,53.05984554671346,713.4546483212303,6.242607092338373,Wheat
83.11007538218134,34.85786406596271,40.49650037919792,20.006381461819462,68.84543460967554,819.3372871747354,7.461767460379863,Wheat
82.1167411379852,46.63660652039586,35.62805958803216,15.546623400632614,58.33930731848854,648.3267415532845,6.776998948954845,Wheat
84.13925596626967,34.98346046853488,43.282187604767316,19.919920886145103,56.01489136066241,680.6859477234494,6.331641145778045,Wheat
80.05655380844522,42.52182919061586,28.056110962218163,14.296024061134384,66.90614545612495,811.3389847726461,6.291616799489992,Wheat
86.50014400220778,39.00375237470296,47.83335433398083,17.627921610591656,59.36735277100159,751.5765186029512,6.376474541943014,Wheat
75.72711208775407,42.54209078383257,34.68634566951083,17.265910809951688,60.14184580826708,761.9278797627902,6.548586309109616,Wheat
74.92575513076793,51.215157957153195,34.148960280741164,22.418097028585944,60.6922901176514,633.6048904878216,6.8188559576706975,Wheat
77.36047999636655,49.943323576089824,31.252624676127418,19.055795900839644,59.386885676800865,794.6547938154959,6.545975496486358,Wheat
115.52683272449528,52.3787766750075,53.98666438256186,22.76576703885255,79.58098047591965,1223.284709092608,5.9322519168491255,Corn
81.48609761912728,59.74923217537448,45.46855933743181,33.32821480171327,81.6177372529067,992.1087668985646,6.940932785595264,Corn
98.53721771130897,49.13343937048224,44.01706857880128,31.711598444158227,72.06669285556171,1371.521510633801,6.0676391844120765,Corn
87.76007232090994,60.390764188512755,53.77003733261566,25.52808155721416,69.96651854559265,1215.0371195639173,5.779870122371168,Corn
97.44277331981758,55.15976426081594,42.732152955635975,26.608110762152787,66.6619321437108,831.2508567038786,6.52704871447339,Corn
105.54196063911097,67.72597099542266,48.2257723513338,23.190066963707242,85.88352698578021,766.2779460636738,6.185145139158693,Corn
91.47799381991936,47.40790335854561,46.66769203995991,29.23086781889857,80.32818084494477,961.0917214461534,6.312997109178452,Corn
74.93959328544871,52.77812459456236,66.5541070034042,28.909947572768647,82.6682764426312,1109.625657830186,6.444606063499002,Corn
103.80078573862171,45.05862745721237,49.25696301497568,25.945775580001968,69.7451403138657,1346.9468141921002,5.690109630730831,Corn
109.53237725016119,58.14745930610597,53.34976946250481,24.498723083939723,74.06919067483315,761.6874531139717,6.626491642625498,Corn
105.03682328279336,60.882951591819506,43.84093077093618,31.48972280643216,72.70240192217514,918.5300056575094,6.389285134493772,Corn
105.01285140818001,70.82286590497634,49.525345226693936,23.43148694103363,80.7377073082101,1383.1935087288314,6.566936765461611,Corn
116.74096071970676,46.43554747983204,49.517022986991726,22.540116915427472,67.02291782448648,901.4830036168298,6.011145520751336,Corn
104.29066710622581,60.329669398514795,53.22745270208301,21.17413420228892,79.44075317392202,1043.7899485743928,6.946249924404579,Corn
89.00251489116117,60.17027810731161,44.20084948653045,26.852930018924187,64.5095446797602,999.5631743440789,6.494614303062947,Corn
98.02086821255638,59.566214624353925,45.86451154622381,23.38147701276279,81.60629386442494,1139.6585813112176,6.508442755094108,Corn
115.75168764865555,66.419328260903,47.27961607704564,23.307398909603403,83.30161997375266,1119.738431861375,5.769712295858914,Corn
92.54732354496232,73.39259226542781,45.55353516724771,29.852639158563658,69.80974184990913,1371.4018821668587,6.36095111262021,Corn
106.09175383914,55.381399496385065,63.079291645613104,27.3509042115508,68.22321778880773,1343.7119134925695,6.495580390495771,Corn
97.55948155164731,46.33158694589156,52.773946191406175,30.570182145666603,74.07725774386475,902.9933828231767,6.246912510233433,Corn
95.92936212567682,48.68595160284448,51.62889123873995,26.1975683039691,76.05538344417467,1185.6261678764997,6.060750920212327,Corn
90.30625789854504,60.87769352933419,43.39180662900236,26.47650911658009,61.401275961220556,1039.015215920361,6.371027429097081,Corn
84.92904293128053,55.66912380100434,48.81314399809407,23.62761859608827,77.33399851457611,801.3263263685986,6.834588129406476,Corn
112.01562204161321,69.00894975937481,34.11950276088186,28.004658861534786,70.96184257490819,1101.462732150638,5.731987284727798,Corn
89.53066956275418,67.76826979034217,40.785891233070465,22.683153218498063,71.37380255952078,1330.5074799784452,5.789395279240796,Corn
101.95178749409014,64.39852582645666,42.379128229681015,26.593385602041497,66.79917832297008,836.3416246854233,6.038830045653525,Corn
86.45188973856803,49.839607719791566,54.92792534577911,22.160366166525215,80.62922883894913,1146.369099965462,6.530339414601327,Corn
93.71589661165564,43.42101258098306,46.92215720179538,33.6630385556161,78.29018403255232,1300.5524497596464,6.462276271480239,Corn
85.72439159321893,49.571793069904544,47.27421642729195,32.08583978079013,74.20494859207672,1196.8443607869897,6.12927731298107,Corn
103.5995595200467,47.92850634489512,58.11523982486319,22.98030818725315,74.41604998879389,796.9662326561663,6.1739068849381304,Corn
106.90332628419617,54.258129756291375,33.8615908057854,32.03921033822568,81.30337317584063,1276.9310385139454,6.484155386987119,Corn
81.64004634178471,66.46919004712537,47.93935326305412,25.556590052860276,76.89272605755103,985.6791437149512,6.145269748668645,Corn
103.58778146608229,63.3073295611688,47.37031787124776,28.71784064058269,64.3905974914239,978.0281290204546,5.731210130745893,Corn
98.21116624783959,65.31750906134707,36.71333168591791,30.36556238868868,62.73434978396963,907.7857903696723,5.8419775602596165,Corn
108.10782327205709,56.36140206756766,50.72808885572037,27.98382548488895,84.89101621081406,1182.0932066397777,6.425614587880481,Corn
92.99874033665203,61.60853071789566,60.481889697827654,27.569341032061185,75.55375089130807,1380.142377873879,6.670156586835829,Corn
94.5249644327161,63.00922350851975,39.99982262348888,29.368096916848902,68.15970258212774,1281.9813249221834,5.972206054999413,Corn
116.2701011679312,65.17437198438103,58.82788454068525,23.564650870573633,69.70002189686072,1260.5574345043276,6.601021891392175,Corn
94.90902491043116,60.91334566476464,41.12345569170029,23.776466044720785,84.15603713463095,1005.3677352337718,6.465015943446303,Corn
102.54116064184382,56.20555834393568,63.888975729134955,27.52887396395507,74.41231490783814,977.0535423578322,6.146896448770878,Corn
90.83996221784717,71.50732603090822,45.06529429339102,23.871141607111642,68.53588839821779,1238.9844021272672,6.594147489464145,Corn
117.63233656292635,67.86920912010429,49.63852120181795,23.128757930629824,64.53798565467791,916.2589265819505,6.529197326087865,Corn
109.90511387718338,69.18231504457708,55.28609317327073,24.185566312171503,72.94324464896226,1245.3119699778122,5.841378200080893,Corn
98.28187366733955,64.1472591867162,54.853377683283846,29.497471369787256,75.48228329663952,1353.1400067922148,6.525368949006591,Corn
87.84848156217367,46.01418517176142,41.93483725033253,29.209542054870003,76.49133021546315,993.4205774205311,6.064400195641464,Corn
115.38825565652517,59.443685653394446,33.77892019703604,30.27607760914356,76.7703995571423,835.8692844608046,7.03161303327781,Corn
112.37244961886601,58.755793782062355,52.90053745715043,31.423164789098266,83.39454725071442,1073.3119769166117,5.653862240023729,Corn
88.78368649447198,67.37107598606363,47.10859684322506,26.49070163523824,73.91029249489742,831.7381078746209,6.8606957045269,Corn
107.69130049882017,58.05751548791794,60.214286965049894,25.1332732048102,77.38852453796005,983.9935670460906,6.409638236649088,Corn
90.43521496379594,53.447164142559345,55.77805372382021,28.848055620637098,76.2383427625583,1284.4179913420583,6.485038174969905,Corn
100.34903452594511,46.943561981577155,61.19815254027582,27.595049893600848,74.09570721202965,1018.6966508060917,6.151855157659926,Corn
98.96951571563919,59.84218672792734,48.75229153428529,21.490840447815955,73.22799176512865,1191.0233470930273,6.386050004066021,Corn
102.49664015276151,48.54266973691716,56.072770085603096,22.996829468374788,63.98662062774621,869.9111549724852,5.953034862860326,Corn
93.26684689051584,57.181965613364795,43.26215672887728,22.515828752709815,78.03010012173861,906.2801916461476,6.271898920195315,Corn
78.67377293239682,46.965158835387946,46.81642650018046,31.577194654223963,78.65965296791168,1084.8183377199957,7.114320487148204,Corn
95.64336482777969,54.948034225189176,42.11375013929328,30.746751162107152,80.83701796679982,1314.0025588690073,6.3760664173831865,Corn
86.14323696408086,52.978505536682846,59.95434369957956,31.939914162873194,60.33568207211423,1322.1886890385474,6.743421878783261,Corn
87.81178005711594,67.61915561107472,60.38234934414988,28.81834278498136,67.09660633999935,1190.009069399249,6.25924828129462,Corn
86.07616143387301,58.72168808368393,41.94584569469651,23.356944998742694,69.8711667700202,1300.735126252931,6.186900860058638,Corn
104.49473790702032,59.77559426942767,37.17230083291529,29.797670668039192,65.7110177748661,1432.955145371073,6.204474458473323,Corn
92.54311604135646,51.451611272131075,42.724437251727814,30.62096268819175,83.67087973702215,930.1288725951753,6.0093776238577,Corn
94.97252484474697,49.18092287809412,55.815831034216956,24.04256692220102,78.27081025444343,771.186140887024,7.027765920864615,Corn
97.18698676648495,54.95576565673938,50.841080731663865,26.50162101765091,64.29782310170663,836.9386092075935,6.163452629393045,Corn
94.91039783564528,67.03260379039051,48.07609614549888,30.72452103293712,65.88355913622114,1179.7998434604538,6.402355141506124,Corn
98.4940203880277,50.4404988809424,47.19407061992939,25.008646300633217,74.7411076665138,1317.2190485207227,5.991931907206158,Corn
102.1906368557348,45.9488875042614,43.32783521990045,33.13359295887595,80.4770196321405,1231.3422364434687,6.105750489729378,Corn
100.50708181057547,61.82349038763385,44.561576606845016,21.73078123945965,61.41465506366743,1376.7975747876437,6.671003720210141,Corn
80.93572350177658,56.81437190283232,57.63600462148929,25.302870989791074,60.209470311231925,1104.153462373187,6.122852747934994,Corn
89.9193125948645,62.206962993939335,52.44014883822493,27.60899756378195,64.0572700725164,860.9675968391437,6.695992289954623,Corn
87.87865031247718,62.54159333572202,37.53232535588679,25.166567104749358,64.16823416395663,1308.4264336495517,6.302846381636528,Corn
83.74571860950554,62.33986286503633,49.77940524348132,28.12651640129459,78.2867836334253,1057.0158675327955,6.087383857063635,Corn
91.91987559410595,44.048414279058626,42.47067093405748,22.498017347664064,69.77246323418777,894.4239989084715,7.106316367439147,Corn
97.84128691960545,59.8573532539023,62.03063795205385,21.72470779999638,72.6732834542285,1119.61954561181,5.670550270451548,Corn
81.8434579943165,49.084282474649974,43.98515990981003,25.133944644021245,86.7657258705933,1016.8724982176649,6.9516979050405165,Corn
88.11882975649873,68.86455349048624,46.730400056494474,24.570303117654458,86.13929277050644,1072.7704723869874,6.254896563795303,Corn
98.43528047719093,55.673243381268534,58.21379302804368,26.077210398475554,64.46325631708923,874.1675409094593,6.086507248914559,Corn
117.90507832057922,48.9014340609759,41.536687868158765,21.972997243039362,63.113845192322145,1234.6524893794153,6.073007729213165,Corn
78.4596452618159,62.30202575199293,40.02099569889595,24.10897587078801,85.44554245859553,1010.0011275835889,5.5981342529854,Corn
120.998932655487,47.73633074583882,60.160525776620716,25.51220502280763,79.64902092266425,917.93653783861,7.107411481415565,Corn
81.62668573870805,51.34992139816119,43.481690995314196,24.187514876467944,62.76209639216745,1086.6456037176617,6.133491102582106,Corn
118.00220118096054,58.2697770952055,52.50634984118951,31.54076289347702,69.328774756591,1505.9841584292958,6.108843688488919,Corn
83.84927984247696,59.105628213210295,48.66385325367088,29.08939942878033,76.6654768005405,958.9476829637001,6.348804143195073,Corn
85.59443704996991,45.81309322147416,52.651576628377136,32.179244602720125,82.0647401760922,1023.6241956285139,6.190444941360179,Corn
112.95495503099167,59.08202497466072,36.87150138335456,22.117248241461144,75.57789659119267,904.9379741421965,6.727317607819789,Corn
119.63590903472466,48.957604194749365,44.55835854867636,27.035485332227342,57.82480251348267,1129.972499544955,6.658536556258486,Corn
113.48803002744329,59.920057949694225,35.062009466447414,26.593499306099893,64.37478899262243,853.4400161692611,6.010991613254076,Corn
89.52211410030398,71.9618339826168,44.93525304686721,25.79688180422776,65.18927159547506,736.1276035122783,6.801198013881244,Corn
90.05548587768985,57.63614970737116,55.071357875200306,24.46141998337845,81.6807621671843,1348.4029278807204,7.269888415034959,Corn
118.05808252843613,66.7701157762497,53.81400347626094,28.159449197099367,76.32545068521392,1255.6460484689735,5.943513040914623,Corn
123.96483140103604,56.75041357902527,55.06011229151952,23.06224540869449,67.56645775784212,1308.6081046185982,5.815405147393681,Corn
100.55075188544595,64.86772958497426,50.533176919412114,28.340553658367806,72.91080412056617,1115.8061503067079,7.123021737137094,Corn
79.87985380588353,66.56790832508604,54.48706060390892,23.58835155678805,77.07317012440824,846.3287103412392,5.782620963537045,Corn
94.06166221004142,57.702627754420796,65.54033098572492,22.42616577002427,72.25728540267882,1099.8995532261326,6.590018399305057,Corn
103.91311236235852,70.6400918118723,57.95630196453554,27.402581787539617,84.09422844213039,1009.7894059348764,6.0544426897712995,Corn
106.31916775330046,51.96953607602547,51.74796698124669,25.402523770223222,86.76851533520156,803.8610742684903,6.877300776060235,Corn
115.54630296338135,62.864223962077,62.155770168699306,26.58835274944459,84.27852625020513,1171.2895424087421,6.773531243883113,Corn
116.05485450276831,55.4216978505887,53.25585401983257,30.674651398975065,83.43850438941907,833.6165120401025,6.280545686823955,Corn
112.69842152270782,66.71483732750248,47.23534898687171,29.94845976621022,63.5001218562336,1048.1146849927115,6.819045520115962,Corn
87.65369100382593,52.35310521939416,42.25162108948199,22.155174940660405,71.59523862103687,1255.6575751970704,6.385445496413809,Corn
100.005821410591,54.945686245647984,46.31411971965096,27.553156796996248,67.20154639314416,1019.5181148953236,6.966172152098386,Corn
73.70599393671463,57.00962124013523,52.66010191239827,27.537039705812305,69.45500020756975,907.7575432773431,6.396870444286085,Corn
101.61276334276224,51.42444869262388,57.5070162662094,22.526778883493947,72.82613834432064,1183.9089565422885,5.7328857718058375,Corn
101.43802992176867,52.58493695496083,45.75770648776641,23.79007945438045,83.43061237872897,1040.4420110727654,6.455500693437191,Corn
111.60069586988435,55.69872581309574,56.21868487308543,31.294004477480367,62.76460675914773,1354.597527812021,6.827870069633666,Corn
101.58138175557167,61.88736356360191,61.56403228055604,24.516650614360117,81.33690840965919,1237.6807713196,6.635685379377904,Corn
79.59848909456997,69.67209976148762,53.52765640301609,24.048413735601695,80.32142981115177,1119.058134461918,5.94290718423672,Corn
104.79168898492833,52.86674824106894,60.669689680749485,32.290888157453125,66.23074779396553,1272.95614423404,6.09410286949329,Corn
101.58989495820099,60.92649717759791,49.273588430494975,25.458537226106042,64.5639542274229,1291.7452766144615,6.635510630200414,Corn
106.20629295021774,53.261392794220626,44.82382001753798,33.166822946780385,75.52919835551255,905.8710938861162,5.970241851097623,Corn
92.19346978271014,52.15678900376725,39.03349666295137,29.026627358030332,78.39499871973317,1042.9705347540041,6.816544881979677,Corn
113.46413354885715,62.144258055616476,50.94813619960593,32.29655840375579,69.22283412453211,1364.7855875747175,6.4171773480387335,Corn
79.80707330905112,71.04841795123508,50.110735976055146,27.650524471373714,61.01668364927215,1353.0160941997951,6.809431706524834,Corn
91.47617735855323,49.83909535550827,57.51539246689085,28.006183691446147,73.40464752119156,1146.5004388931727,7.045254230251475,Corn
110.46993240684021,69.46326070155813,60.29628263258887,28.12749225438574,67.40034151684118,915.6607108213735,6.499576574548978,Corn
117.69011085018302,56.00454473491878,40.53798160342788,26.174789493605154,66.64017324687026,1272.2611696368997,6.517035449021653,Corn
113.47481443966936,50.809109413131466,49.43308785807051,24.36894670765885,75.35561083602579,1153.3208876387387,6.084742063671007,Corn
93.75810901811468,66.3969896646357,40.424611838890726,28.139454688339175,71.93883357521628,1346.6235761689147,5.832422204218105,Corn
106.48695271320575,58.602733802528334,47.06627051725798,23.964486023729577,74.12847591892263,769.2503030962528,6.701769576082852,Corn
109.9246711001775,62.697732029325365,56.61909578875221,29.745512788376622,73.00769831607667,819.9819613886501,6.176600604394975,Corn
81.60713025402372,58.41522727052217,45.195162137497896,20.880726871872877,75.65694088166882,1055.6779248015712,6.219239164651082,Corn
100.1418700891528,71.20837894582624,60.93855381782771,29.220540921617204,85.45739838673953,862.0143214317711,6.247425298134617,Corn
113.95138824145987,44.73616443120005,42.87068458195818,26.443162869026107,59.705369746211154,997.839772587306,6.317808645838143,Corn
85.3787164469003,55.037842878210235,54.0634563794991,30.613364024238223,82.79747465702086,829.6591952442952,6.4560777177285855,Corn
99.68830728846534,52.57683673158292,38.88814120775523,29.529229299448527,78.00331995364645,1144.8202543710806,6.7998125155081635,Corn
93.09882883099415,49.500286055150596,56.77971866392137,29.196477415088147,71.07227729011606,1062.883239210479,6.287383214598074,Corn
107.13725720309662,52.53362004241077,57.2558554366628,30.713190488823777,67.14355546059598,872.7682719240842,5.795018162937063,Corn
98.08544443313846,58.83265333273544,55.55867969561347,29.428919838827756,73.03630119372794,1363.4373969503533,6.0874431740755295,Corn
95.37003860902126,71.93394221144428,57.92721703036344,22.912153306710486,80.26172393379628,1096.8456526278867,6.301472488312692,Corn
111.36789097503687,49.47454559763644,54.26818972946576,28.04736628106941,65.33136604932922,1187.3691809049042,6.504218271632419,Corn
76.9117821738477,48.45324103225731,47.985408820332495,30.13374824543034,76.80579771270905,1256.9217434901284,6.634530598013545,Corn
96.19622537876121,50.335801035162206,49.584332465539646,29.231954922009965,62.7786067896676,1058.5019187605913,6.487726642390091,Corn
100.31678190722594,45.80636795830015,46.04494603093622,30.84152507949314,86.17926881513507,831.6794055852222,5.669465158628788,Corn
110.28921520628579,48.528445626951395,39.78918394108629,21.190473158226062,83.57781821589357,936.5201103955355,6.291791610896155,Corn
107.57893694943671,74.03899845769746,53.25872712711414,24.584081593271215,76.31442099327921,959.0179001162657,5.811976725826794,Corn
119.97445308358647,46.705089351246,48.468614267069114,25.677343207784926,80.9729629551173,1176.4474965188324,6.12033224656793,Corn
110.74983834903402,47.50896260735549,52.204625215975206,21.645348813409136,60.79072561729134,1426.3696896532379,6.103758099856571,Corn
123.03785903664567,45.01010596051971,44.33051271815719,27.99124890385341,84.37980601865789,972.8291310818475,5.978972840919504,Corn
104.18632933217212,57.885246407449905,46.20568528969221,30.18960781150604,79.28301272139684,1085.19522420749,7.040649410058972,Corn
84.74392334152571,62.15707261201303,58.841343670955816,23.28609004643574,63.912068841944546,1239.0009758421495,6.312127609675126,Corn
103.07213487772877,58.02109053609952,52.16512219199362,32.13530876394248,78.99540852196479,1157.7290965192383,5.7625250785867,Corn
110.07260765142782,58.986937460117055,40.8615752851117,26.11134058952774,83.70135797133128,1055.1946045782354,6.0678806322771335,Corn
86.21924972981051,52.23095161639948,47.80072760036647,26.03167706732685,83.59485377897308,949.9099322765826,6.2780605635200395,Corn
87.86105955628757,66.50893334315573,42.323962107467885,25.637892278267607,69.12376116972598,1341.6014048275918,6.47816809879404,Corn
116.52535290648697,66.59186077582915,54.25219556438631,27.634528021816998,83.2740775573418,895.1315872425674,5.986451639875953,Corn
124.20969996085911,58.17073717053961,55.92199858717187,31.009168135466282,61.17519946298589,693.7913340792117,5.707537283954544,Corn
101.52129384919539,62.96284486998404,54.72767379916403,21.17077881563205,76.70033537889233,1056.6822596998027,6.416056900311617,Corn
88.49702751442378,46.61497197901505,53.005645865514175,26.682647506429955,80.58551020484651,1336.705924532673,6.969554157730487,Corn
103.89478000454565,62.225210314760105,50.51305999863317,29.21444694104164,60.68141194728537,1419.7349000051508,6.67448481553444,Corn
87.73624915253541,50.59659447259746,49.83913671300298,29.857739476319555,76.05767027241606,1226.5263842487027,6.40062271834421,Corn
92.99784558695733,63.58576641832055,44.816022649749655,27.199201133694835,83.07788278582981,1222.5407761707647,6.038902867664259,Corn
95.95320431142798,55.91181838953507,46.21367035036331,22.48393567274867,68.88103085541522,865.386904691307,6.467509058517922,Corn
92.7137927045908,66.79524023818792,43.748238563414375,27.37091177366283,80.80058621516933,1121.9829596501913,6.847511725270472,Corn
80.8727609481633,48.36624480870606,41.445393844584984,31.587269602818637,67.65522834221726,1091.3194256008323,5.868595512004857,Corn
115.77790558663426,58.174553397482185,44.166329586512276,30.090589717980574,72.66883792292028,1402.1448651345838,6.532875685116152,Corn
87.35594630587644,62.86664595062008,50.056460248715574,32.79729707304392,76.73558867149099,815.8527728293185,6.949826191790399,Corn
90.7912826945263,64.17643259634062,48.809003432606794,23.097620825085126,82.53486533178474,1016.8069066314811,6.0676910821399535,Corn
83.5992643057711,64.87506147124505,57.34935400892319,27.70002324747694,71.98332785093112,1196.0880267725715,6.121693334719886,Corn
96.65366242405644,43.5809153857713,51.36009962389085,31.412838287393622,63.12305430007641,1308.9325839438736,6.9941909765417885,Corn
87.19539988847163,67.35403354492367,44.2654378127472,28.349152783576326,85.27785156178376,940.644169865897,6.4668528658544675,Corn
106.78019196244112,70.95581970781855,49.320669047507465,24.697441142440535,70.49462622893975,985.7543329904219,6.50816518195354,Corn
107.65478564765412,62.23942900603591,59.329119457881845,29.29062424637147,67.57258147351227,1033.1492453863927,6.062497045106755,Corn
118.11080749058219,56.45628454938591,55.52872985700965,31.751071746631446,61.0356242655486,1089.5923074336015,5.83808118973658,Corn
103.1901262574785,62.19503520787032,55.18060878523248,25.18168903140665,69.24303197386716,989.0821651538569,6.399495369408718,Corn
110.3568944963662,48.42648496948362,60.67810272162301,27.126704388656936,78.46640599054822,1137.9521300532617,5.714366634807537,Corn
78.40226710398505,52.135395435376466,45.91004265299936,23.144962024387265,64.17878610238438,939.0637518390739,7.026993285553162,Corn
101.3467003651962,69.74515275583447,43.010005449801426,32.28483498206719,73.5931065585299,1179.8625441429062,6.384439418096377,Corn
98.80798733046862,46.909720246879836,55.49118486340618,23.18212337974456,73.97045871086954,1253.8287621468482,6.792232613950745,Corn
93.85900620602476,60.12782309758628,55.66772318846221,25.305980918163357,75.06896854810414,1175.76109205159,6.910815289469077,Corn
91.54035868324047,58.57151635417298,59.41772104993867,23.217471712855918,63.7770147854384,1095.3992761003608,6.672666419816312,Corn
98.54680099653031,70.8186219080312,55.32302463797954,28.67810315327241,78.4033740166679,853.5220102631761,7.051523205399963,Corn
114.21787178272416,60.20756663251356,46.30145906045236,32.15514156827691,81.63931325089254,1230.1755163968717,7.1404782890740846,Corn
113.17468510550248,53.629752422733695,45.734024154707114,30.303916477303698,84.0767737768252,1307.8757034575417,6.725073855056523,Corn
108.93711088916851,59.000538869628265,47.94843755592021,28.86033698982646,84.51343391936506,1042.9936172334856,5.881923491258357,Corn
93.49463290846623,65.12792722168741,47.65116269115122,25.607977255688652,81.5048349978823,1311.3729115683298,6.752264518515295,Corn
78.86270653229249,64.81015577437883,45.73467029092353,26.32861298092021,81.97002018563806,1259.832591379208,6.3232136336927764,Corn
105.87012645914986,57.34225834038818,50.02641634686153,30.354918616998113,81.76005568479626,923.8129589004551,6.5845200143330285,Corn
110.68876702987227,55.063928604002626,42.03597822643564,30.754548129275285,67.84614276219803,1326.1373700118463,5.981100786188623,Corn
109.12685331219706,50.10146099801464,55.9923047001443,25.74947265616823,74.16806831662126,758.5101169204579,6.483777878379106,Corn
103.3412689617583,53.552846960176055,45.417598634387666,30.876384786038624,71.3643879172657,1051.4509463692034,6.84969311145237,Corn
91.251204399989,55.679779767752215,36.21211252503865,24.751750655658864,60.01085237434389,924.5932199120793,5.52782129451929,Corn
100.17265315952153,60.233592282777636,50.361127769422254,30.715290284579453,76.45129196454634,1371.147897023645,5.747583370548511,Corn
93.01526096281081,68.77703031777439,39.46318748849138,31.475612347828346,74.45220934065162,1119.513242621707,6.111872021479548,Corn
82.7464083952621,45.26238575081697,46.13716161154794,25.860604808199543,76.10546726321618,936.6186030807941,5.9550145896460105,Corn
93.68281609817586,59.600111184946584,47.26295224326894,22.095623003995176,68.31329086031657,1158.9944387280932,6.478649888836228,Corn
115.75030696137243,66.7343185958227,45.50643097781885,29.967603221605923,67.46276532724644,856.4257753642187,6.297776822294911,Corn
112.6670132028986,56.016443369144625,55.36732479342659,23.000970964830437,72.66431909627914,1331.0201322273306,6.554722035733261,Corn
92.77150125858198,67.71221360379265,48.36848184783899,25.165956967711065,81.35882675664698,1339.6558047565272,7.072477756435131,Corn
111.66205605406522,72.45224949688692,51.98385163813723,22.603214478778945,71.804182521328,1006.489243129471,6.116051367153291,Corn
116.15078078166907,61.82701341222941,57.27679488468257,28.415660243827997,63.10648086730648,1155.7440933418807,7.077025273563707,Corn
82.19625691631066,54.45351676020562,42.639470880130936,27.506903984147787,72.83637877842705,1348.6627109937808,6.516227538951502,Corn
91.77249035529093,49.62157655869554,52.110813431191254,26.319946462139036,63.83106936463219,1115.5855761260927,6.945527214508447,Corn
93.86028224139224,62.479681178659995,44.30039957056829,23.398452334007732,65.8710681072788,983.533408235487,6.8670116591911174,Corn
90.30391511858451,53.239461086678354,44.67618421740626,30.409825180030793,66.55878952252499,841.4437874733983,7.078510859105347,Corn
80.01766362237845,69.27970162503257,49.29757202115863,27.071129320574716,64.00564525433191,1190.1767013286506,6.351347771911654,Corn
77.95689471628259,62.47567496567259,56.855776627917535,23.944819500667897,65.76153075763813,1327.8354061606103,6.015483640151149,Corn
88.6072950064719,60.30702744754455,51.62218953119273,29.27210235841148,59.139620157008295,1243.1374636384326,7.054946380352365,Corn
112.47973566133062,56.59385666547319,50.18765648770856,23.887035928565755,64.43058417302792,1272.6997577413813,6.071195996771295,Corn
101.04741963879542,65.57700340334613,56.68600059218366,23.297291886289436,75.14140233316694,1261.640852313226,6.418266764307549,Corn
88.34996488317789,60.233377305168695,60.78536284866322,33.477533621557455,64.21834254993828,895.5653380050305,6.651865847906257,Corn
102.94823587765718,52.52841004644505,54.885805175492806,30.239136206592075,64.84239432620336,832.1281237443235,6.454965840579716,Corn
87.30313998635155,75.34101218083791,55.204029570237076,23.42541430433016,72.60447327981613,908.5474658774087,6.375364064852657,Corn
120.477601320833,51.393594321600425,49.668196421419616,28.536868200816865,62.533647752275336,906.4836684970959,6.89168951239141,Corn
90.86509462076414,51.11043903075523,57.837315288303195,24.776139371646423,80.13135075407864,974.4806630272379,6.965921737432261,Corn
95.51189016614357,49.47463112059291,51.77754946912363,24.109938126221433,69.53727708522644,1284.259068608766,6.638335289511209,Corn
94.28350651321277,63.70755702960416,41.093813338684946,26.08018892847351,64.10812845602342,1231.0247238710017,5.921953595286983,Corn
96.16032017391903,69.58468024113623,53.17715540648893,25.372572293781076,61.776821830128206,1307.8398174206538,7.01574682141545,Corn
110.01487886117235,64.00102348410263,50.82138123390818,25.29196627471475,82.51958016270434,1325.5537666725904,6.471378161110984,Corn
78.84200461930658,57.79372499719907,45.00999634512776,22.66327143345042,76.65610994459904,1306.8114470364035,6.16188222595106,Corn
100.76526512778334,50.830921555812864,36.3318359569686,24.46494155806464,80.52782891864746,1057.2360269640888,6.578041862296949,Corn
119.9557635212499,63.32233289880672,37.2939246053219,23.351631048080684,59.27450908285236,956.8342359613188,7.062654629820441,Corn
119.33864736374744,55.53727977828229,57.20169553664682,26.0436906100318,73.29102802137422,1007.0433804593015,6.591425976952299,Corn
101.69162854560662,68.53550732394503,37.61046239589221,26.276016193087425,76.84007576715175,926.4113702680053,6.492478383807423,Corn
94.31450124557806,62.150245678108746,53.53227213653695,24.927654351833628,83.35648494677937,1250.100002301338,6.845470098363322,Corn
105.62858273581438,58.92777589783524,48.14783377361804,30.519169314339113,67.81098593103789,1056.761583901749,6.504051686123655,Corn
104.1732013418885,66.18944975499828,48.766074095905395,30.096961140505154,76.2480459359625,1086.4959030713785,6.387236023557081,Corn
92.6258996915394,65.50409600584257,47.87749076686707,23.188364821959524,78.95784139537766,1277.0149854620965,6.27701538595247,Corn
121.28670360633835,47.51652072890388,55.65824636024976,31.910639286676545,84.65694355099176,790.0193798251676,6.197656021210565,Corn
95.74987809817812,69.2169979396193,64.21782630491742,28.831002629113332,65.20850587305173,913.1529316282041,6.840664191119926,Corn
92.61166957248201,54.92975303614057,38.365193640056184,30.7375051457411,75.93059870031679,940.417020382816,5.794346616927318,Corn
120.9671491658553,54.11299873400711,53.58844047357676,25.210606571158596,65.14457953415955,1204.5419739055478,6.5921152544783554,Corn
76.07228093799142,54.79023027095073,45.67535465243379,23.190459112260534,73.28721734266522,975.4767672618478,5.971911809366121,Corn
85.33500776249204,69.61942924995887,35.89008374798898,30.676753880107704,66.2576202658077,1181.2610384112734,6.5426660705272095,Corn
82.07738308133857,51.325467984828315,40.83977529017097,28.600620059641333,67.58844963235238,1064.965344321437,6.80077277558639,Corn
83.23818137849632,45.42532543288798,46.907414863091596,26.24504351579945,64.06054818698641,798.1728548052707,5.863311969385232,Corn
107.16848131405547,50.61845219452773,35.52571200233133,28.57157332586159,72.61462610446627,1028.2462502137969,6.840144494713521,Corn
113.36544918285057,62.84650851503666,59.495551203065055,29.522816860022136,61.25205693458672,981.2223648233489,6.4165443755663105,Corn
124.55146541308268,56.5725212256175,44.36884378551873,27.30972796511338,68.1699073370918,1162.3767572622673,5.7745042155487285,Corn
81.94943753494796,47.46921086284491,41.18588919666811,22.924702604588276,82.60665979710345,854.758774025032,6.614302708543129,Corn
87.53911067448773,66.52806748653816,44.36730512590045,29.202751995497167,69.72527414084536,1185.381088836503,6.520788849828682,Corn
102.35061121020331,53.25089850503595,52.796122366841146,25.259684986947246,63.430136507277766,1247.6470916191627,5.8835722428987065,Corn
106.66566671700703,57.453646181084494,50.83437108030676,32.86272129068332,69.49109262237987,1043.2966406258997,5.60876470932146,Corn
107.22800015151459,48.62228532299069,60.23021069811461,30.39815194650291,74.37810399854499,1105.5226687753006,6.230478773268109,Corn
115.59262735933613,49.20963594420706,44.6987248089441,33.01688226296407,67.22872800259343,789.6992409342331,5.8532327514786395,Corn
92.89855591334293,48.55986345802701,53.637519473834914,25.745068511260822,72.96947531619334,1452.2527237214993,6.68704070358922,Corn
78.83997274548024,73.66931376172884,52.285330148603194,30.564017473514703,80.47515655666925,1005.5010213431842,6.721343039933909,Corn
87.44639127233222,49.55268751124384,59.678923932431694,27.617812123026646,82.8806934632823,848.9770355539827,6.426263863833889,Corn
112.74314173710795,62.893529814933814,45.83115509785765,24.014371969312222,58.47181924492255,903.1688643156972,6.8660252155349575,Corn
110.49119786114741,63.69446252984918,45.84688631398322,30.89564443455136,80.21249369147654,1203.052739947628,6.196550293197727,Corn
111.34318352515162,47.735393933014926,67.23024956173494,25.62922159968567,79.48111985004563,1406.1354146790468,5.9128876004488,Corn
108.74956110651718,48.5001225427387,56.87441073346808,31.496714448734163,71.70066324182979,1211.421215247821,5.993298430747355,Corn
87.30446913168491,52.646359480142486,43.89980323673826,30.576822947447734,76.8270761735576,1347.3887590159702,6.032626098012038,Corn
113.62103089670042,47.499275938789935,57.36633005850232,22.066287607673523,79.75905965053333,956.4132543604325,6.438903697516598,Corn
99.27752358905953,55.26957503425228,59.56743642139731,30.024849487855327,85.01448631778,1316.7966319834954,6.204626294245318,Corn
81.53111136449853,56.59975492101157,45.13979198825239,24.85456989422888,82.46674364169004,1248.510906382779,6.235800883015689,Corn
101.39145257606224,50.10427378565488,61.76034016390044,22.437047274999582,83.36208495942641,935.1927146158533,6.941785417912166,Corn
81.99724339012437,54.058778265998825,45.72592670578115,24.64612355191724,82.1301183516448,1115.4552923627593,6.863712029020459,Corn
100.71564766906816,46.35282325248692,38.18659012544498,31.191543178579405,72.9690361537649,999.8708416423642,6.314243414037483,Corn
100.48446158169656,43.60053940291301,56.79445868853762,28.45659077520186,61.78684662249309,1273.3443390665432,6.9359798316163985,Corn
89.38345581463523,66.90752317318942,51.99324925846387,31.14080679104955,75.57773166542583,1050.073900178928,6.882076920481443,Corn
98.96998794132458,60.16781485685728,56.57443466956021,24.547859416555905,60.05075225493956,1178.1899944735792,6.585358140781767,Corn
116.88455548744582,67.28054296996073,49.24114894682872,24.277524346396703,64.78229048308023,874.8070638797669,5.9968749481352,Corn
111.66018702926607,68.95782247077193,54.3266634607605,28.783730754273943,78.55485678145584,1345.0970434600144,6.970577754808391,Corn
102.33192500169393,56.746347650345754,38.80331949024458,30.487294581986237,73.90842176234699,827.3911100473082,6.048442154682938,Corn
100.93289652380224,71.02908848079275,54.448507601869586,30.9287220629328,78.77240901905589,1115.856845268832,6.017359014460702,Corn
87.06231210457968,47.60906584393066,60.96462356597709,29.398499546637677,74.72474090511803,937.5241329222933,6.513971182080426,Corn
86.15033155965763,64.93141915831333,51.18866716564692,29.622927771550913,71.3850259594817,1380.740053351172,6.1046871698432055,Corn
89.04623368018207,49.50645858468417,36.21254777762597,23.657140165922293,79.7021094892028,1318.9902892062514,6.085954900113478,Corn
79.34487525113555,67.12651842716318,52.18105885657884,27.289874795670404,73.71708909420799,930.6674635364053,6.225072099941261,Corn
104.70671026888135,52.23391345872742,56.90823095045642,26.31985178044615,76.15029922508727,1398.7948003281579,7.003839845337484,Corn
96.06148012301797,46.18723856482106,43.51880569134757,27.79053648839363,65.41592123283871,1154.328033482921,7.059702475234587,Corn
109.28896900414259,53.51361286158992,38.940914921478104,23.49878094236985,67.25594207334302,1243.5078660569707,6.727951067765857,Corn
113.59788696777858,66.03836086628723,37.37279941221064,27.835281604176515,59.25000623874213,1118.0471857123512,6.5029916336581355,Corn
112.18645030037013,69.12621325108312,37.50124236948602,31.084504170019425,63.71418021344117,828.6073441907106,6.311679385635312,Corn
115.3173468568795,65.7124280284718,52.21342438878288,23.52639549984774,71.66861573270839,1351.5635921691487,6.888535304875819,Corn
115.18307830603847,66.00396678400776,39.08582498170632,22.851402493972802,72.02072982326398,870.7012380256183,6.630915064217601,Corn
96.27724353162645,59.654905489455594,47.36828293883336,24.585831638372053,78.10530938257514,927.4071934726322,6.641306272910127,Corn
112.21113187467633,58.24607568649503,51.58578416194972,24.4410554521282,75.10988455016104,1327.73592425762,5.9389670804877985,Corn
86.7165414910859,56.522701446662886,55.7597379931588,31.26586982126683,59.13524285641609,1307.5477243746773,6.254587296083141,Corn
81.18244050193142,47.99601447960922,53.541069166864936,28.51759447775499,72.71071654346048,971.9177071704974,7.0712893667895855,Corn
122.08854433743886,63.93257817995952,50.01779756610221,27.733183598926516,83.72310805566009,1249.4957515434307,6.779837502966291,Corn
105.23106788293495,60.77591144906466,45.1025018060947,28.77175417759988,65.50422907817168,959.8263111327459,6.489301240514015,Corn
94.95805972746678,47.712141203098255,41.175440843387136,30.193343410609554,74.95126177755,1169.8949567626566,6.261407807870913,Corn
111.68415645619818,44.68593620244853,49.85133958014079,31.131207149570212,65.5227114037335,1312.124133772993,6.675038080923502,Corn
110.95441974155642,56.61564725112065,54.36710536037471,22.471413599164887,62.98913060299029,797.54093418276,7.05335075477037,Corn
104.57489523155238,51.19923135247383,57.61527602982085,31.497265300319327,80.84578727396297,1201.569508580063,6.28973032461032,Corn
103.63747629951183,69.60943504798516,53.848925620813354,27.524016531881387,71.66190393828269,992.019147463016,6.5185372514859825,Corn
111.19471535189128,45.970125262617486,42.89451768413757,23.167829226843395,76.90310392456094,1253.0020448691434,6.168842886347595,Corn
95.92136631518873,45.843618681078254,41.65840103479217,27.03870210271028,74.36847892681098,1252.8989344111762,7.1077049924095,Corn
100.90056520761667,41.35638547127845,56.777407823973284,27.585416980920275,74.36344899709002,1158.303304051288,6.128906841899327,Corn
83.6570652585346,51.26881028215513,40.40313898126297,26.232020635828803,86.71047144914847,866.272849088345,7.0455494946594435,Corn
82.80446219788321,63.49340173933123,53.72032525565911,26.753930887601953,63.23862777130694,1313.5327372777092,6.590519522149247,Corn
97.60747341160803,61.341934039322126,55.35352190289857,26.331450022260736,73.61744493320222,1060.6275249030598,5.953096393140413,Corn
104.08040933860752,48.803813785437995,40.3165192325672,27.84486731234335,58.74523428462566,1204.1578799641982,5.736771880364382,Corn
88.88159508664639,60.28378072663725,40.49660125920908,23.467952282039295,76.96026414450348,1153.6892975751198,6.248756806068417,Corn
119.28461359412456,49.89420366318028,45.22279336109099,27.631361472311355,75.38347997389455,1225.3441304586065,6.278665549165375,Corn
121.70733750844555,51.320569945288945,48.1226387383359,21.86393795038935,69.11885825549484,1219.0062861112508,6.258805754785392,Corn
108.00818972150437,42.79027725579681,78.54833960087669,33.541708469362625,69.65402363203401,1206.5117161568708,6.7115418192142355,Corn
121.46766704885728,59.46156911255572,46.59040564440422,28.384550809318,73.28045947527453,1342.5345416870468,6.563064325687197,Corn
112.23814817003316,61.24852982753516,44.8374656774429,26.541796375691476,65.58642071049691,828.7303745081524,7.235298248945956,Corn
106.1187286727097,56.966377413751715,39.9124822933075,28.07511001044406,72.48791491250115,1274.543215633296,6.393933042900257,Corn
103.69998751372147,58.183451611923736,42.6256183414246,22.822393137580292,70.94019174464799,918.4571103306911,6.965189509777695,Corn
99.99131287815706,57.115224074348355,39.05062400793623,22.364043009255898,79.42250440188326,1217.5179283360017,6.080479553224209,Corn
106.2829858364595,48.56165677526839,50.070268503082026,25.589091011389375,78.92116158680311,809.639618418112,6.720329195130529,Corn
102.83484847390528,67.16038319648644,45.80703154393478,32.02142532590654,83.9660559778472,1265.0041265121317,6.459136006543768,Corn
113.50319847339803,63.85348595050803,43.58098860622443,26.59988958034942,71.77389013717594,1110.0552207366368,6.241485938625859,Corn
102.44402887366569,63.28161119279571,50.452251453628286,23.27367242081065,75.29397068562993,770.772539185795,7.18223434838267,Corn
104.77599466838743,43.789527461093584,51.33638816829899,23.675810712098016,81.01055268880681,1281.315617864058,6.06525404278622,Corn
113.02763285258355,67.18321460038646,55.34121164088438,31.115536978749773,76.98612377698252,1221.8219038410944,6.458511157612697,Corn
91.69975758025876,59.451862070965056,50.10205216078817,22.63485775350326,73.11774424955722,1445.7640142045789,5.810460837738822,Corn
87.32174046628856,45.7718074325175,65.4110997240566,22.428805218619456,64.52273381301848,1112.3784461814773,6.76382429331677,Corn
64.11493757232081,37.108621266272536,55.30914073606656,36.11816942786543,69.23726981409042,772.0968550079026,7.46831723473833,Cotton
60.283467807018816,34.389908363430635,31.797448657040306,35.00660520177593,58.10911413090169,554.9539661729422,7.080173387761967,Cotton
46.91197577534284,48.53069821586652,34.27831646070892,32.108884418112474,72.95238894581222,642.2475524247554,7.800483169142275,Cotton
67.33365853178904,36.07750271007887,24.430759991060995,30.271567911942846,62.4608480338729,818.7810922184751,7.321732991479663,Cotton
61.93270326346547,32.32198000820859,49.699511267681174,26.74126790183842,60.444422318355535,743.1872947608765,6.476880038852619,Cotton
58.51451287489787,52.271377091121366,30.004469736421687,33.599521151362886,80.78449263390493,922.767504829375,7.8771458918948385,Cotton
75.47579233121809,41.56277026656971,41.22753150533282,32.230801098109545,62.564245764757395,678.5571397392483,7.786819848941435,Cotton
61.949566235214434,29.185504695487527,45.792365633419635,33.32655711125024,68.60276167612672,812.5169547557479,6.128022581352862,Cotton
58.215914623287944,35.139073116449254,30.848959705068985,33.81112725369131,54.617229815773506,468.1077479688096,8.063328709345356,Cotton
63.10138803002328,50.913632315464895,31.8533773802849,32.504624512180065,66.01082375613684,800.0507258111074,6.8205101686065985,Cotton
58.985984928524495,43.97946381726434,41.81868501962957,34.0830370897725,59.006380277027944,785.0407444268408,6.397486960305087,Cotton
78.15122410059655,33.562395661952266,37.70079431822596,31.509867466832205,59.83029327511611,808.4852078229002,7.039418820961968,Cotton
55.34993846536645,48.41355081495066,48.575578554366714,30.16717064955996,57.19359987322053,860.6871687588282,7.174944201731545,Cotton
68.36682715169077,43.34272022812952,44.067220835709854,29.913686325050666,69.65199117754959,743.410228444701,6.754121949621364,Cotton
72.46005539273658,42.5946563323534,36.009747468809785,35.84527619829806,65.54362683648627,840.1618100158003,7.5133785847113606,Cotton
73.55055981016099,39.76201490761607,36.929954892891026,31.008916623763902,61.85288616623336,720.3334450531727,6.945299697836492,Cotton
56.506887461913166,47.47110597883516,35.13759811300377,32.64868441119772,69.72081784116014,535.7232907968613,7.306571059381821,Cotton
80.29304833157038,44.51171620057452,35.893227421062576,31.1439739919701,53.46334874565031,877.2527887257804,5.880454469769791,Cotton
57.73315757111651,51.49276840864639,39.323478465360765,27.62501649164328,49.31388704260447,447.9464325090325,7.673181653547041,Cotton
77.29735759591124,49.67720706400617,30.560453724803104,22.820281123615334,54.593071389239654,739.7859801755997,7.650888353785228,Cotton
52.596187202375695,37.173630420371964,29.954121016986754,32.58323168044286,75.54717864137143,732.8596810931862,7.734931566427522,Cotton
62.76328029585704,35.88685934770786,51.64398701222028,34.48841631916129,57.28768818671969,613.2794963630619,7.309145201536404,Cotton
73.72265051085343,47.067604900488085,58.270220554598794,26.09093869978627,58.9964076757365,860.5085267222528,7.292939275103396,Cotton
56.57076221137518,42.49773566466411,38.579600469468836,28.735982666654394,54.57183396632911,628.2820981181694,6.664449232567762,Cotton
80.47805703517025,36.815476446982125,27.176559053836904,28.658516848063304,49.64417113655305,587.2468897525858,6.755669757869772,Cotton
57.77681578994186,49.96516085212891,38.145909514843254,31.669524052604057,79.24674648414091,536.296601273394,6.199597979050567,Cotton
56.288989479758946,31.32511935364508,44.64224000719047,31.146105054542915,63.555300170632194,608.2860899407935,6.196519065842971,Cotton
59.91267544537169,45.546019565729935,38.35042007299937,25.690896597344693,58.68035084246276,784.2745475256645,5.91658244454433,Cotton
66.45423750170546,33.75195191992109,41.342338097592915,32.80948820378419,59.2674811339027,636.9047672422035,6.1227736848844465,Cotton
85.93707665103192,44.29094373304637,33.83737529499598,32.78829076671298,59.85462133212196,666.2234604514837,7.897417040274487,Cotton
67.14604254853981,33.63619450211934,50.90250356713555,30.44845111487407,48.80683158174725,735.6360385111159,7.306657339378985,Cotton
71.33899893675658,48.67304035797524,35.39865088954186,33.96556008520801,58.33336926184229,649.2908417545565,6.103179685987285,Cotton
61.77982701203319,31.11864230510004,33.90949608058206,34.99671665991903,69.70204451203416,744.402153688833,7.283595745559105,Cotton
70.46724317708363,47.47237730616088,49.45378470578211,29.58486426870459,48.163188038227354,657.8787093989112,7.457490977340663,Cotton
69.75143873603776,47.429949145416394,37.05532480510515,28.603001928239106,68.66998469100803,709.0570362670909,7.8421582156307625,Cotton
55.21348670801729,41.260728241580814,28.688724015372298,30.057556378280953,79.31831949424217,727.7046733426704,7.81222428176998,Cotton
76.9902063157833,34.54911039662254,43.70575812358292,27.9532234718685,61.026612947645084,742.7873818205984,7.84255068061973,Cotton
56.14266299311372,31.46573968521259,42.57631139352688,30.98322206659653,72.4215105952456,750.1022871869166,7.9461334569398385,Cotton
60.13295994586186,36.92482618444219,38.72213545411876,31.22923856331766,77.52718283363765,830.9650134229347,7.627274682139079,Cotton
59.81464024686595,38.83997287623372,48.74823949914154,31.04918355263294,78.54479731712958,486.1753477325244,6.615039037954813,Cotton
60.49178067040558,43.121885627318754,44.36247966827777,34.013269407424225,63.21801166400599,599.7211597584244,5.948052111990217,Cotton
68.32166898254499,45.0504598750483,47.8479150208496,28.92455256394602,77.49382342157877,657.417998173457,7.588212607635931,Cotton
70.45050194053812,36.94522130439383,33.621723418585205,34.56416868670105,63.440995362596276,666.8679632374228,5.912374158205151,Cotton
84.65812818510194,45.80843689774164,36.54952343445578,25.75910059593746,80.7493681799231,971.9461884625778,6.373229402042889,Cotton
75.27358572343401,47.97940837123822,34.09074322456834,32.09402578804302,74.93691637029207,597.8846214750895,7.0867401696517645,Cotton
64.08809308457748,47.06742073655642,48.51880123361103,24.47720396756266,74.8981220409339,585.4505883426473,6.092363488198795,Cotton
51.89503536688236,37.775910230428835,33.50524053353933,30.69951724056324,64.25546490144862,679.9586180203797,6.560134254692314,Cotton
51.674634965427195,36.54672494953908,39.274422675206175,35.848671293086404,64.13714785120276,661.0421498812364,7.216375294707239,Cotton
70.53785461032115,38.90390082744108,43.46988186480411,27.072584173902314,70.60984561697202,726.3609027877642,7.96184125208119,Cotton
69.07537641404049,39.21393597074917,36.54379077181836,26.675222603790964,74.33679473467276,713.1946185570894,7.20441541238725,Cotton
65.05724575544032,44.012658500859466,36.9585968694651,25.513908736106636,66.06617076359707,668.1370353072979,7.9988897274611634,Cotton
69.49912846022161,38.73007540598902,23.332352289744467,25.86399383208198,75.11027229091654,579.5246825214408,7.245093263825311,Cotton
77.92840686826815,46.0640633157025,42.32908310070319,32.38034309538573,71.55420242220866,893.7213265211724,7.346997755604639,Cotton
67.21076089034715,44.640891712278,37.00935526725915,35.55564414326853,53.79406567487146,686.2995477178165,6.96749225090258,Cotton
56.1897089719697,43.29155368993817,50.800269925536156,28.622088056844866,60.909699658218294,769.5264070307535,7.573061944923885,Cotton
52.001374293967174,47.404775809633236,37.23526012920694,26.72763708466906,55.04433835695383,544.1781936364232,7.796308332015402,Cotton
55.48947105733314,36.39868154884367,39.7605855452413,22.630133251244338,72.53404494996893,529.199602919025,6.125404395114924,Cotton
67.2972635269121,46.576687391237904,40.921230952785486,33.711753017845616,62.03390912354082,714.8120516862614,6.446752594547808,Cotton
45.20241880241454,39.89231653031981,49.56122703927457,27.29315488015351,66.26440578728386,796.0450663583241,6.511428215870635,Cotton
55.50904616315021,48.12036231473817,42.44547987997018,27.65856529239218,71.62074689873651,466.84904821355696,6.399688672256877,Cotton
63.45254833325329,36.331679553463935,40.61252491925119,32.318469096418454,76.42730998326675,913.7135147669821,7.4671651410864435,Cotton
74.59345269570827,42.719592590042545,49.18066961134932,26.937764278547064,74.77771753115027,632.7241379242372,7.457501819291228,Cotton
71.77986138399531,38.385418792262904,31.122478873378643,26.306434995384805,75.90233603946088,535.0289381852192,7.89340642056585,Cotton
64.1130195688519,29.09203246921097,56.879642830162695,33.73388127744416,63.16095859889764,508.59363979314423,5.927731921956901,Cotton
46.509309169355625,29.573116239383094,55.45202025383778,30.366042450325743,71.54529310710065,712.4792718604114,6.860952874576385,Cotton
79.84891671176261,47.42729841986589,46.913290725130736,28.29893493557749,60.97511815051932,941.3757041671743,5.960594396944894,Cotton
63.83236634582381,28.452252292123084,48.90210178871349,31.218361637767202,76.91113115875704,622.9293072898504,6.093019756861365,Cotton
66.27132427189419,38.29705139410085,37.40077121902625,33.650265891812126,54.35831223278142,868.0848789617661,7.9698063036983315,Cotton
58.426492205387895,34.533810666192,41.42632423794561,32.98391281299803,69.17827121489161,616.1547154656367,6.182476804993532,Cotton
79.258562726805,36.93600634821199,36.45937170383751,28.91689643106038,50.53682518436729,952.4665121567668,7.765349217415159,Cotton
67.57229102765758,33.0280284234641,45.68803090110692,27.121586944118885,56.07218465471508,551.2387352753555,7.731114670171228,Cotton
55.04917896734486,43.74395097151972,29.57571745786976,24.106477634000623,77.52464157876545,847.1465397675516,7.813340485343456,Cotton
74.56937014599595,36.63736950328334,40.26228227146242,31.810063923770283,60.904997081004296,616.3834641860049,7.407098819352819,Cotton
59.456255739334466,45.285301858659025,40.28666248111158,30.85485524781367,62.936418620913194,517.4860103740607,7.397247889020335,Cotton
77.1446532795526,33.146262003694474,48.308194501998415,28.476499185267794,64.81166860427426,756.6808095424163,7.712251371715542,Cotton
70.49951137952851,41.76177616500871,43.74350374989806,35.39729556426308,54.17644734363004,547.8679276056813,6.451054722401988,Cotton
72.762967424363,36.66707931523175,57.56421649374869,34.131687924724176,82.47754238871836,728.1161455309044,6.729290576769228,Cotton
77.23746542841843,46.423957969445894,37.27043251204304,34.78738250576207,77.5507791203416,735.0485986433399,8.185489909969762,Cotton
65.96195426374597,37.40108579636553,30.73124930309757,31.64676966741886,71.76281667663169,852.314150394636,8.046668326488987,Cotton
58.51476271136884,43.36602653393499,30.43440906157082,28.01936469690272,71.98204749355247,687.7440776659774,6.105522270724279,Cotton
85.46209024526595,29.572428538714185,31.311332154783553,36.22712855043997,67.48757291655107,476.82337862389596,7.3285622436811275,Cotton
63.24349593587456,39.76533500830399,51.86620286133632,32.758756514682986,75.29380284294245,864.2040359382408,6.892740801753904,Cotton
68.40823604344546,38.026493704341185,45.2590347620809,27.258552803703086,55.51399494453812,646.13598024711,6.433576332812321,Cotton
62.740747822443566,51.05850692099846,38.793859102571425,24.89430748500736,65.54950869589614,891.7345781833355,6.742456302394147,Cotton
75.77378492716888,46.22482513177544,41.87691471312088,33.21881100591051,52.408953597064915,536.7318111894722,8.18020610262313,Cotton
51.51558416003559,30.977741340334223,35.103573996484506,31.63772860519655,66.5006004877752,600.8203737988596,6.802487625895285,Cotton
79.06308022289949,30.42567904115207,48.7316956055294,32.7111892173381,74.80695484887242,546.0425942945137,7.125208619921065,Cotton
46.77874553913647,38.92702704492892,43.72254817284571,26.044073802162433,79.58820390668616,671.630155134723,6.524762386533664,Cotton
79.21176129452688,30.372989062028754,27.865234083507286,35.394965886470295,55.286617043608445,776.4716404645874,7.604328695848718,Cotton
80.9777178360424,37.20013017972901,37.503369210324415,32.41072299950283,51.21358620882705,550.1231861684886,6.588630397296935,Cotton
55.708312737708894,46.205577167433376,38.43644163331891,33.233489388709344,60.862088419648344,647.5230261168863,7.455061375392899,Cotton
81.65987921160239,27.80856326575981,52.06480444990553,32.237824070234645,57.06108897775515,472.17370275695055,7.623050391006547,Cotton
69.81580704035564,48.15346260107197,38.888634321003366,29.00675753046191,74.36831283164695,920.0797426987566,7.9648536093059334,Cotton
62.7532436302565,34.12398850181945,52.6897680991969,28.8345529704155,76.38483792740745,724.0173558660455,6.511556032074319,Cotton
52.99496715330556,23.35968097187421,40.42858970586932,34.56222608435751,53.63640025518812,620.0330906845257,7.700277861960766,Cotton
66.49946933692273,49.05518110860504,44.1761989244652,27.762534585731157,54.13662279078742,693.6885245681942,7.8290733396187235,Cotton
66.32590837730355,47.486144587514204,42.37007600190017,26.82768690745023,66.71373146866858,481.55127274849326,6.070628484721857,Cotton
73.20115068658369,36.98510675917395,29.06470036448715,35.635733325377025,79.44060050271821,782.6489413983883,7.704408270512092,Cotton
75.22487788218311,48.909857814477384,35.91790031182502,34.0254511679802,61.26045459919662,734.451544028359,6.8243757930866575,Cotton
79.95074340286736,42.480418583376654,42.955068426257895,30.199169895459942,67.95931586354263,943.8000104382513,7.059792345557561,Cotton
54.271595567349664,41.87350894734524,42.48702597797671,27.393142524954587,77.28529156200493,804.590059483347,7.844536816069401,Cotton
63.771015970228575,44.76445337411532,30.973108819097042,30.91017960794046,58.70321424483834,558.9538986294407,6.2088819164910225,Cotton
64.77487596371809,42.4827595335967,36.75334703784533,24.666687802131285,64.17021548541625,524.1631403320722,6.677806316763145,Cotton
55.16047852778635,51.29985259048069,50.510641360774734,25.025422017433424,50.824809377210435,874.0882459483548,8.103388312831859,Cotton
76.22138201605861,31.44333288775338,31.095365495417678,32.81333589461494,65.86819118055857,603.6123899627283,7.587181381491029,Cotton
67.68306694624864,42.33163780050185,36.14622731274338,25.807733726263038,73.87618213634903,578.0745253121254,6.397358236839319,Cotton
73.52663349863397,43.243393436848166,41.91750669118554,30.951546091361728,56.13715410151611,544.9199170907567,7.663442425390527,Cotton
61.226440386523045,46.813089962933496,45.330834327405725,31.047349841274496,59.45222474234647,785.4425739723154,6.200319010158604,Cotton
54.56919994244027,37.56841032334841,35.717683883670915,25.57684177570387,52.83577518214186,801.6471721422106,6.819977506419602,Cotton
69.79509484972405,32.55084414646601,31.09996587200278,26.509594978542914,71.78991103193366,596.5971079108881,7.439016783366819,Cotton
56.886232766105024,42.7543592557847,48.418494513197906,33.20932469241808,72.98547792912636,658.5184797879455,6.302822747497639,Cotton
75.24452304538717,37.31517746125052,38.26292625410986,29.257881157127823,60.83324375165096,688.7406412271249,6.452362002903176,Cotton
54.134962274322675,44.470635958834436,35.669016678857325,25.234490722706582,62.11122558934711,449.67518925961525,7.201142057975289,Cotton
68.27354436981959,34.66735558045778,60.346205294388135,34.997604503656824,73.79581007326681,506.44126078539296,7.21906470724921,Cotton
74.4533755585969,45.0935222555582,45.68456217641792,30.30896541439891,73.15029426562432,623.9672130021142,6.4927717259999636,Cotton
56.26531933228154,52.03692068654172,28.952286010109784,30.648331188154216,62.66344574923552,848.5206580715441,8.05945475768141,Cotton
48.177391579339265,45.22087630898644,34.446676305014556,31.415713440805316,55.763153504052724,518.618657023411,6.894895269414128,Cotton
54.34402595704877,51.262813215317216,43.383408541997035,25.613905235937185,59.93596295675407,631.7841339833229,7.999112371838267,Cotton
84.43577377555837,43.2687789722062,42.95400406524608,34.410732630654586,67.1891831975335,869.4765410388461,7.364030967338304,Cotton
64.08584351609835,34.247748979661566,31.924976383058652,31.145500318898815,56.68360812848487,650.2236547960064,6.216773161192638,Cotton
59.954004192095354,44.81210612137287,32.50860815595707,28.585507599345163,75.63980888595835,720.6826010700058,6.11236862209388,Cotton
70.58481644736742,40.263352789393956,52.306513787627274,25.317631796008722,55.51719463967583,644.4485151547566,6.09364350622083,Cotton
68.69961614131005,34.54888671038913,44.15420543559968,28.623510034951238,54.617374522880496,837.2182445516727,6.172844461055943,Cotton
87.47312269786411,44.94065437955432,40.37873076818608,32.11260235472127,74.46266438551974,778.8001930732682,6.2080464494999585,Cotton
72.16626804597551,48.93940688376381,30.45115446348512,31.77413329902916,75.4175040766847,653.7853739337311,6.610967969385204,Cotton
71.60242990195547,30.8067672276124,41.399633423912945,29.11484032800468,62.06500806946816,573.6534328883929,6.864575547984924,Cotton
71.6949962389064,39.91981249852665,52.878359627461776,35.55413256083427,58.885156140111896,529.2164094687981,7.638631845402032,Cotton
88.00338855443242,51.01333249206385,30.153375594334992,34.479125968370965,54.472705747789895,889.2007803324784,7.089592529988391,Cotton
72.92062587693152,48.70494347884578,27.78883183418741,33.0442328825221,63.475626086885406,608.0556824930937,6.3248778889757835,Cotton
72.06070905251532,39.69769481377479,35.75351754392554,28.15415649976842,66.59139705806963,598.4590816744274,6.5934244117430225,Cotton
65.03129143145257,37.22405826656812,49.086606156984104,28.14253731372056,71.7725432428619,632.4403016426575,6.506161844276842,Cotton
73.23341384407435,51.381113355997506,26.97920674597477,26.53215960930881,70.13356311555408,524.1546371014388,6.329765233892172,Cotton
70.30276894039254,46.76211659566755,29.415795548057968,31.049008841229636,66.95226112621013,868.2836433350993,7.4420518784403935,Cotton
83.16115140132406,30.404840875770912,33.574044003836,32.58620283546644,52.53553437134237,943.4553276189396,6.91392908350164,Cotton
50.28926099488969,49.38928969153558,40.04577834901201,32.44040815891871,55.47295666770427,818.5267583804874,6.858049176034435,Cotton
58.63644634846259,31.38084176899368,43.45295004083974,27.11415046425155,65.49692763408063,554.7790503743335,6.100263985755249,Cotton
71.33613719016827,46.528362353653215,50.47196391625357,27.5303990370393,57.60551927291458,664.5577752177937,6.999251756290015,Cotton
54.17860118166287,29.847818721555644,42.526510067702695,29.431933763114912,64.98578074130319,591.5485250883266,7.55511097817628,Cotton
52.95617413712791,45.25493498925029,45.02402856333876,29.731088240399757,56.215836955456496,657.0987662933851,7.971855810249101,Cotton
53.384003121797434,41.113300504514896,40.26971241363016,34.16839991073128,62.22099180144432,872.0548559307556,7.376347190030622,Cotton
69.43344528855354,44.63239425264977,43.19316566489148,31.78227704114808,67.64352184943036,471.98225271593225,6.013984086513169,Cotton
70.63758687402816,37.93250322879162,36.70844583976691,27.610492971984726,61.37229766096898,562.9674693209121,7.106497562006885,Cotton
69.70915844614812,32.19463520129241,46.40510174185251,34.8662831496614,51.50090770714291,586.3852665424645,7.059227531048515,Cotton
79.32751582661571,48.5254964946483,46.98220174258029,27.14021127736719,74.93691087085494,559.757136033895,6.522582429012615,Cotton
70.10057881883225,40.822364165717566,51.71015248865796,31.129776048782503,65.0769881565856,826.0719353693526,6.919508562836478,Cotton
51.422262721166696,37.14822047505801,47.81136966638865,32.38539338114899,69.91596827590557,581.1346403740266,6.3202491789889965,Cotton
65.22059573616131,47.02701907224864,35.09726565159792,28.122418255214654,69.5027194730883,843.9515028092424,6.523199388469158,Cotton
58.5861780248019,40.119986887342165,45.36938394134506,29.227155586405217,77.21901005317872,671.6104282301227,7.661538610597838,Cotton
47.009842337925086,47.76554835717918,43.42897777956923,29.18785632975517,59.21736187391014,811.5724092408241,6.970761699134163,Cotton
78.26280998025824,46.80505362093255,27.780583428271854,33.92265582048759,58.7605016117653,724.3614505706638,6.670263013348936,Cotton
63.22680271107875,39.1883804114774,42.461257700031254,30.648418959380923,64.02606355058303,671.5024091002841,7.3595246375905585,Cotton
70.95634234218159,51.34016431993184,39.442142670148534,34.08394461770544,57.35187931153382,646.1003258429528,6.947086870519573,Cotton
48.9970183494978,33.02839912926508,36.89475898808587,32.733646445293445,55.22596136088428,590.0124691049092,6.967774075945181,Cotton
67.23165529177845,36.05533415132727,32.80724419592439,24.853266206014357,62.188116625885705,818.419229079149,6.038169448714674,Cotton
63.377352572424634,44.03475771632578,49.99562951136525,27.313967434898633,73.24220456406367,482.99960802664725,6.275225745641416,Cotton
50.18329097877053,46.52462481617755,35.21052171163593,25.267791598530906,63.160159407963626,737.324944213977,6.646625236805742,Cotton
64.58987025804663,37.14756906070791,42.86449191747904,34.596718232591876,69.17984846575628,767.7364308049792,5.9252591164838,Cotton
61.753535763062985,43.88429582892034,34.72997897528801,27.154225328665085,64.19126844296741,835.5240680679836,7.674168993025499,Cotton
56.83900007482793,45.92537523850956,29.648828744828926,36.0371284367932,63.89249564649381,793.1309802926193,7.004497943284534,Cotton
50.76841591622271,49.28577742434959,43.81317097495696,33.44904496473076,52.86094529176038,836.9166081883211,6.404508414159242,Cotton
73.87643431794648,42.7215898579735,46.196965555573755,25.46004949948185,66.13137698982274,560.7075076447592,7.869771816873919,Cotton
73.00980122711792,34.713959425544914,45.54142048512378,26.326899425825758,54.476380466595444,519.1841953415093,6.885549552335913,Cotton
48.87283481946511,48.79299401819412,35.910354593616724,35.35432484183609,50.4560955933187,829.4864262697753,7.391919474817323,Cotton
61.07908219869543,31.93573660420126,36.78590505083691,31.36972156104815,70.93822586336037,874.52068092718,7.177956495065174,Cotton
42.19790980960277,37.94588167949186,41.824952738304994,34.64565394983596,74.5830744750789,854.8264782309101,6.56064529601285,Cotton
69.6022693238288,36.995561062694655,46.129926287146894,25.141872805131356,80.85772299066107,611.2397688586811,6.290624046311471,Cotton
53.229383032583556,43.85900580623241,31.09554312049945,33.16077895759364,65.400257272599,916.1385896027051,6.231341302814228,Cotton
75.4310038459333,42.37306536000785,48.979450540529996,30.662007044378406,71.26412600290337,556.19568933375,7.1587118535172385,Cotton
70.71800804412838,36.897589935989714,48.09356695081754,26.698518575999604,62.806629354688205,829.9537648791047,7.469766623965432,Cotton
66.28783267452243,43.59322969268463,38.64537546325594,33.43961875826139,65.09121617358826,518.270576473737,6.882888344808749,Cotton
64.40232437009749,35.44387756434919,46.308483688485296,29.943128182778853,67.18142467761461,852.8318636662165,6.011225646304521,Cotton
57.067048541771904,44.295882334761785,45.28960249228197,26.969480842955228,59.55157969733975,629.5270292833635,6.932143624272149,Cotton
65.71393492115038,39.07296224392353,40.660040497874355,32.93430961782311,61.491019464831986,633.3716728036833,7.765474190126442,Cotton
61.021886375733324,42.70870000727742,35.36434784111168,24.99077475951002,52.724410031536564,880.0363291756491,6.001269021675661,Cotton
59.07088371285549,33.20329685297715,36.42441559332874,32.52882644632733,70.2184267164551,852.8911061090452,6.8791381539977,Cotton
48.37397763693086,35.97393045930656,35.55308231941622,33.0286107821996,76.69542654702359,675.6136028683127,7.2380730189800175,Cotton
59.94678931131482,36.5334538272297,48.178158751236026,29.435101569980556,53.517787095518926,788.8480492156532,8.198079961897534,Cotton
72.80676472557059,42.4382921141305,48.590130715063275,28.750631361646466,78.47251737986066,867.8802723663258,8.075732761383582,Cotton
57.79382161488962,39.48014718380948,31.0738945448085,27.463211613739972,55.05751239247673,670.4695084357414,6.504813352882475,Cotton
57.40794067002582,35.32852720664756,43.930079628911336,35.54850541785211,77.46703278373867,846.9498891402881,6.874273009170589,Cotton
60.82481102829958,32.43128632949506,52.33200439615378,32.74506006904223,70.03387077542409,811.6760606697833,6.27672977314627,Cotton
68.69320131484952,42.289898288017774,29.93251707342043,28.506716711796756,71.10109860897353,668.0888570697347,8.053318015608765,Cotton
60.368468127227466,43.04366044337226,49.72157567546332,27.309619604381147,59.8148712859263,655.8529816772426,7.784641920126326,Cotton
77.73550590803801,52.06856504864822,38.27798197052262,31.654058485045205,71.50917602606214,816.1986028018333,7.612127282373539,Cotton
67.36353910231949,30.285717303073138,59.200329049667566,24.06427050678505,55.90015895343883,809.0719680001736,7.043919185487713,Cotton
74.06362133479777,43.0114990429074,54.564057365017796,30.330154832872594,68.4461992548364,578.5120108219292,6.355085594875425,Cotton
73.86391884278808,42.19355004729219,29.743565417003595,32.72077886486441,71.68719266386616,591.4995084532227,5.732074045140587,Cotton
73.33231463144523,30.969668528141096,35.03264897871373,30.438775681730753,67.64203385010099,616.059553689524,6.674677350042813,Cotton
66.08374755475776,45.03888660991767,50.51312924846303,27.66396627090534,57.295624365426576,766.3618126133657,7.009362705939179,Cotton
75.55021296812819,38.533764469941836,51.73313780758164,29.15866892707156,82.99709137709206,740.3741302918388,6.878150697920182,Cotton
71.3353894266347,46.17870128589063,45.58705596226804,27.988598671548093,53.9573669519937,791.1325467473109,6.278947257090352,Cotton
75.82512747472452,44.05641124910479,47.85746307033778,25.88975805254175,63.12533198234472,440.9670093785467,6.815479059960072,Cotton
68.90784763264571,46.27064374736038,50.72932842379515,31.42087811703732,66.43218206928653,632.7666743577207,6.882094093604773,Cotton
74.77859787900248,37.31807685906542,29.346286646190084,30.412411149787683,79.53308555419301,685.5099163387156,7.0779813953784,Cotton
82.87555863308594,40.40643780232413,44.19824575075838,26.1614232784937,58.56324376377712,876.0075628452357,6.723445291111406,Cotton
70.9753670804476,33.45492350683377,33.825516105888205,26.870453614609467,70.95826593428922,633.6974833835458,6.5234303733464785,Cotton
69.42610839876815,35.82995810642166,39.68988549831646,33.659982504554804,56.106442504677716,828.2552956890503,6.774365137910769,Cotton
69.55651673891612,50.885887159005534,34.658958000732845,32.8896452098806,49.5172566700421,616.3936899611181,6.865299782337894,Cotton
59.44271753768381,45.50436257505873,43.086971207433145,33.27045839161286,56.713877139256205,612.0120655918952,6.599001968982832,Cotton
83.78387727117033,43.690426569325936,39.61143070802581,34.37671835705871,57.61640642228134,867.0182875385982,6.935934329315595,Cotton
69.83270108080696,36.91841067943069,46.02927095071644,25.541765086577318,60.2186698502669,572.7897671700263,7.571700809639369,Cotton
65.95047800872457,47.135252382100326,44.189508527021644,29.743243682903262,56.579217461119455,527.6845971814535,6.439981811204726,Cotton
69.80425346434842,45.131734101489585,44.18765134983637,29.742807595186733,64.64208316096331,501.42867320443224,7.333052797616064,Cotton
69.51493541111536,27.590707061621554,28.355708402895615,28.945542970212006,70.2703194706366,652.9495384741815,6.739715177098846,Cotton
56.01337304498338,41.925210576097626,33.698224531600275,32.95379693553447,60.38737673904916,646.2428358265387,6.000619201585352,Cotton
85.96267134162991,37.53788791044724,51.527435556357574,29.220192000393098,69.00320870486215,652.6507893756539,7.484535714893567,Cotton
67.32578947118459,52.76820497520258,38.00571561875691,28.50312707558168,68.4600464490759,896.5603844317009,6.537112273864686,Cotton
60.19240392095691,39.17026906665203,30.18271889210931,34.08415449939023,72.15987904933758,530.7865691201818,6.66903765370107,Cotton
72.3539796305893,33.60047811373769,51.14683050395084,28.675920732056074,67.72994471625256,503.58760961956233,6.291761275085209,Cotton
72.44393388215074,29.927230417096116,31.18246591899893,34.22407050890886,74.248326722857,873.6334877033379,6.8251561138724,Cotton
78.69932594296326,39.96501561675572,26.889421131349323,35.4575443415354,65.31527509292145,774.2423732064022,7.749406941715214,Cotton
53.73701943040218,35.0754868176436,33.224299812820284,27.615057435005365,54.908074597113796,744.1657174212959,7.350418088628761,Cotton
76.95551930961851,41.81801515001064,34.4259269176367,31.89654558003037,76.65280898032235,686.3614572738925,7.904627876237933,Cotton
77.01141213453292,52.802120111629335,50.187801477300994,30.45372079088393,52.96145016001175,808.6484720981557,6.88580570703931,Cotton
82.63141565663562,30.85442580890036,48.10935404754497,30.691781875333472,53.13583252247763,627.6674090515138,7.268988483552883,Cotton
79.19429076259394,47.36003418887924,35.26973826810899,30.973891117500983,61.85289016853708,468.4216038492253,5.826410289124763,Cotton
76.82342976063818,48.36279958272972,45.60984269926916,31.504780688713517,74.92854572580737,792.6730237440634,6.188088084735869,Cotton
74.0159324359869,50.87326574369131,33.47317461740694,29.278289361101944,56.8098289092808,770.910082616487,6.495082500820978,Cotton
65.76550444436306,37.639889727226524,44.44255918402879,25.744282026414496,56.314182991488146,771.2107493180002,7.123135607409892,Cotton
59.88150072604416,52.436241450788074,37.77219148489837,28.2037357868201,78.14957377263514,567.2439624403708,6.960076044924669,Cotton
50.66801767753677,39.64014737812837,41.69798660239673,26.743549766863914,74.58508157576213,737.3451668029909,5.912572397354979,Cotton
45.195273682875005,37.09692997062758,43.941017548164496,34.97492513094652,55.182673027436515,480.84853842355363,6.645135764099413,Cotton
76.65990207139502,50.77175133513125,55.69757060887543,25.94595639119092,67.27241085630037,684.7230831465687,6.440736664091542,Cotton
73.6984512947297,40.309352595822084,30.54693116668379,33.39673939392757,57.666276566739775,687.632875072187,6.011419804713867,Cotton
58.21609970072341,35.81408718233333,39.72673680220474,31.058735546185474,55.956070730068625,578.4589773188968,6.593325897083504,Cotton
68.7909501334016,46.51303449646188,42.160494715875416,26.648396091763974,49.40136462057027,490.6505316040746,7.001300728071302,Cotton
68.82056849903158,35.38351602490625,38.00475461007696,27.433892933837726,76.92833677499266,745.6660672786641,7.726260535241548,Cotton
73.35555654734398,41.56398336623675,41.28350945415,33.33880980596526,59.50636227516037,481.63762908664546,6.970845114087524,Cotton
57.26967174161742,43.51990968900297,44.37765539517263,29.947297427258206,55.50299867266914,594.5593925533719,6.613151662440331,Cotton
50.89187209420422,25.012197213908557,50.22673469091118,31.37234238571511,67.77620811515368,687.5557330154456,7.043857973112542,Cotton
65.07230231519888,36.71442622967526,38.569846207962016,25.923860088929185,60.433623384228966,936.9559305344676,8.279172568497039,Cotton
61.39519242412227,47.54990262653479,36.511924500339845,27.999767382018597,66.18552229562462,524.0701732769742,7.511024122176468,Cotton
49.17216887641624,35.51873978469429,41.63945859554448,32.48244386648062,76.18970552672639,719.522857156034,6.620086963102468,Cotton
87.05548246416245,51.765770827255764,35.143936780798455,25.371987009055697,82.0106641386747,722.6443646645124,7.571423418367928,Cotton
60.21247246733973,48.80527368214593,44.046131454983794,30.111738847579915,75.14192957210518,652.2448414726994,6.2564310528431495,Cotton
70.68686201466637,36.29412252295887,36.47330352879441,32.27053652109972,48.57207170229461,755.9245366622619,7.946028228601621,Cotton
56.68708035665855,43.12082880863599,42.22024413399024,31.493246320221278,61.97497686267568,651.6869782974981,7.800345134963937,Cotton
79.92716412833333,42.9385945655314,32.096227201553056,28.857744830830608,49.37613226170379,784.4620256057592,6.360282438475368,Cotton
72.9242688692669,41.45555045503923,35.67248505270786,27.611129729950658,78.9161178542538,571.5839247484122,6.280102058835115,Cotton
74.58355868833851,34.92704350686005,35.417353253463396,28.185617785651147,50.52941035756755,912.9358299565242,7.295636780298596,Cotton
77.7710110540832,46.61231796209002,36.57641523061474,33.692836738012346,55.23637914705326,746.6296076934464,7.47263002202117,Cotton
45.21520534958465,42.822151557831965,39.92314848765327,28.375644217459886,78.26645829245842,811.4083577837009,5.948576002898244,Cotton
56.93329217258111,50.477200743178756,30.433003320579775,27.507258868812833,74.66318588339055,848.5232877216289,7.4247462770413435,Cotton
78.65318298518316,41.81754589508789,32.53591825035668,30.464038406553104,76.51475881790304,623.6402793497359,6.918580390543824,Cotton
70.67046061727925,48.294753260069776,45.89930056032158,32.77264009213264,66.83692832890101,583.306396955335,7.783536806290992,Cotton
73.68044405216153,38.416788595655795,41.64013971398684,27.75507701148529,78.26887203435895,854.5613763410153,8.267833176382352,Cotton
54.12284824515298,42.409204164281505,54.45470793251899,29.577018988643676,52.23876932579336,748.7502826596896,7.392378830259286,Cotton
65.85653675620073,38.520594933400524,30.73492329818744,27.517174976341472,59.22134891844416,577.1998502807529,7.502453900629347,Cotton
51.3895878508308,37.65691508089232,31.629957784368152,28.942726433408282,76.1330854524821,891.9371740738727,7.36516433016949,Cotton
60.89285966120351,46.253611884302366,49.75254063280793,34.39957821678286,71.1708260428358,894.3779005300371,6.073326141245841,Cotton
71.77229387096855,30.32574587983691,51.163209858862146,27.06753317544893,68.91733086348574,857.6669839641226,8.174161522284281,Cotton
68.60787827582753,42.010127662101944,39.90628465696387,31.18504797659422,71.36236472399882,491.1480860959548,6.98817989210939,Cotton
77.33115937641023,39.45671033129001,45.71553723708482,31.302608497168443,51.718645080483576,562.3204862868847,6.560341247984548,Cotton
46.43029175027239,47.29577659693638,36.22699774103157,24.253287115398283,65.78027487357379,903.8551216666632,5.993486132155892,Cotton
65.06006391673272,47.41706671783454,45.391460630713155,35.961540888032815,49.06950503847735,811.2960739010766,7.673832949164141,Cotton
70.09298152017014,50.58331131698701,51.07462000512309,31.74389677624078,53.461527203725076,466.9374437181598,6.953039054955353,Cotton
68.94780671170712,29.224329163117307,39.59318951279005,26.19271812658151,65.79765093862086,696.384954102412,7.651058209576576,Cotton
54.983086529332724,43.58200414570978,29.20970125684341,29.265741391454426,58.15128306013158,520.8070590389773,7.1434324626532675,Cotton
50.69282420158811,37.51722625840912,45.68961728951504,30.16546700491349,78.74847530705694,604.6270563823981,6.484075735042311,Cotton
63.88992602141443,42.00066189010072,34.885252276945614,27.860043080415238,63.03320171075182,786.5186128097674,6.161710906250149,Cotton
67.29186659035915,26.934200197640003,32.192910946028626,25.320437540169028,69.13116997336346,588.392185767083,6.218616992481489,Cotton
56.747966136846195,48.338733854007785,46.40798546479799,28.487530311604544,78.57773692489346,710.0894410784935,6.896032030491891,Cotton
48.10431800857149,34.572076801847764,54.06455586875691,32.458997596862126,57.37806162017621,524.1525535748258,6.189431064344048,Cotton
61.00521146792301,36.446592326777186,41.057352846511705,36.750218952049295,66.30292937917616,801.7027425742377,7.862427417644666,Cotton
74.89630818309702,31.588874297434263,28.922225428305733,28.248730617476976,77.00152330312164,699.2381016461443,6.424922191775392,Cotton
75.19075070216515,43.49959128244951,44.700244086667745,31.746750868500268,58.31792655615178,575.4220110261975,7.621650904344541,Cotton
61.52311124437027,47.85563840435669,42.58390786081245,25.589743477036443,54.819236514161666,666.5276840552208,7.1295927239668755,Cotton
71.26924919345521,45.59012505722821,48.559261252230954,28.54480557685625,73.92477292784827,595.9273167860227,5.945905229006177,Cotton
74.21145814901972,46.42905057340877,36.06076165752229,28.857897383155006,62.517382288264805,651.3357578854897,6.305744883218074,Cotton
66.54602238976537,34.035829388908226,37.74782920678912,30.35451445902614,72.31057765543832,492.15848017346764,6.962128480771925,Cotton
66.86843982260345,33.765719540193174,42.33147158101074,31.246459259380188,68.97541914635691,629.3749382421194,6.372992294894392,Cotton
78.02205302775928,44.168865960269095,41.756090125655085,26.297776603398564,61.68667702597594,578.5405456611743,7.734845272821207,Cotton
44.60897735094037,29.666853381141905,38.63802007413388,33.02518506073738,72.11289407000108,601.1808144904622,7.235036705243745,Cotton
73.58153269985685,39.2136242342226,46.32752716461648,29.563877052548484,63.22560037443402,593.1997061900245,8.235955435849318,Cotton
66.16601516842788,47.2529163509079,45.506456227042506,28.976349989415723,61.88119115724163,492.1561377269917,6.548795585575825,Cotton
59.90498891350728,44.10690322325499,29.10786812604732,32.22086741116216,64.55859676464924,585.4674745583616,7.747262602603179,Cotton
61.84452032539739,35.68934726757752,37.37274553485707,26.259809633874482,74.81827583896717,833.4739035539994,6.480798422137751,Cotton
68.48784681893696,47.388719123460895,30.306670720687237,34.277578876677524,63.67229139666814,789.4421579680668,6.416407495197897,Cotton
89.20669057372295,45.41615950434112,47.56470131903687,25.040302102226434,76.55136093417563,793.8933902934012,6.601373690673224,Cotton
44.430021269929995,51.238533310171654,47.14948005039697,32.40620315127618,60.10737586093391,777.5780896027941,7.77649161773338,Cotton
56.35673336803047,45.97609570114125,41.04243484810101,31.96842224512096,59.98104565451963,704.8074693510874,6.852905274047378,Cotton
59.103858897729666,45.70563692553178,40.82282555061275,24.875941793199974,71.47939771537611,749.5138932742739,7.2125102997338875,Cotton
61.261605546244255,33.39529398891415,39.95166302301601,29.946317865930244,74.6442064915768,884.4820857768171,7.003052091866192,Cotton
61.993167519244814,39.317575733803594,38.6917345292173,29.258505518768654,51.478890908595055,510.7282886701287,7.286014878859995,Cotton
68.94350166109344,34.98049553502019,27.026213107726917,33.89130237073085,58.114548065682335,561.2554551216217,7.3016766344448465,Cotton
67.75788884875735,52.715750150782476,38.45783132388724,31.484205024376028,67.07264428080032,455.66027155287435,6.508710887827972,Cotton
49.37121152038963,34.97282009019349,46.80773203615996,30.690696386387668,73.60711643243918,566.8916033792183,7.066855070109023,Cotton
70.3649883836442,47.52265086027898,37.59831285757053,25.18174023198521,76.97127411852632,543.7750076458706,7.755668897950219,Cotton
73.87155530758452,45.095981168751095,43.24153599612356,31.03651277287751,75.25572509073015,553.955301485381,5.963565755869729,Cotton
74.14574219200314,32.862929513759944,41.29615433146791,29.539837481833583,77.15940001593724,796.7051344667768,7.428935431005317,Cotton
66.03630556268308,35.01276369197488,38.568685850945876,27.185608631720715,79.35834322369102,886.1612864016795,6.4647097806368095,Cotton
70.36411317652562,34.73918666738018,43.43995909084717,32.65378081189348,51.903844407706266,656.2323911639687,8.11132103952386,Cotton
71.24221360369057,26.335896935958875,37.49348169732271,27.848125414127253,78.66012085681537,673.4825177102506,8.214999502337099,Cotton
55.65742201249725,33.62690527620048,49.598560708923706,27.01660341294591,51.765081990899304,864.4791443985648,6.773550916741112,Cotton
79.98235040440512,43.27441257322255,44.979252395460456,33.48113700059083,64.94788139750868,584.1498958205327,7.027063736128323,Cotton
56.44760501089481,40.3800041869082,43.81407852433226,26.89695504260203,60.395389663863796,677.7120391911577,6.655956780991253,Cotton
60.52997621167254,30.704600463006777,43.74512432640309,28.756572326082264,50.35658090064297,870.6704583136138,7.96383255619768,Cotton
54.70175983973141,47.3202953776832,37.67519133172915,33.88575041630138,64.58162487715444,601.8681107389864,5.8019537861058526,Cotton
72.04562489380598,38.682746811239255,39.51932587031659,27.439301271616433,56.90492603898774,524.8318420498514,6.272692626480564,Cotton
65.3417779947517,26.800464919544144,37.361706152621764,28.713897236063026,65.87613856018716,964.1837654867762,7.427639949053222,Cotton
124.68526844953976,77.74445730827797,121.49889030565753,18.037341208015896,78.00641240274919,650.049144343816,5.256438959485926,Potato
83.24138993371821,67.84774237375473,136.8600286544531,18.94110501761201,75.42898427648863,698.3606091808067,5.6986747505455755,Potato
116.45050467746707,84.56814678861564,128.70605238207077,15.350035543198194,65.57920869877557,663.301019802601,5.081945546246854,Potato
118.47337316246528,74.0303779307815,104.54822948878162,15.212879363668621,89.32886656196355,667.7619386312343,5.9036301016256845,Potato
116.32758959884627,59.76612053696516,142.53799338940735,15.371584460805886,75.99472545050953,749.032595417857,5.865818989729043,Potato
116.93380801340571,72.01774579798659,106.52684714967089,17.16095074042275,80.51462227110204,744.1130570736112,5.368805934869897,Potato
111.33712190242089,83.49268648973053,134.25028574416973,19.77740255024744,88.45076296351674,514.0769983583812,4.939030701638757,Potato
112.94290328517096,63.6025492369351,111.78583335915424,19.685976428314916,81.859697324094,771.2968528786685,5.268115837082672,Potato
94.00904621821554,78.45466922950526,132.2568088794144,19.47814479554533,86.41105767009692,627.6059813085876,5.182070612015133,Potato
116.89299491187805,76.14521011535513,110.29280761590775,17.178016308959318,85.70161642765297,714.8329018141802,5.289262907099927,Potato
118.63718486072703,64.44846615589812,100.13351534211577,16.651380727902108,71.48496250557363,805.3045016751706,5.827101044738859,Potato
120.8391874819203,62.57461308382212,111.16228907486617,13.471105551617356,89.25995213717607,554.9950541774487,5.90851688875923,Potato
106.32240732566254,84.6217844535846,131.48246128465541,18.06256497535921,75.38422692581713,637.1374133928142,5.637289797334831,Potato
116.01502145485085,83.60763578046304,134.92351076466238,20.84454271254584,86.17925150546569,546.591639055752,5.22497446766096,Potato
126.57615541835308,87.08039159483761,114.73315071371549,20.213333871367606,77.61638372918323,482.01737833661514,5.384155774015486,Potato
119.43778299442334,74.39085357031009,137.64346294296615,15.68059035920349,74.17836110109748,777.0167272458194,5.274608987319099,Potato
115.1738607433649,73.41519207388396,117.1137224292975,19.291339809473577,73.96378020759943,486.37203133716514,5.9756866612174155,Potato
105.69729017645965,69.41565451077764,148.84780822574382,19.488989333812352,90.1429162353475,745.438501434968,5.214270676379111,Potato
121.64592667746264,74.57628494454683,126.14928034202977,18.759752552961363,81.52634567990081,565.0437610554181,5.006943726414814,Potato
108.18126784704272,69.79324272667674,119.19753314823453,19.625889378393545,81.48633003368404,817.0566240279711,5.051037573603422,Potato
121.6123116120958,69.51660628921285,128.61318612492465,20.15110437439754,75.87526735671135,596.9184927998326,5.949451215884167,Potato
109.49363264955319,72.83319556539156,123.59516364920059,13.915076915885372,89.61699268399232,516.8572028894891,5.276401833144834,Potato
92.53662650646044,77.4251713855311,109.39504284949513,18.032233732623173,73.18127244468872,559.9056052131111,4.807944252492836,Potato
125.77885476136801,61.77198613828706,130.01904170868315,18.80431464170829,77.64092751656324,550.1329988548742,4.858486900571153,Potato
81.91177157096213,67.14490666216624,138.51602956566066,20.876734402062947,85.26456409848286,667.1474861684479,5.92080405174781,Potato
108.08457740504143,69.64502135403437,133.4374286667046,19.81624719870325,86.44406602143611,571.8895710142392,5.336719121219234,Potato
106.0388019433681,77.8591133762669,130.39012685242602,19.174044953137034,77.94990894696029,774.5629502790657,5.441422150451547,Potato
120.25532395173106,88.37749304273956,100.49216999040782,17.585152847246352,83.34600190036302,632.0086108111722,5.548599575061285,Potato
107.0384010746838,79.28977929074601,122.22744256010166,20.511581696307545,72.34634781565728,748.8331086672412,4.988428086355952,Potato
111.11529155193458,90.25981756478389,101.91558646478862,20.55167104164689,86.19152391289427,709.0108086135327,5.474664660459185,Potato
113.39735407501229,72.44520573950982,114.37111678250113,20.280647528080394,78.92833901897566,616.8967213028811,5.004334176251338,Potato
105.31622641722078,78.63994965239128,149.53750684370203,15.586029240947505,83.16352850767511,490.8282786383102,5.97894058495368,Potato
115.82537074049336,75.97862226636224,137.13580602919072,18.4556086661038,78.17807656359851,595.079683873918,5.9970576476440245,Potato
93.59320546566197,66.41260617463594,140.0269157409345,19.988412216088037,88.33063891981264,726.8209575051366,5.220440104058204,Potato
126.81389704282846,85.07495624280931,136.43016150839273,20.304860695986413,71.21362591900981,724.8650104232228,5.897548675872967,Potato
128.74061208862906,70.01720800628965,128.84532049760583,20.186496013377198,75.28133052732385,394.48708958144937,5.970737845076418,Potato
114.7331517337685,71.68107627788666,134.95776556595914,16.657706199784947,91.05653410924558,686.8306760870031,5.751819846567809,Potato
118.66315448906484,82.09324200112655,107.25672614174647,19.865788626090243,78.1073131022115,553.3715644340168,5.789170027623092,Potato
120.6562738117061,78.08502829317763,97.12953160803589,16.81066445334374,71.7467268583313,465.2606392018082,5.244803725885897,Potato
83.28064657018635,81.60453848107876,144.72375499915904,17.985860554728664,75.67209464280536,524.5819637025852,6.179102633680671,Potato
115.88451377686006,75.78253449072074,129.18452994732613,20.833520096896603,81.66959269162261,704.2646363011891,4.863472879498867,Potato
101.6021350074844,60.414638092156345,139.60955800950933,19.88459056689307,74.88324077814167,559.8066692025552,5.55227898861579,Potato
96.25532985998808,61.95127446494585,130.9226251272977,16.31394421318702,89.62886756240746,664.3049769990428,4.905501555256656,Potato
102.19345515168182,66.2327357352534,132.44516487325205,17.86863344270277,89.97176392331652,451.8349168331141,5.53561145146632,Potato
110.68996733356738,63.3044102557411,116.91304936941894,18.317854434878278,71.90806619172098,734.2873744675751,4.62861781068286,Potato
95.50118580781593,66.58433427924365,125.5495051223618,17.978591579158334,81.34874219157454,755.9631959877821,5.065078050245582,Potato
120.2130623836098,61.272338454829075,101.72107932832327,19.142131020567685,72.70068216630696,706.7855356316596,5.5818070386605205,Potato
122.02451587148714,78.05277361678876,129.20642888840845,19.976783017890416,81.9938728745996,596.7536617537678,5.768002034177151,Potato
103.67661781070399,68.88673699558946,127.28646346811247,21.07890679171407,78.03952564968843,664.5250818242054,5.232278956860704,Potato
119.02509384901066,81.80500729908174,123.50621444024299,21.46515556134171,89.99190288695169,745.5424641816168,5.46047548114211,Potato
108.06654061562627,78.13414019813793,100.23540956808925,20.127901346357017,88.0860783036279,485.8893514901251,5.370289690141707,Potato
103.48964177617299,71.61861651437553,111.74786340210224,20.50238591678413,80.2720903128885,631.241530473362,5.292595779680844,Potato
100.8251775562588,63.43290265354669,94.53753325701982,21.654887718780984,75.43159436432126,524.9877650501047,5.668682677333209,Potato
116.11223358637729,72.41486490813651,125.63306607538307,20.211650915889,84.93204143600863,635.404105324665,5.744977869949577,Potato
127.75882010463312,75.0408015901604,132.09455807010633,18.47666095453429,78.60046631765157,812.2066232762078,6.013813930147152,Potato
98.06378491711514,82.61494974321033,150.12870207634856,20.16181780285973,82.70632925400803,818.3837932147587,5.480008774483702,Potato
127.5806686591562,71.82853387119798,110.51064468995447,18.62763186021456,75.22170116973359,834.9842220477769,4.852669932569076,Potato
111.50758936695392,68.63320948983144,104.59206147197554,19.491629530350327,84.5651209527178,621.0140989865012,5.60833543832255,Potato
109.27944955609912,64.32200916933184,142.30714536158564,18.523741490377247,72.98901025571634,585.6561096911182,5.493071602782455,Potato
93.9508972019481,65.7364462622409,111.4981225336008,20.975429809299374,69.42216481532579,665.9667296424944,6.023138181389338,Potato
120.614542685621,57.06264538849982,118.72330840640434,17.4620669992125,69.24812803207868,770.4274504132204,5.884321932874004,Potato
95.93719939751371,79.12622770197571,157.21732630786337,16.38349106662534,80.20332669042526,549.2388861741957,5.929429094700006,Potato
105.65618615614483,66.17445133487108,116.60587596963408,19.786409593326535,69.38177226749836,565.3629927947901,6.2233034728059335,Potato
92.36772642671477,55.735745664132345,99.96682324553356,15.570546541642663,85.65583723701846,597.336159893955,5.448524423330511,Potato
97.26935072078702,70.52307026911909,148.22832330204858,14.943147118764346,85.65850633899939,736.0039292829446,5.674495451715631,Potato
101.61096704000344,83.7175438163259,131.20280621120966,18.588318005480073,72.5323653919304,674.920566141072,5.561510277000154,Potato
96.73072793610896,62.214729708684885,134.72768196082836,16.649238661492504,81.42354087324864,631.0342576373587,5.744622230062985,Potato
109.72194515446466,88.32516059696937,107.77711159403609,20.816160318269905,82.07095993265305,583.5860149348504,5.061327308622504,Potato
102.87298014310306,85.16429222675619,162.3599359189215,19.815297263885356,83.21430473856063,718.0719158019198,5.055821612824961,Potato
120.98968599298539,60.94394952951342,128.1607981694826,18.147921956491984,74.50381196532872,599.5525725577963,4.595253162378036,Potato
92.3178285365605,88.8549665137989,153.65791670499218,16.925645190211025,82.59343516086442,697.9811819500339,5.723488708061961,Potato
121.4691487639436,70.186783677192,134.9650940444147,17.330214972282757,78.83042415690112,675.5040016117426,5.534457974147404,Potato
124.49214450590752,79.85583832021001,138.88679769508164,19.220671034212923,82.93441466125685,528.1757588738819,6.106882216034457,Potato
134.17595438640834,70.30370400183563,122.18261962111727,20.177192101006497,74.97447739459905,639.1619875452906,5.530348590854183,Potato
111.26040764466977,63.38593251481365,111.11103317634901,19.916343767979285,77.25655600892833,576.7467412768432,5.975279818307156,Potato
111.79860897412819,61.58752718769565,149.8886802095487,17.847100903160573,77.00197132699667,810.4219913370415,4.971992767691836,Potato
112.36106024529322,69.36308449320076,145.84008666235982,19.722674908614543,90.82901969450786,455.5704577629392,5.078985962903598,Potato
125.69789182975967,81.31431148017165,117.88484534628236,16.82643382792833,69.25058753584013,643.224809146137,5.085494863368178,Potato
95.57075658934342,77.13762137607705,137.66514539163333,20.14582462506594,70.2050815260899,559.1440738676638,5.841989617972488,Potato
104.8564755858539,86.9561251536385,105.4348535457021,20.055226967369066,75.24946901027924,583.8464763586364,5.3518250745211455,Potato
116.24097222133186,80.74101141586203,108.17021253648836,16.616486221780715,83.71981586307066,519.3604234160558,5.859472249106823,Potato
108.00093494396612,73.28179668243575,127.65684339329636,17.59314865326047,71.2641580814027,569.5159631276306,5.594349890425094,Potato
93.46276325102663,85.2625191102619,133.30286234590906,20.059551919689557,75.87785965617886,720.4066530531474,4.944059268297922,Potato
127.76657888535337,66.51387564489096,127.5659638584933,20.149554419563266,78.13815550413953,709.1543555285097,5.633513287180568,Potato
113.65531423680409,69.52641607453397,147.49043991151015,18.596499288957922,82.07084455178264,534.9305037895787,5.721089064288673,Potato
106.72407819368408,68.64819042405426,115.26404750496208,21.793743695986734,75.37201184653038,555.6361793477334,5.950209684936158,Potato
122.5879763602217,85.00578406412511,131.04874085486296,15.40075642925202,78.93177620216126,753.0319249314787,5.354831967498318,Potato
97.033978671785,61.46434601673942,119.99135987147122,20.858101212859065,84.7705500881535,534.0252914777805,5.08883681252699,Potato
93.65331303504583,73.14169947584914,96.17543199790799,17.83971700804984,82.74462264089482,624.6084255593248,5.858820551659907,Potato
107.5963482731444,83.32100608071396,121.80880629420672,17.96756680988908,89.75355879586793,795.6777965369607,5.744503348649997,Potato
102.2731257863707,67.39025813443449,149.60013723511685,20.74748609085007,76.13461032718462,830.8757739957011,5.579638789327487,Potato
103.44868003784592,80.02922541174189,112.32628130750282,16.210365213008647,82.94765104295868,642.1704909870905,5.682122745055386,Potato
110.00648372777827,67.79897538254136,104.40699065399644,20.185039589994194,86.80276039460455,610.9516373993187,5.305310928532865,Potato
115.47838582421653,81.98827037793446,130.71704134561034,18.068623566130725,75.9271174570319,630.4252504566743,5.621208281112723,Potato
117.10992703609206,65.18783219898094,132.5465121155221,20.7533502174175,80.17028579814227,601.9624513535941,5.60581132035475,Potato
94.03132068329239,73.07064285418961,125.30237810406597,20.845950390119317,75.7581389223432,636.9565043450931,4.832440933795419,Potato
92.77988589230914,65.64521566232393,146.04156250834555,19.412887223836403,76.62128524235037,541.9328275992248,5.665545521385548,Potato
129.3965439301532,80.81286320503631,148.56015976635695,19.119192654185248,89.04142747426651,517.3769711733198,5.798207835270886,Potato
115.57499502659013,75.93268375411961,142.86554227955224,22.034300588892968,83.36663332247424,555.0673930573228,5.509440189208214,Potato
90.0120890009951,87.77855487776176,143.26111188347588,15.673555249237808,88.97925949286626,637.7305411951279,5.206798807742841,Potato
101.68883620921298,85.77619891402695,102.90143316599585,21.435005272670743,79.87628177125671,588.0592665735492,5.096993141644815,Potato
123.99932797958121,62.56952627793734,140.90082280742095,22.118285230127274,78.8144799921795,867.8651951263319,5.5881206133654215,Potato
122.9277124838806,65.31834665817357,146.0144794861793,18.54079927442674,90.03892635216,845.9121625797014,5.836466850899217,Potato
123.82836338988612,83.71270453481064,99.50597136042107,23.15005216022308,69.7736751446709,612.6203664714167,5.667829524355017,Potato
108.99466624585372,59.98973920088582,132.61217550522056,14.710186434548557,80.52069193497282,656.1388350974803,5.976871495597637,Potato
122.68843303443907,81.54738580869845,123.21847327737,19.112001634104004,79.24735799728974,569.6514740985406,5.204676473288791,Potato
115.81192670105332,86.98937045945551,139.66694567515245,15.966457718462042,76.080105953323,599.4477817000931,4.870127327335465,Potato
126.10432399888734,81.21543658367236,142.46347632844385,18.160023280636747,76.78196092763883,545.9727510886507,5.250518193973491,Potato
118.3439889643411,67.8305787866161,113.09043640454584,14.485749027684411,72.2541750998373,529.765796126654,6.304657149544296,Potato
116.74958729795833,69.85590326568686,139.4302628607214,21.160024479006402,90.56007405452205,555.7215622088006,5.791394506668107,Potato
96.19438518872417,66.47612777199235,146.48866398485526,16.2694492339385,71.20664708711776,658.7399125464758,5.460643166625993,Potato
113.62580944691037,82.54112247526578,124.71596038476255,15.766711779131489,90.30645328305908,497.09664114887676,5.669256648693897,Potato
115.29394202434801,82.16045460475402,115.90474098741835,15.247202077589424,85.44534713481681,540.410116137946,5.521609704277755,Potato
108.71381772379209,63.18760085784089,148.2603131012728,17.17742845608107,81.84118255896497,567.9007686712836,5.140759121461619,Potato
117.78181174819657,66.84204891113157,127.3030753798723,21.685664061371472,76.35729678470899,623.3102858636508,5.313885855601267,Potato
99.41851189093204,89.21511541294402,129.455430594505,22.196709620576545,81.31329331242843,662.3258977065979,5.268855656008479,Potato
103.30982556029103,87.79108986292113,115.92635454949254,21.808867787378865,83.40304339688272,570.5549865698324,5.280480146253486,Potato
133.30937875904752,66.26429948108957,93.24214244283702,17.00436448174399,86.86827506255786,757.63648842046,5.829888528465491,Potato
115.41580573509147,64.80212366940692,152.50502214423796,15.955903174285597,84.93525562186964,587.7919778699752,5.377729733090381,Potato
125.26008223343382,60.47156490154167,135.31442688681315,19.39113801247542,70.7496110623218,746.3933993313203,5.51519369725363,Potato
115.19989800391447,60.709431127894334,113.747410621692,19.09336953535761,69.50520438985171,553.9775950612237,5.421386550736824,Potato
105.078363334518,65.23002592909731,105.8388694527019,21.257073663266116,85.00213344899947,762.3953263706319,5.875092149200374,Potato
87.25970736256622,69.34631729850241,103.2899987524346,16.473523475504724,81.07633915163748,693.2960311497004,4.921256349693369,Potato
122.76377851563696,66.12557051908122,113.9880628830454,15.780934157190242,90.19900010017777,822.4233134035395,5.775332821209742,Potato
113.86647318940925,84.59352520542258,137.47941515460678,19.762853247551497,90.65354544238151,759.0772229936435,5.830355359657687,Potato
92.99679767380273,73.83793252716626,133.49617988079575,15.31383164488381,84.79626709654598,547.7680109470685,5.092084224464916,Potato
126.9622234021753,83.21046588055475,123.57744970214144,20.14198049978319,69.92060034079842,653.9788576830067,5.295024717654486,Potato
93.91045848739924,60.18585852543169,136.8656333391181,19.73920679178022,69.00466936078845,600.4180117954909,5.4943623886771755,Potato
96.4965493794498,88.69313716091055,145.66964835044843,15.506726809775053,86.12923661537077,524.915471364985,5.3300116365017445,Potato
122.671040146957,81.40632507623282,102.93714003142551,16.038409536176317,68.88249618064941,865.9754752454257,5.87479768224797,Potato
123.99892072672762,68.07516841998417,128.06729326458628,16.169802025416928,85.91448557561355,572.0947177601303,5.193677685109702,Potato
132.6621444922316,89.12300467865408,131.19812204088214,17.061813215812382,71.8366273649199,666.0203962096646,4.956479434178293,Potato
119.4308513990864,66.87540011121166,126.42674533247063,19.600050966683185,76.32132726272107,589.2586537167875,5.856960511208267,Potato
116.63599587488308,82.3091289269219,129.82499864388274,20.071368923274363,77.45923526564846,611.4326174383326,5.275472682891911,Potato
97.089830504296,75.37418449517365,121.48502973863569,18.56998062273351,74.83960576531723,706.2852229492628,5.31889604081616,Potato
113.8190449129402,69.76419278525084,123.35512188669641,19.522007186651006,88.64192554945372,692.1245670427401,6.455555983933763,Potato
124.99998151302465,79.8710771677539,114.17161123806603,15.816886860183285,85.00879531799924,663.3640820371758,5.267782058185211,Potato
126.77770160378256,67.10949422326965,150.7605777162891,19.66827732160834,86.15834272401862,727.3465105213415,5.3372902020959465,Potato
91.93824608291605,83.1544212300118,119.98811349518962,19.681439822094944,87.31693714724244,676.7311581652148,5.562404138027243,Potato
111.65581908022027,67.73525955356777,126.36934519952901,17.670673480532173,81.40505697216201,699.1288602140409,5.359293552885914,Potato
114.73284013925515,74.40638870764217,100.41385931324872,16.563133192132426,88.1248916903712,574.5866484989415,5.464655764562585,Potato
113.31668863044356,91.28325636461176,121.72839071424606,16.787267589833377,82.50057873669645,721.989862548891,5.896907024816026,Potato
119.53214578725883,69.93511713158281,120.62567323089561,21.631900740123424,84.56903124210874,543.5402028634102,5.175970429353824,Potato
102.7674584153852,80.59325867901681,160.548856537405,16.36666542622836,68.68094900040526,717.2069918742376,5.327323469174176,Potato
123.96144547848998,56.11443829169161,125.86247830378285,15.31114111150455,74.63684945091208,658.659638770492,5.627318229739886,Potato
115.47572382837598,70.99429681161871,131.64389874408545,18.969428229067884,84.90919975316899,706.8248053622132,6.052002926478125,Potato
113.0442300026577,67.3086543528307,108.77363783491872,20.777303485791357,79.12522016003273,529.8499946749927,5.583327458385027,Potato
101.62490800307489,67.40271824831812,99.3190146745631,14.35416469612397,83.40211682393043,596.8744493661657,5.425830095484835,Potato
100.38379717672012,71.96903210309378,110.64318557280183,19.533698835702126,88.02966322408892,819.3699011240618,5.914512867717423,Potato
108.59457349570235,72.3576179378515,117.57107875882222,18.633680590022983,87.20635147506395,755.8099011163448,5.4828656244716845,Potato
98.94438607286236,74.6328238810469,125.3709194921288,19.84727883098136,86.59203127602612,584.8683040055823,5.420263808379646,Potato
124.74569473916894,84.29103918351318,125.39928571511061,20.60158238745363,79.76767718689426,670.8613165163117,5.7899717868387945,Potato
99.68696374469758,66.09222379526946,106.59104714882673,16.70114546693562,80.94111180886921,510.5930893449229,5.768838917568784,Potato
98.23120673534834,68.26613612508739,114.80090798860911,20.398604014906187,69.91809650549261,544.5864820430356,5.834907132039807,Potato
111.37194443545201,66.48782180767012,106.6728636602127,16.329718930807115,75.29606585158228,529.0230343074484,5.090014448615524,Potato
107.65286288173328,74.93075431578994,111.64276871403555,16.284866357000855,75.29203820308437,749.3968746069197,5.2313892435624565,Potato
116.23490747919423,80.99676826371581,146.80929193430134,20.551067323772717,76.96199656339878,515.8316145790496,5.19465033649821,Potato
123.07519171016385,69.24730933828714,110.62792222288377,16.16274081165826,90.14440124968374,594.5649108422683,5.499711016563042,Potato
94.3476805518638,72.86982454809609,102.42546745221118,15.858329632102652,85.89589109688895,587.2494768518729,5.749850413803936,Potato
130.18005516932809,66.44719980631626,141.78595181315274,17.28081560156109,69.95179075312386,660.5666956481356,5.431358774910915,Potato
113.63178001252626,75.02513352914632,134.46862034075758,19.437522969217554,88.55310245345382,624.2258376849439,5.687270289819125,Potato
96.62123619141045,64.45448865936245,105.75405433898477,21.80465703546935,74.1740436770216,603.6765301749688,5.5490734681119775,Potato
83.40327731105104,68.92607044879553,127.4816730779994,15.783954293420164,76.93198926971043,823.7958734815757,5.6787125008281105,Potato
117.64399871578321,75.03882992203687,136.42954647596525,20.658382064876346,85.82173942008788,508.58611245736154,5.153875573440718,Potato
121.21340245595098,84.07849739104422,133.31741385208687,18.461161067810337,82.96578289562662,557.0685934346678,5.601927746717193,Potato
89.30370087406934,65.15132929961821,99.28151236057606,20.234622416659438,84.23922388530589,538.054044293023,5.519231981790009,Potato
94.59636795111797,73.85212837362374,127.33014512141926,20.82365192816232,75.37159326153012,799.7937002012154,5.6775907653099695,Potato
119.22651321412445,71.72663338605469,119.49217189157227,20.960516586617718,74.99007403637837,756.8154123822861,5.717038461061122,Potato
97.61063880207654,62.75959165943449,121.94301000665664,18.754649092233784,73.35380030380426,581.0935553206908,5.540928979218672,Potato
119.81030673938311,70.26188655795681,95.51287251139895,15.493580394755236,70.29937250313122,438.20252580895533,5.737136097490426,Potato
85.52734178849477,54.57318400325094,132.34180622621415,23.925574078195517,73.83594481014369,599.6094225332535,5.4253026665413815,Potato
85.6025471264166,85.66388177885236,142.51060942385593,20.841967698577548,75.57890209217707,775.2881389422106,5.597099718569073,Potato
106.21488569967282,59.602807026405,122.15639998988823,21.05123377319566,68.75285846769196,680.1644633749155,5.521545223998945,Potato
122.38611759882056,86.49226536995685,102.99279482335622,16.305118582387372,76.76862475809983,660.3530663405978,5.83626020335804,Potato
117.89075730516244,60.618446704546685,121.3318801200609,15.76482960334572,70.77975334596482,600.340328789555,5.584742437776704,Potato
119.92121184034264,86.5308206147046,125.85181752086258,23.4605318547493,91.11303381223321,456.95743711105814,6.27477951118761,Potato
125.74809014019593,65.78321467567814,115.82710099347823,16.195664985604353,83.59478337229542,744.2016391983137,5.6473879041869735,Potato
96.28294674249342,83.90162971198242,121.60206030707651,19.31861290471553,78.80169595450168,584.0741970516668,5.240926532731739,Potato
89.79885414941437,70.36248946835029,113.77522672262735,16.281169894465286,71.97110156794957,837.9768978421756,5.112700884194795,Potato
119.72522095880085,73.84009950488966,133.80483979619405,19.63923037226005,86.70229580056963,594.1919789410538,5.104894527173224,Potato
100.12351683105004,84.13864918425298,130.8745846828661,16.395306873427828,90.22030599951835,811.2908716546785,5.488570366968475,Potato
108.87990566725104,79.0971326571232,143.51281714730197,19.42500181080093,86.90008143291034,574.3148533421328,5.760550346803387,Potato
95.05964972768747,79.5331382730282,104.19163447241748,18.855260350717607,76.30530661019715,600.9364438188331,4.984043969202724,Potato
98.36830178937426,80.77446054667499,103.99222679744149,19.563442017659494,81.96803804398408,559.6615787354012,5.9633717780238635,Potato
122.73927371411092,77.92313623102189,124.7322650327598,21.743410528941116,80.91099913281559,475.74374713689224,5.176665667250251,Potato
129.50729127639272,71.50937158322189,156.4955707194232,22.092358615013694,72.58381143628273,659.8998431944474,5.3624371105913395,Potato
100.29592469062193,78.40002165789836,133.60127977339206,19.321542944703697,80.13937011651689,665.7332272547421,5.475024209101891,Potato
117.46398880158235,82.7467521615803,119.77367240303873,17.307523421990943,76.80817191557045,772.1434844985151,5.443254359787655,Potato
122.39351047506129,67.33215285095544,121.64100618611558,20.036908135478136,83.00353919583792,474.6140003559014,5.675142590728805,Potato
109.97750557656363,88.03771903518151,103.50140794360816,15.872486392249163,83.20613992595929,602.5603491053403,5.237566881455607,Potato
101.6048491308387,65.24832477532685,103.36635869099534,20.73739070189591,70.48839674802974,493.6807209427181,5.2138600557640595,Potato
132.2318019694418,76.41533503024498,100.59517669352098,20.15888083321396,87.5933850297217,852.7705806190424,5.9065212425447315,Potato
89.31788273220863,73.77145568914433,145.6970618705036,16.951241465995725,88.51613540330563,576.7249020370849,6.180806529913233,Potato
89.45476353264213,79.92480798670911,127.95296872092187,18.88895811019952,86.87557294507464,848.6275317925396,5.126624772069987,Potato
115.00346833538899,80.0491470209668,143.18519437950607,21.057608286082804,76.71180380844072,612.6207190386893,5.527741269683683,Potato
112.67710465017862,59.07215509092512,107.36531853429398,16.312365384254296,74.96938460869737,743.5599770964154,4.949868814446807,Potato
101.42368400760907,67.29782247223365,132.79755992961876,18.447441640877333,82.34866795572732,793.6766513634192,6.008669002408221,Potato
108.04515274247333,91.02994242471733,142.02948951001682,17.198492734182597,89.66968734956713,515.3751470928078,5.954960147739353,Potato
116.3733044904254,75.44290194025868,125.67253973709768,20.5512048531095,70.517829189921,583.7437015909379,5.314673356028955,Potato
96.2789833243536,74.6350727179078,112.81091838470539,18.224136974192383,74.33168935060543,601.4580396777777,5.3629574608847985,Potato
132.69092671691192,61.78309184986877,100.12222987649784,15.708359979384092,88.7161287879757,590.3585372794776,6.215505716889306,Potato
97.28927019501364,75.61952406007093,127.59987435340807,17.98509264205417,72.7275776158093,576.426502268531,5.4680489805705355,Potato
92.97395400301018,89.19019371773953,107.47292950655117,17.213521301914877,83.46619883228584,820.1170815033761,5.552750097270519,Potato
103.69230880278472,67.34545898138038,94.56253963285421,17.083944683669365,69.93631356657956,758.8993895686285,5.950368430819841,Potato
99.37343218840182,63.682747397870614,100.6966935609842,17.06232641419049,93.40326882527151,628.7431036567314,5.30948419336876,Potato
96.6102657938498,71.59979195596452,127.57024955432172,19.443541270679884,79.84026794121054,671.396079205429,5.942258379265799,Potato
118.30487926548228,72.75276351573613,102.70773797258101,16.9256239646131,90.51744398962909,734.6259896406704,5.707930167436084,Potato
117.46798317676311,84.1652154099536,140.28804097022874,19.964666345187773,75.19808685393848,528.7590621625689,5.226799064154533,Potato
102.65720967723783,59.40121539133861,106.1253247999155,21.64665001520274,73.15677934815481,467.319406522304,4.970066205423349,Potato
120.08514783515872,59.64979114118432,95.69300849743955,15.046347921764918,87.95203924823733,736.4121074906748,5.702902136094841,Potato
103.765929262427,58.12222242058136,147.99288235513168,19.08800388857865,78.0981201016904,583.7163181050777,5.639053519616156,Potato
111.88701106310192,82.9053571348307,143.36085464976563,20.195756719722585,74.56293738852533,617.07064080393,5.895336750045383,Potato
111.45569734718515,60.93150027880948,107.90659253289775,17.28236717743655,89.79012012278966,773.5771221801833,6.143374033049643,Potato
115.09633557289975,70.02008868026226,122.57098298099467,18.543187209287947,81.81089711452366,638.0464426191689,5.209236345212437,Potato
99.40541084214327,69.12054472337799,137.56584618652786,16.755205562890087,68.23604965802393,468.1656335105649,5.5441531857915,Potato
125.07883287638155,71.46430630374249,146.94316292553123,18.582399934462504,86.72261994122614,624.1718345747498,5.841697882865464,Potato
97.17820898048367,88.04637664990483,119.80628392662189,18.817837138572518,82.23281275744637,626.790549526665,6.321412125514587,Potato
93.27617450920555,74.65642514233005,101.8512762234227,22.350910908518202,80.62299620085301,738.6020080094792,5.553679013299167,Potato
108.0663030326539,76.08396960744822,113.19329389240663,18.4266433308344,69.4404146832248,750.380172754332,5.374441946438898,Potato
93.9369277080385,84.84207213043271,125.88444305568555,17.63448487012435,81.24160447474921,778.9037414113817,5.793797677873576,Potato
117.17742741076934,68.05543458316664,103.79910223546614,21.293190009394745,83.65334425918779,753.1675670890004,5.094612200802088,Potato
122.56211768802862,67.30045243914427,129.37870825784788,15.830383532725335,80.69467601633062,506.59719362596684,5.327747407020787,Potato
89.25290179135699,76.69642125021592,102.08408618312029,19.53303762769762,69.98986098549152,565.2300217388637,5.03230608903966,Potato
98.89384478364754,76.6355454256406,120.04212473601868,15.783766831876559,77.98060307054793,867.9107393459051,5.384506383943282,Potato
125.25908232827787,75.01167177602429,100.42781052549668,20.123546391871518,77.86025714813579,583.4401392152158,4.826920612105523,Potato
92.63787891500873,67.15659053136278,123.08277692455667,19.870067701817113,85.54632741852731,662.5529168726094,6.180088861935137,Potato
106.4792375845757,87.20972545503106,119.96403569581173,15.540891109846838,89.90512809406225,557.4515987147929,5.43722786924225,Potato
102.14544501814531,80.95732850554933,112.97221438618914,17.331759244368378,73.64414181996366,549.4016080043608,5.772888821612512,Potato
95.6332923758311,62.64821872871336,110.62532199826236,20.529563739813018,80.0274555807433,760.481769840972,5.692421414907405,Potato
111.33446374791863,83.83978780133157,117.33718972225437,16.502937569201293,88.73830800381526,703.0541616659748,5.785105496123961,Potato
107.47772358905311,88.85753718351167,151.72645264464825,19.71230028745172,72.87307950984678,796.0276563917588,5.675546957895427,Potato
125.19734666239374,73.81272797911802,119.66524843558499,16.31309716677442,86.6236637846877,604.2551245401634,5.498913156139226,Potato
103.44113019284922,75.92100323227021,133.53901992104954,15.916747295312831,74.2219501930803,540.288454825533,5.475259063489963,Potato
109.62058680704537,78.18766692331057,122.03103678427615,20.469980545442503,85.40922444048987,737.5590590221738,5.62911445913013,Potato
85.4172226165386,66.65167945380159,113.28230213190388,17.34728817445772,84.45763047469005,511.5014610447881,5.828079567956264,Potato
125.60047169521282,81.32855959114147,128.06712202931342,17.21836479982857,77.93701932322038,758.6780569775032,5.205007089078677,Potato
103.1511001754133,80.83783969592166,136.5688470535309,21.363119117571554,86.67467171813814,695.5576629725223,4.982833337076914,Potato
98.20004576501385,89.03900357772352,117.20370505391101,21.38184695479806,91.44391392196226,560.0431660677249,5.5270737067188875,Potato
118.39294351786255,68.01893294657233,103.58400535172659,15.491683859399247,82.59861092716841,707.6693086235682,5.3007624010436905,Potato
119.83603276600167,72.8390715218657,109.45445638202392,18.417881253736923,79.42426177528557,783.2032833992369,5.825589022476905,Potato
111.21301509545502,77.71618382328589,112.6469825018648,20.132248200549576,87.53524945373454,621.6858955002824,5.613426819982467,Potato
113.83632003610201,75.6569821052694,129.52644721050532,21.164409308369866,73.41617265386971,596.8536846068316,5.57044800968162,Potato
113.04171559632339,82.10085939888671,121.48041600957266,13.721368752916925,87.23654943496823,695.0420946038456,5.257356990625282,Potato
104.49102881989259,90.11423561534153,137.55814948861124,19.33339099020776,81.70023108447748,783.3986089615561,4.87334477568683,Potato
92.25465425278051,91.08190506447629,114.46381719128098,21.901213946925825,79.7904589244718,751.2890192443539,6.068060399363149,Potato
106.16184707986338,72.66972445822223,137.5928729996276,21.783186100060483,85.48859378474772,553.1365123452167,5.564637706704411,Potato
129.6254841854484,80.65864857821701,109.8097770708546,16.284138466120027,85.00838578146742,639.69016831961,5.967244297878201,Potato
108.86299427925748,72.74024285817097,130.4514211937862,19.44036900626602,72.50630016960024,518.5010191171478,5.793107188914529,Potato
94.70153492748638,72.9080740467423,139.4949710123623,15.150996155445537,80.87453640852388,565.9474771536691,5.458770726642611,Potato
103.52918055769857,62.95699818741025,129.3471773223083,16.714058213255115,87.27871931401124,756.0759261019119,5.780695275134956,Potato
105.92845222041933,87.98485320684931,135.7463669044318,21.037661477851927,73.77782098083817,530.2456289055331,5.361545427541979,Potato
96.77823839960946,73.13772869775477,139.29062820443312,17.698929488155404,75.57895967626776,790.485128204734,5.396139893779757,Potato
105.43097646868782,72.05709895206434,125.38709293130745,16.27423854518376,89.29702420515979,544.5501911871896,4.932298019202228,Potato
134.55540724782747,57.29951513486253,133.41996395688102,18.444663810687697,79.99476337618377,727.4269363690587,5.844130884080462,Potato
93.56115417169673,64.38853163532696,117.08102599603178,18.964031027093082,68.39016681355564,585.662804407719,5.279708411181594,Potato
106.54021948222535,70.01000242786121,126.46506751525158,20.403668475174836,89.01798464931365,559.8344831853233,4.951172843231579,Potato
114.24916827230325,63.61444145017711,140.844614826307,16.801815710332995,77.7619505046942,597.8300497256212,5.159438680572809,Potato
101.14943852487697,59.62663451356236,126.1029918073406,16.42371340684258,71.62235426817283,762.0260482548316,5.6320399670650465,Potato
96.13436638243608,69.53066829130361,146.97323537197332,18.83550385162507,84.96264213301545,658.9340054607671,6.034525191549263,Potato
86.89542795822202,77.04642715154355,134.72290445666982,14.948332579946218,82.1951254997758,584.6388736010886,5.799364679277777,Potato
135.41588278785338,73.75567058795103,115.77982236626846,20.248361996022492,87.32348184475673,617.0633491206286,5.879234354528123,Potato
117.96606624011963,80.16276726129624,116.43296356436528,19.583081271966797,78.54495830703891,772.9474613161798,5.238343225364042,Potato
122.35525483581964,73.00727341992747,122.86831394378605,16.752642392452014,78.72973620803025,723.6591084781604,5.150803538366456,Potato
123.97531538589521,83.2325813071451,137.86999807217447,16.845823990509263,70.04380402338677,586.7064192373465,5.464660939777122,Potato
107.6131963482485,62.31956686481734,108.96920203596238,14.772738589125368,72.80324366243481,708.6669761157088,5.7070649939400955,Potato
102.65872935691722,90.51109496358859,146.10553837184045,17.22191511347601,76.23457235112684,492.23419756196665,5.931102723444371,Potato
96.77747100126967,78.23142426865877,120.87549353089845,17.644663366997058,87.46328488200523,602.2375280689992,6.093806427184485,Potato
105.56749138273331,78.38506230081747,138.36443305441958,17.77504372432308,87.84708495994137,712.1072325348055,6.512129206888019,Potato
122.93676884767245,71.04246698608141,110.65603332776332,17.512078804582277,76.59981620684948,786.4033752741854,5.589288471607391,Potato
129.11765110915718,80.34664236982245,96.44715386401674,15.856476252579808,81.51123612635864,613.6029589076961,5.182325410144698,Potato
87.49756832647509,67.53234354452182,114.04338516138279,14.889604953311567,86.92227535113163,513.2928678767086,6.167265634872071,Potato
90.75660078236668,71.74028222347557,107.76424975254523,22.12005429511293,88.71902905028627,482.0890106484411,5.738828192116218,Potato
111.658837662547,81.43107799194168,143.75188062520502,17.47870054629842,71.64022299533688,684.3777623056574,5.219680079508433,Potato
106.16546264855809,67.80068291945298,102.03150932917922,16.277921264250132,78.07499517693064,707.194750918805,5.617494889495541,Potato
109.40844557710966,78.3175555427864,112.03156153288691,22.328135564851134,73.90167023417942,709.2621194655522,4.7182457333822905,Potato
118.35554556464245,79.5599280687717,135.2725921595838,16.775699962029123,83.74728186089335,584.4710207760809,4.963438904166153,Potato
109.37546880983086,74.31890647271229,138.58903300151812,21.074876973732486,90.32985297118732,718.5392108115598,5.800006277625482,Potato
129.13028126316217,67.47106646797992,119.05309913093494,16.84168980150461,82.26468923274251,592.6890791233652,5.302715570975021,Potato
98.3802112351991,75.02261827585356,111.36282329328898,21.209553198914037,74.8608802586474,648.5406662257753,5.461652218294984,Potato
93.16360976998757,77.87810897048382,122.71441690563154,19.2132084335456,76.33113216277418,708.0521672889366,5.6740659837681715,Potato
108.086393911968,86.29602571584172,119.3459397923335,15.700375735804318,80.27991502839755,797.4723581126233,5.561787875322136,Potato
128.6147622804168,81.77869390226073,121.29343744203076,18.63720357733837,87.51259694224466,581.7353793213364,5.54455120653883,Potato
104.44625255000985,77.01451648818332,148.1720952109474,14.910125564267357,73.36838982996584,634.4931707241795,5.5620394374816335,Potato
113.21108374444403,86.15791915206748,140.97171791235417,20.77699363566004,83.41268663910277,496.08029562032266,5.655789894186563,Potato
130.852734353662,76.51135601369685,121.0563537426869,13.205552970881623,72.27671217891431,511.8895933603853,5.64567368927788,Potato
114.02731409083704,67.32708327004335,129.05839344387172,19.156754319423168,76.86181263778587,577.1296215379307,5.214957863056565,Potato
116.06342405107466,84.03162895565299,113.7405012519164,17.225922025715448,85.35458490554824,595.1362582368023,5.6465895204696945,Potato
113.31725127092812,67.67744426120565,146.03611006760062,22.0525165707913,75.32356549325986,773.0784571402817,5.309417587119062,Potato
116.70279739376463,58.20744267262322,130.72485947658691,22.134721275753737,83.61885121813398,560.3565065139381,6.029703065623726,Potato
96.54452095247682,72.16285533253472,101.67010665754033,16.179367442185345,73.27727853211866,592.8818765280714,5.964674434391123,Potato
99.46325302754146,58.78130371354533,111.33529582400844,19.87438265408162,88.71455588934285,672.5207616426222,5.464417132575477,Potato
100.21655889972465,88.99608625934968,120.22638910574469,17.155565492177534,79.1475034679094,512.4055261833082,5.164249007627686,Potato
126.21421647841301,75.29457612702903,136.71852900592697,17.68653535232452,77.58919360652983,663.8752056422768,5.367234495597647,Potato
107.88465089912437,64.35564138361428,147.2749076365886,14.86580021668643,79.26021724906539,677.2486004688163,5.651573855131961,Potato
119.02485859705985,69.88366276665622,110.47664785521651,21.21898062693853,69.05032465875996,713.1012615430282,5.263122335575131,Potato
108.90756686944137,74.81978332428847,119.65878877979213,23.072922101965673,84.631737584271,680.2702158044362,6.058356273594686,Potato
89.08185525544073,66.75563522769848,125.98859727044096,16.625121791859215,80.93961059546587,757.3351416275225,4.9931954769902225,Potato
110.21755199433159,76.57609471755416,127.33714490168374,19.82527492066213,84.31855459485908,609.7798576142211,5.515125745041171,Potato
119.73847760679199,85.8064318328475,107.74923814985716,17.665337463629363,83.29384675975861,823.0343494475642,5.1893387485836575,Potato
124.2436562739304,83.88259547646832,121.02485282441259,14.608029990552184,85.60815150854371,712.1855872988556,4.985501592306377,Potato
